{
	"credit": "Made by TheWaschtlPlays using Blockbench",
	"ambientocclusion": false,
	"textures": {
		"1": "jungle_door/jungle_door_side_0",
		"2": "jungle_door/jungle_door_side_1",
		"particle": "jungle_door/jungle_door_top_clean",
		"top": "jungle_door/jungle_door_top_clean"
	},
	"elements": [
		{
			"name": "Cube",
			"from": [0, 0, 0],
			"to": [3, 4, 16],
			"faces": {
				"north": {"uv": [3, 12, 0, 16], "texture": "#2", "cullface": "north"},
				"east": {"uv": [16, 12, 0, 16], "texture": "#top"},
				"south": {"uv": [6, 12, 3, 16], "texture": "#2", "cullface": "south"},
				"west": {"uv": [0, 12, 16, 16], "texture": "#top", "cullface": "west"},
				"up": {"uv": [0, 0, 3, 16], "texture": "#top"}
			}
		},
		{
			"name": "Cube",
			"from": [0, 13, 0],
			"to": [3, 16, 16],
			"faces": {
				"north": {"uv": [3, 0, 0, 3], "texture": "#2", "cullface": "north"},
				"east": {"uv": [16, 0, 0, 3], "texture": "#top"},
				"south": {"uv": [6, 0, 3, 3], "texture": "#2", "cullface": "south"},
				"west": {"uv": [0, 0, 16, 3], "texture": "#top", "cullface": "west"},
				"up": {"uv": [0, 0, 16, 3], "rotation": 90, "texture": "#1", "cullface": "up"},
				"down": {"uv": [1, 0, 4, 16], "texture": "#top"}
			}
		},
		{
			"name": "Cube",
			"from": [0, 4, 0],
			"to": [3, 13, 4],
			"faces": {
				"north": {"uv": [3, 3, 0, 12], "texture": "#2", "cullface": "north"},
				"east": {"uv": [4, 3, 0, 12], "texture": "#top"},
				"south": {"uv": [3, 3, 6, 12], "texture": "#2"},
				"west": {"uv": [0, 3, 4, 12], "texture": "#top", "cullface": "west"}
			}
		},
		{
			"name": "Cube",
			"from": [0, 4, 12],
			"to": [3, 13, 16],
			"faces": {
				"north": {"uv": [3, 3, 6, 12], "texture": "#2"},
				"east": {"uv": [16, 3, 12, 12], "texture": "#top"},
				"south": {"uv": [6, 3, 3, 12], "texture": "#2", "cullface": "south"},
				"west": {"uv": [12, 3, 16, 12], "texture": "#top", "cullface": "west"}
			}
		},
		{
			"name": "Cube",
			"from": [0, 4, 4],
			"to": [3, 8, 6],
			"faces": {
				"east": {"uv": [6, 8, 4, 12], "texture": "#top"},
				"south": {"uv": [0, 0, 3, 4], "texture": "#top"},
				"west": {"uv": [4, 8, 6, 12], "texture": "#top", "cullface": "west"},
				"up": {"uv": [4, 0, 6, 3], "rotation": 90, "texture": "#1"}
			}
		},
		{
			"name": "Cube",
			"from": [0, 4, 10],
			"to": [3, 8, 12],
			"faces": {
				"north": {"uv": [0, 0, 3, 4], "texture": "#top"},
				"east": {"uv": [12, 8, 10, 12], "texture": "#top"},
				"west": {"uv": [10, 8, 12, 12], "texture": "#top", "cullface": "west"},
				"up": {"uv": [10, 0, 12, 3], "rotation": 90, "texture": "#1"}
			}
		},
		{
			"name": "Cube",
			"from": [0, 6, 6],
			"to": [3, 8, 10],
			"faces": {
				"east": {"uv": [10, 8, 6, 10], "texture": "#top"},
				"west": {"uv": [6, 8, 10, 10], "texture": "#top", "cullface": "west"},
				"up": {"uv": [6, 0, 10, 3], "rotation": 90, "texture": "#1"},
				"down": {"uv": [0, 0, 3, 4], "texture": "#top"}
			}
		},
		{
			"name": "Cube",
			"from": [0, 4, 6],
			"to": [3, 5, 7],
			"faces": {
				"east": {"uv": [6, 11, 7, 12], "texture": "#top"},
				"south": {"uv": [0, 0, 3, 1], "texture": "#top"},
				"west": {"uv": [6, 11, 7, 12], "texture": "#top", "cullface": "west"},
				"up": {"uv": [0, 0, 3, 1], "texture": "#top"}
			}
		},
		{
			"name": "Cube",
			"from": [0, 4, 9],
			"to": [3, 5, 10],
			"faces": {
				"north": {"uv": [0, 0, 3, 1], "texture": "#top"},
				"east": {"uv": [9, 11, 10, 12], "texture": "#top"},
				"west": {"uv": [9, 11, 10, 12], "texture": "#top", "cullface": "west"},
				"up": {"uv": [0, 0, 3, 1], "texture": "#top"}
			}
		},
		{
			"name": "Cube",
			"from": [0, 12, 4],
			"to": [3, 13, 7],
			"faces": {
				"east": {"uv": [7, 3, 4, 4], "texture": "#top"},
				"south": {"uv": [7, 9, 10, 10], "texture": "#top"},
				"west": {"uv": [4, 3, 7, 4], "texture": "#top", "cullface": "west"},
				"down": {"uv": [0, 0, 4, 3], "texture": "#top"}
			}
		},
		{
			"name": "Cube",
			"from": [0, 12, 9],
			"to": [3, 13, 12],
			"faces": {
				"north": {"uv": [7, 9, 10, 10], "texture": "#top"},
				"east": {"uv": [12, 3, 9, 4], "texture": "#top"},
				"west": {"uv": [9, 3, 12, 4], "texture": "#top", "cullface": "west"},
				"down": {"uv": [0, 0, 3, 3], "texture": "#top"}
			}
		},
		{
			"name": "Cube",
			"from": [0, 11, 11],
			"to": [3, 12, 12],
			"faces": {
				"north": {"uv": [7, 9, 10, 10], "texture": "#top"},
				"east": {"uv": [11, 4, 12, 5], "texture": "#top"},
				"west": {"uv": [11, 4, 12, 5], "texture": "#top", "cullface": "west"},
				"down": {"uv": [0, 0, 3, 1], "texture": "#top"}
			}
		},
		{
			"name": "Cube",
			"from": [0, 11, 4],
			"to": [3, 12, 5],
			"faces": {
				"east": {"uv": [4, 4, 5, 5], "texture": "#top"},
				"south": {"uv": [7, 9, 10, 10], "texture": "#top"},
				"west": {"uv": [4, 4, 5, 5], "texture": "#top", "cullface": "west"},
				"down": {"uv": [0, 0, 3, 1], "texture": "#top"}
			}
		},
		{
			"name": "Gate",
			"from": [0.5, 8, 6],
			"to": [2.5, 12, 7],
			"faces": {
				"north": {"uv": [1, 4, 3, 8], "texture": "#top"},
				"east": {"uv": [9, 4, 10, 8], "texture": "#top"},
				"south": {"uv": [1, 4, 3, 8], "texture": "#top"},
				"west": {"uv": [6, 4, 7, 8], "texture": "#top", "cullface": "west"}
			}
		},
		{
			"name": "Gate",
			"from": [0.5, 8, 9],
			"to": [2.5, 12, 10],
			"faces": {
				"north": {"uv": [13, 4, 15, 8], "texture": "#top"},
				"east": {"uv": [6, 4, 7, 8], "texture": "#top"},
				"south": {"uv": [13, 4, 15, 8], "texture": "#top"},
				"west": {"uv": [9, 4, 10, 8], "texture": "#top", "cullface": "west"}
			}
		},
		{
			"from": [-0.75, 0, 11],
			"to": [-0.25, 1, 12],
			"rotation": {"angle": 0, "axis": "y", "origin": [7.25, 8, 19]},
			"faces": {
				"north": {"uv": [13, 15, 14, 16], "texture": "#1", "cullface": "west"},
				"east": {"uv": [13, 15, 14, 16], "texture": "#1", "cullface": "west"},
				"south": {"uv": [13, 15, 14, 16], "texture": "#1", "cullface": "west"},
				"west": {"uv": [13, 15, 14, 16], "texture": "#1", "cullface": "west"},
				"up": {"uv": [6, 4, 6, 4], "texture": "#1"},
				"down": {"uv": [13, 15, 14, 16], "texture": "#1", "cullface": "west"}
			}
		},
		{
			"from": [-0.75, 1, 11],
			"to": [-0.25, 2, 14],
			"rotation": {"angle": 0, "axis": "y", "origin": [7.25, 9, 21]},
			"faces": {
				"north": {"uv": [13, 14, 13.5, 15], "texture": "#1", "cullface": "west"},
				"east": {"uv": [16, 14, 13, 15], "texture": "#1", "cullface": "west"},
				"south": {"uv": [15, 14, 15.5, 15], "texture": "#1", "cullface": "west"},
				"west": {"uv": [13, 14, 16, 15], "texture": "#1", "cullface": "west"},
				"up": {"uv": [13, 14, 16, 14.5], "rotation": 90, "texture": "#1", "cullface": "west"},
				"down": {"uv": [13, 14, 16, 14.5], "rotation": 270, "texture": "#1", "cullface": "west"}
			}
		},
		{
			"from": [3.25, 0, 11],
			"to": [3.75, 1, 12],
			"rotation": {"angle": 0, "axis": "y", "origin": [11.25, 8, 19]},
			"faces": {
				"north": {"uv": [13, 15, 14, 16], "texture": "#1"},
				"east": {"uv": [13, 15, 14, 16], "texture": "#1"},
				"south": {"uv": [13, 15, 14, 16], "texture": "#1"},
				"west": {"uv": [13, 15, 14, 16], "texture": "#1"},
				"up": {"uv": [6, 4, 6, 4], "texture": "#1"},
				"down": {"uv": [13, 15, 14, 16], "texture": "#1"}
			}
		},
		{
			"from": [3.25, 1, 11],
			"to": [3.75, 2, 14],
			"rotation": {"angle": 0, "axis": "y", "origin": [11.25, 9, 21]},
			"faces": {
				"north": {"uv": [13, 14, 13.5, 15], "texture": "#1"},
				"east": {"uv": [16, 14, 13, 15], "texture": "#1"},
				"south": {"uv": [15, 14, 15.5, 15], "texture": "#1"},
				"west": {"uv": [13, 14, 16, 15], "texture": "#1"},
				"up": {"uv": [13, 14, 16, 14.5], "rotation": 90, "texture": "#1"},
				"down": {"uv": [13, 14, 16, 14.5], "rotation": 270, "texture": "#1"}
			}
		},
		{
			"from": [-0.25, 1.25, 13.25],
			"to": [3.25, 1.75, 13.75],
			"rotation": {"angle": 0, "axis": "y", "origin": [7.75, 9, 21]},
			"faces": {
				"north": {"uv": [14, 14, 14.5, 14.5], "texture": "#1"},
				"east": {"uv": [6, 4, 6, 4], "texture": "#1"},
				"south": {"uv": [14, 14, 14.5, 14.5], "texture": "#1"},
				"west": {"uv": [6, 4, 6, 4], "texture": "#1"},
				"up": {"uv": [14, 14, 14.5, 14.5], "texture": "#1"},
				"down": {"uv": [14, 14, 14.5, 14.5], "texture": "#1"}
			}
		},
		{
			"name": "Hinge",
			"from": [-0.25, 9.75, -0.25],
			"to": [3.25, 12.25, 1],
			"rotation": {"angle": 0, "axis": "y", "origin": [7.75, 17.75, 8]},
			"faces": {
				"north": {"uv": [0, 4, 1, 6], "texture": "#top"},
				"east": {"uv": [0, 4, 1, 6], "texture": "#top"},
				"south": {"uv": [0, 4, 1, 6], "texture": "#top"},
				"west": {"uv": [0, 4, 1, 6], "texture": "#top"},
				"up": {"uv": [0, 4, 1, 5], "texture": "#top"},
				"down": {"uv": [0, 5, 1, 6], "texture": "#top"}
			}
		}
	],
	"groups": [
		{
			"name": "Door",
			"origin": [8, 8, 8],
			"color": 0,
			"children": [0, 1, 2, 3, 4, 5, 6, 7, 8, 9, 10, 11, 12, 13, 14]
		},
		{
			"name": "Handle",
			"origin": [8, 8, 8],
			"color": 0,
			"children": [
				{
					"name": "HandleW",
					"origin": [7.25, 9, 21],
					"color": 0,
					"children": [15, 16]
				},
				{
					"name": "HandleE",
					"origin": [7.25, 9, 21],
					"color": 0,
					"children": [17, 18]
				},
				19
			]
		},
		20
	]
}