{
	"comment": "Nautilus3D_V1.9_[MC-1.13+]",
	"variants": {
		"facing=north,half=bottom,open=false": { "model": "crimson_trapdoor/crimson_trapdoor_bottom" },
		"facing=south,half=bottom,open=false": { "model": "crimson_trapdoor/crimson_trapdoor_bottom", "y": 180 },
		"facing=east,half=bottom,open=false": { "model": "crimson_trapdoor/crimson_trapdoor_bottom", "y": 90 },
		"facing=west,half=bottom,open=false": { "model": "crimson_trapdoor/crimson_trapdoor_bottom", "y": 270 },
		"facing=north,half=top,open=false": { "model": "crimson_trapdoor/crimson_trapdoor_top" },
		"facing=south,half=top,open=false": { "model": "crimson_trapdoor/crimson_trapdoor_top", "y": 180 },
		"facing=east,half=top,open=false": { "model": "crimson_trapdoor/crimson_trapdoor_top", "y": 90 },
		"facing=west,half=top,open=false": { "model": "crimson_trapdoor/crimson_trapdoor_top", "y": 270 },
		"facing=north,half=bottom,open=true": { "model": "crimson_trapdoor/crimson_trapdoor_top", "x": -90 },
		"facing=south,half=bottom,open=true": { "model": "crimson_trapdoor/crimson_trapdoor_top", "x": -90 , "y": 180 },
		"facing=east,half=bottom,open=true": { "model": "crimson_trapdoor/crimson_trapdoor_top", "x": -90 , "y": 90 },
		"facing=west,half=bottom,open=true": { "model": "crimson_trapdoor/crimson_trapdoor_top", "x": -90 , "y": 270 },
		"facing=north,half=top,open=true": { "model": "crimson_trapdoor/crimson_trapdoor_bottom", "x": 90 },
		"facing=south,half=top,open=true": { "model": "crimson_trapdoor/crimson_trapdoor_bottom", "x": 90 , "y": 180 },
		"facing=east,half=top,open=true": { "model": "crimson_trapdoor/crimson_trapdoor_bottom", "x": 90 , "y": 90 },
		"facing=west,half=top,open=true": { "model": "crimson_trapdoor/crimson_trapdoor_bottom", "x": 90 , "y": 270 }
	}
}