{
    "comment": "3D Default 1.20+ v1.10.2",
    "variants":  {
        "facing=north,half=bottom,open=false": { "model": "warped_trapdoor/warped_trapdoor_bottom" },
        "facing=south,half=bottom,open=false": { "model": "warped_trapdoor/warped_trapdoor_bottom", "y": 180 },
        "facing=east,half=bottom,open=false": { "model": "warped_trapdoor/warped_trapdoor_bottom", "y": 90 },
        "facing=west,half=bottom,open=false": { "model": "warped_trapdoor/warped_trapdoor_bottom", "y": 270 },
        "facing=north,half=top,open=false": { "model": "warped_trapdoor/warped_trapdoor_top" },
        "facing=south,half=top,open=false": { "model": "warped_trapdoor/warped_trapdoor_top", "y": 180 },
        "facing=east,half=top,open=false": { "model": "warped_trapdoor/warped_trapdoor_top", "y": 90 },
        "facing=west,half=top,open=false": { "model": "warped_trapdoor/warped_trapdoor_top", "y": 270 },
        "facing=north,half=bottom,open=true": { "model": "warped_trapdoor/warped_trapdoor_open" },
        "facing=south,half=bottom,open=true": { "model": "warped_trapdoor/warped_trapdoor_open", "y": 180 },
        "facing=east,half=bottom,open=true": { "model": "warped_trapdoor/warped_trapdoor_open", "y": 90 },
        "facing=west,half=bottom,open=true": { "model": "warped_trapdoor/warped_trapdoor_open", "y": 270 },
        "facing=north,half=top,open=true": { "model": "warped_trapdoor/warped_trapdoor_top_open", "x": 180, "y": 180 },
        "facing=south,half=top,open=true": { "model": "warped_trapdoor/warped_trapdoor_top_open", "x": 180, "y": 0 },
        "facing=east,half=top,open=true": { "model": "warped_trapdoor/warped_trapdoor_top_open", "x": 180, "y": 270 },
        "facing=west,half=top,open=true": { "model": "warped_trapdoor/warped_trapdoor_top_open", "x": 180, "y": 90 }
    }
}
