{
	"credit": "Made with Blockbench",
	"textures": {
		"front": "block/blast_furnace/blast_furnace_front",
		"particle": "block/blast_furnace/blast_furnace_front_on",
		"front_on": "block/blast_furnace/blast_furnace_front_on",
		"side": "block/blast_furnace/blast_furnace_side",
		"top": "block/blast_furnace/blast_furnace_top"
	},
	"elements": [
		{
			"name": "frame_nw",
			"from": [0, 0, 0],
			"to": [1, 16, 1],
			"faces": {
				"north": {"uv": [15, 0, 16, 16], "texture": "#front", "cullface": "north"},
				"east": {"uv": [15, 0, 16, 16], "texture": "#front", "cullface": "north"},
				"south": {"uv": [0, 0, 1, 16], "texture": "#side", "cullface": "west"},
				"west": {"uv": [0, 0, 1, 16], "texture": "#side", "cullface": "west"},
				"up": {"uv": [0, 0, 1, 1], "texture": "#top", "cullface": "up"},
				"down": {"uv": [0, 0, 1, 1], "texture": "#top", "cullface": "down"}
			}
		},
		{
			"name": "frame_ne",
			"from": [15, 0, 0],
			"to": [16, 16, 1],
			"rotation": {"angle": 0, "axis": "y", "origin": [15, 0, 0]},
			"faces": {
				"north": {"uv": [0, 0, 1, 16], "texture": "#front", "cullface": "north"},
				"east": {"uv": [15, 0, 16, 16], "texture": "#side", "cullface": "east"},
				"south": {"uv": [15, 0, 16, 16], "texture": "#side", "cullface": "east"},
				"west": {"uv": [0, 0, 1, 16], "texture": "#front", "cullface": "north"},
				"up": {"uv": [15, 0, 16, 1], "texture": "#top", "cullface": "up"},
				"down": {"uv": [15, 0, 16, 1], "texture": "#top", "cullface": "down"}
			}
		},
		{
			"name": "frame_sw",
			"from": [0, 0, 15],
			"to": [1, 16, 16],
			"rotation": {"angle": 0, "axis": "y", "origin": [0, 0, 15]},
			"faces": {
				"north": {"uv": [15, 0, 16, 16], "texture": "#side", "cullface": "west"},
				"east": {"uv": [0, 0, 1, 16], "texture": "#side", "cullface": "south"},
				"south": {"uv": [0, 0, 1, 16], "texture": "#side", "cullface": "south"},
				"west": {"uv": [15, 0, 16, 16], "texture": "#side", "cullface": "west"},
				"up": {"uv": [0, 15, 1, 16], "texture": "#top", "cullface": "up"},
				"down": {"uv": [0, 15, 1, 16], "texture": "#top", "cullface": "down"}
			}
		},
		{
			"name": "frame_se",
			"from": [15, 0, 15],
			"to": [16, 16, 16],
			"rotation": {"angle": 0, "axis": "y", "origin": [15, 0, 15]},
			"faces": {
				"north": {"uv": [0, 0, 1, 16], "texture": "#side", "cullface": "east"},
				"east": {"uv": [0, 0, 1, 16], "texture": "#side", "cullface": "east"},
				"south": {"uv": [15, 0, 16, 16], "texture": "#side", "cullface": "south"},
				"west": {"uv": [15, 0, 16, 16], "texture": "#side", "cullface": "south"},
				"up": {"uv": [15, 15, 16, 16], "texture": "#top", "cullface": "up"},
				"down": {"uv": [15, 15, 16, 16], "texture": "#top", "cullface": "down"}
			}
		},
		{
			"name": "frame_north_top",
			"from": [1, 15, 0],
			"to": [15, 16, 1],
			"rotation": {"angle": 0, "axis": "y", "origin": [0, 15, 0]},
			"faces": {
				"north": {"uv": [1, 0, 15, 1], "texture": "#front", "cullface": "north"},
				"south": {"uv": [1, 0, 15, 1], "texture": "#top", "cullface": "up"},
				"up": {"uv": [1, 0, 15, 1], "texture": "#top", "cullface": "up"},
				"down": {"uv": [1, 0, 15, 1], "rotation": 180, "texture": "#front", "cullface": "north"}
			}
		},
		{
			"name": "frame_north_1",
			"from": [12, 13, 0],
			"to": [13, 15, 0.5],
			"rotation": {"angle": 0, "axis": "y", "origin": [11, 13, 0]},
			"faces": {
				"north": {"uv": [3, 1, 4, 3], "texture": "#front", "cullface": "north"},
				"east": {"uv": [3, 1, 4, 3], "texture": "#front", "cullface": "north"},
				"west": {"uv": [3, 1, 4, 3], "texture": "#front", "cullface": "north"}
			}
		},
		{
			"name": "frame_north_2",
			"from": [3, 13, 0],
			"to": [4, 15, 0.5],
			"rotation": {"angle": 0, "axis": "y", "origin": [2, 13, 0]},
			"faces": {
				"north": {"uv": [12, 1, 13, 3], "texture": "#front", "cullface": "north"},
				"east": {"uv": [12, 1, 13, 3], "texture": "#front", "cullface": "north"},
				"west": {"uv": [12, 1, 13, 3], "texture": "#front", "cullface": "north"}
			}
		},
		{
			"name": "frame_north_3",
			"from": [12, 12, 0],
			"to": [15, 13, 0.5],
			"rotation": {"angle": 0, "axis": "y", "origin": [12, 12, 0]},
			"faces": {
				"north": {"uv": [1, 3, 4, 4], "texture": "#front", "cullface": "north"},
				"west": {"uv": [3, 3, 4, 4], "texture": "#front", "cullface": "north"},
				"up": {"uv": [1, 3, 4, 4], "rotation": 180, "texture": "#front", "cullface": "north"},
				"down": {"uv": [1, 3, 4, 4], "rotation": 180, "texture": "#front", "cullface": "north"}
			}
		},
		{
			"name": "frame_north_4",
			"from": [1, 12, 0],
			"to": [4, 13, 0.5],
			"rotation": {"angle": 0, "axis": "y", "origin": [1, 12, 0]},
			"faces": {
				"north": {"uv": [12, 3, 15, 4], "texture": "#front", "cullface": "north"},
				"east": {"uv": [12, 3, 13, 4], "texture": "#front", "cullface": "north"},
				"up": {"uv": [12, 3, 15, 4], "rotation": 180, "texture": "#front", "cullface": "north"},
				"down": {"uv": [12, 3, 15, 4], "rotation": 180, "texture": "#front", "cullface": "north"}
			}
		},
		{
			"name": "frame_north_bottom",
			"from": [1, 0, 0],
			"to": [15, 1, 1],
			"faces": {
				"north": {"uv": [1, 15, 15, 16], "texture": "#front", "cullface": "north"},
				"south": {"uv": [1, 0, 15, 1], "texture": "#top", "cullface": "down"},
				"up": {"uv": [1, 15, 15, 16], "texture": "#front", "cullface": "north"},
				"down": {"uv": [1, 0, 15, 1], "texture": "#top", "cullface": "down"}
			}
		},
		{
			"name": "frame_east_top",
			"from": [15, 15, 1],
			"to": [16, 16, 15],
			"rotation": {"angle": 0, "axis": "y", "origin": [15, 14, 1]},
			"faces": {
				"east": {"uv": [1, 0, 15, 1], "texture": "#side", "cullface": "east"},
				"west": {"uv": [15, 1, 16, 15], "rotation": 270, "texture": "#top", "cullface": "up"},
				"up": {"uv": [15, 1, 16, 15], "texture": "#top", "cullface": "up"},
				"down": {"uv": [1, 0, 15, 1], "rotation": 90, "texture": "#side", "cullface": "east"}
			}
		},
		{
			"name": "frame_east_1",
			"from": [15.5, 13, 12],
			"to": [16, 15, 13],
			"rotation": {"angle": 0, "axis": "y", "origin": [16, 13, 10]},
			"faces": {
				"north": {"uv": [3, 1, 4, 3], "texture": "#side", "cullface": "east"},
				"east": {"uv": [3, 1, 4, 3], "texture": "#side", "cullface": "east"},
				"south": {"uv": [3, 1, 4, 3], "texture": "#side", "cullface": "east"}
			}
		},
		{
			"name": "frame_east_2",
			"from": [15.5, 13, 3],
			"to": [16, 15, 4],
			"rotation": {"angle": 0, "axis": "y", "origin": [16, 13, 1]},
			"faces": {
				"north": {"uv": [12, 1, 13, 3], "texture": "#side", "cullface": "east"},
				"east": {"uv": [12, 1, 13, 3], "texture": "#side", "cullface": "east"},
				"south": {"uv": [12, 1, 13, 3], "texture": "#side", "cullface": "east"}
			}
		},
		{
			"name": "frame_east_3",
			"from": [15.5, 12, 12],
			"to": [16, 13, 15],
			"rotation": {"angle": 0, "axis": "y", "origin": [16, 12, 12]},
			"faces": {
				"north": {"uv": [3, 3, 4, 4], "texture": "#side", "cullface": "east"},
				"east": {"uv": [1, 3, 4, 4], "texture": "#side", "cullface": "east"},
				"up": {"uv": [1, 3, 4, 4], "rotation": 270, "texture": "#side", "cullface": "east"},
				"down": {"uv": [1, 3, 4, 4], "rotation": 90, "texture": "#side", "cullface": "east"}
			}
		},
		{
			"name": "frame_east_4",
			"from": [15.5, 12, 1],
			"to": [16, 13, 4],
			"rotation": {"angle": 0, "axis": "y", "origin": [16, 12, 1]},
			"faces": {
				"east": {"uv": [12, 3, 15, 4], "texture": "#side", "cullface": "east"},
				"south": {"uv": [12, 3, 13, 4], "texture": "#side", "cullface": "east"},
				"up": {"uv": [12, 3, 15, 4], "rotation": 270, "texture": "#side", "cullface": "east"},
				"down": {"uv": [12, 3, 15, 4], "rotation": 90, "texture": "#side", "cullface": "east"}
			}
		},
		{
			"name": "frame_east_bottom",
			"from": [15, 0, 1],
			"to": [16, 1, 15],
			"rotation": {"angle": 0, "axis": "y", "origin": [15, -1, 1]},
			"faces": {
				"east": {"uv": [1, 15, 15, 16], "texture": "#side", "cullface": "east"},
				"west": {"uv": [15, 1, 16, 15], "rotation": 270, "texture": "#top", "cullface": "down"},
				"up": {"uv": [1, 15, 15, 16], "rotation": 270, "texture": "#side", "cullface": "east"},
				"down": {"uv": [15, 1, 16, 15], "rotation": 180, "texture": "#top", "cullface": "down"}
			}
		},
		{
			"name": "frame_south_top",
			"from": [1, 15, 15],
			"to": [15, 16, 16],
			"rotation": {"angle": 0, "axis": "y", "origin": [0, 15, 15]},
			"faces": {
				"north": {"uv": [1, 15, 15, 16], "rotation": 180, "texture": "#top", "cullface": "up"},
				"south": {"uv": [1, 0, 15, 1], "texture": "#side", "cullface": "south"},
				"up": {"uv": [1, 15, 15, 16], "texture": "#top", "cullface": "up"},
				"down": {"uv": [1, 0, 15, 1], "texture": "#side", "cullface": "south"}
			}
		},
		{
			"name": "frame_south_1",
			"from": [3, 13, 15.5],
			"to": [4, 15, 16],
			"rotation": {"angle": 0, "axis": "y", "origin": [2, 13, 16]},
			"faces": {
				"east": {"uv": [3, 1, 4, 3], "texture": "#front", "cullface": "south"},
				"south": {"uv": [3, 1, 4, 3], "texture": "#side", "cullface": "south"},
				"west": {"uv": [3, 1, 4, 3], "texture": "#front", "cullface": "south"}
			}
		},
		{
			"name": "frame_south_2",
			"from": [12, 13, 15.5],
			"to": [13, 15, 16],
			"rotation": {"angle": 0, "axis": "y", "origin": [11, 13, 16]},
			"faces": {
				"east": {"uv": [12, 1, 13, 3], "texture": "#side", "cullface": "south"},
				"south": {"uv": [12, 1, 13, 3], "texture": "#side", "cullface": "south"},
				"west": {"uv": [12, 1, 13, 3], "texture": "#side", "cullface": "south"}
			}
		},
		{
			"name": "frame_south_3",
			"from": [1, 12, 15.5],
			"to": [4, 13, 16],
			"rotation": {"angle": 0, "axis": "y", "origin": [1, 12, 16]},
			"faces": {
				"east": {"uv": [3, 3, 4, 4], "texture": "#side", "cullface": "south"},
				"south": {"uv": [1, 3, 4, 4], "texture": "#side", "cullface": "south"},
				"up": {"uv": [1, 3, 4, 4], "texture": "#side", "cullface": "south"},
				"down": {"uv": [1, 3, 4, 4], "texture": "#side", "cullface": "south"}
			}
		},
		{
			"name": "frame_south_4",
			"from": [12, 12, 15.5],
			"to": [15, 13, 16],
			"rotation": {"angle": 0, "axis": "y", "origin": [12, 12, 16]},
			"faces": {
				"south": {"uv": [12, 3, 15, 4], "texture": "#side", "cullface": "south"},
				"west": {"uv": [12, 3, 13, 4], "texture": "#side", "cullface": "south"},
				"up": {"uv": [12, 3, 15, 4], "texture": "#side", "cullface": "south"},
				"down": {"uv": [12, 3, 15, 4], "texture": "#side", "cullface": "south"}
			}
		},
		{
			"name": "frame_south_bottom",
			"from": [1, 0, 15],
			"to": [15, 1, 16],
			"rotation": {"angle": 0, "axis": "y", "origin": [0, 0, 15]},
			"faces": {
				"north": {"uv": [1, 15, 15, 16], "texture": "#top", "cullface": "down"},
				"south": {"uv": [1, 15, 15, 16], "texture": "#side", "cullface": "south"},
				"up": {"uv": [1, 15, 15, 16], "texture": "#side", "cullface": "south"},
				"down": {"uv": [1, 15, 15, 16], "texture": "#top", "cullface": "down"}
			}
		},
		{
			"name": "frame_west_top",
			"from": [0, 15, 1],
			"to": [1, 16, 15],
			"rotation": {"angle": 0, "axis": "y", "origin": [0, 14, 1]},
			"faces": {
				"east": {"uv": [0, 1, 1, 15], "rotation": 90, "texture": "#top", "cullface": "up"},
				"west": {"uv": [1, 0, 15, 1], "texture": "#side", "cullface": "west"},
				"up": {"uv": [0, 1, 1, 15], "texture": "#top", "cullface": "up"},
				"down": {"uv": [1, 0, 15, 1], "rotation": 270, "texture": "#side", "cullface": "west"}
			}
		},
		{
			"name": "frame_west_1",
			"from": [0, 13, 3],
			"to": [0.5, 15, 4],
			"rotation": {"angle": 0, "axis": "y", "origin": [0, 13, 1]},
			"faces": {
				"north": {"uv": [3, 1, 4, 3], "texture": "#side", "cullface": "west"},
				"south": {"uv": [3, 1, 4, 3], "texture": "#side", "cullface": "west"},
				"west": {"uv": [3, 1, 4, 3], "texture": "#side", "cullface": "west"}
			}
		},
		{
			"name": "frame_west_2",
			"from": [0, 13, 12],
			"to": [0.5, 15, 13],
			"rotation": {"angle": 0, "axis": "y", "origin": [0, 13, 10]},
			"faces": {
				"north": {"uv": [12, 1, 13, 3], "texture": "#side", "cullface": "west"},
				"south": {"uv": [12, 1, 13, 3], "texture": "#side", "cullface": "west"},
				"west": {"uv": [12, 1, 13, 3], "texture": "#side", "cullface": "west"}
			}
		},
		{
			"name": "frame_west_3",
			"from": [0, 12, 1],
			"to": [0.5, 13, 4],
			"rotation": {"angle": 0, "axis": "y", "origin": [0, 12, 1]},
			"faces": {
				"south": {"uv": [3, 3, 4, 4], "texture": "#side", "cullface": "west"},
				"west": {"uv": [1, 3, 4, 4], "texture": "#side", "cullface": "west"},
				"up": {"uv": [1, 3, 4, 4], "rotation": 90, "texture": "#side", "cullface": "west"},
				"down": {"uv": [1, 3, 4, 4], "rotation": 270, "texture": "#side", "cullface": "west"}
			}
		},
		{
			"name": "frame_west_4",
			"from": [0, 12, 12],
			"to": [0.5, 13, 15],
			"rotation": {"angle": 0, "axis": "y", "origin": [0, 12, 12]},
			"faces": {
				"north": {"uv": [12, 3, 13, 4], "texture": "#side", "cullface": "west"},
				"west": {"uv": [12, 3, 15, 4], "texture": "#side", "cullface": "west"},
				"up": {"uv": [12, 3, 15, 4], "rotation": 90, "texture": "#side", "cullface": "west"},
				"down": {"uv": [12, 3, 15, 4], "rotation": 270, "texture": "#side", "cullface": "west"}
			}
		},
		{
			"name": "frame_west_bottom",
			"from": [0, 0, 1],
			"to": [1, 1, 15],
			"rotation": {"angle": 0, "axis": "y", "origin": [0, -1, 1]},
			"faces": {
				"east": {"uv": [0, 1, 1, 15], "rotation": 90, "texture": "#top", "cullface": "down"},
				"west": {"uv": [1, 15, 15, 16], "texture": "#side", "cullface": "west"},
				"up": {"uv": [1, 15, 15, 16], "rotation": 90, "texture": "#side", "cullface": "west"},
				"down": {"uv": [0, 1, 1, 15], "rotation": 180, "texture": "#top", "cullface": "down"}
			}
		},
		{
			"name": "frame_top_nw",
			"from": [1, 15.5, 1],
			"to": [2, 16, 2],
			"rotation": {"angle": 0, "axis": "y", "origin": [1, 16, 1]},
			"faces": {
				"east": {"uv": [1, 1, 2, 2], "texture": "#top", "cullface": "up"},
				"south": {"uv": [1, 1, 2, 2], "texture": "#top", "cullface": "up"},
				"up": {"uv": [1, 1, 2, 2], "texture": "#top", "cullface": "up"}
			}
		},
		{
			"name": "frame_top_ne",
			"from": [14, 15.5, 1],
			"to": [15, 16, 2],
			"rotation": {"angle": 0, "axis": "y", "origin": [14, 16, 1]},
			"faces": {
				"south": {"uv": [14, 1, 15, 2], "texture": "#top", "cullface": "up"},
				"west": {"uv": [14, 1, 15, 2], "texture": "#top", "cullface": "up"},
				"up": {"uv": [14, 1, 15, 2], "texture": "#top", "cullface": "up"}
			}
		},
		{
			"name": "frame_top_sw",
			"from": [1, 15.5, 14],
			"to": [2, 16, 15],
			"rotation": {"angle": 0, "axis": "y", "origin": [1, 16, 14]},
			"faces": {
				"north": {"uv": [1, 14, 2, 15], "texture": "#top", "cullface": "up"},
				"east": {"uv": [1, 14, 2, 15], "texture": "#top", "cullface": "up"},
				"up": {"uv": [1, 14, 2, 15], "texture": "#top", "cullface": "up"}
			}
		},
		{
			"name": "frame_top_se",
			"from": [14, 15.5, 14],
			"to": [15, 16, 15],
			"rotation": {"angle": 0, "axis": "y", "origin": [14, 16, 14]},
			"faces": {
				"north": {"uv": [14, 14, 15, 15], "texture": "#top", "cullface": "up"},
				"west": {"uv": [14, 14, 15, 15], "texture": "#top", "cullface": "up"},
				"up": {"uv": [14, 14, 15, 15], "texture": "#top", "cullface": "up"}
			}
		},
		{
			"name": "frame_bottom_nw",
			"from": [1, 0, 1],
			"to": [2, 0.5, 2],
			"rotation": {"angle": 0, "axis": "y", "origin": [1, 0, 1]},
			"faces": {
				"east": {"uv": [1, 1, 2, 2], "texture": "#top", "cullface": "down"},
				"south": {"uv": [1, 1, 2, 2], "texture": "#top", "cullface": "down"},
				"down": {"uv": [1, 1, 2, 2], "texture": "#top", "cullface": "down"}
			}
		},
		{
			"name": "frame_bottom_ne",
			"from": [14, 0, 1],
			"to": [15, 0.5, 2],
			"rotation": {"angle": 0, "axis": "y", "origin": [14, 0, 1]},
			"faces": {
				"south": {"uv": [14, 1, 15, 2], "texture": "#top", "cullface": "down"},
				"west": {"uv": [14, 1, 15, 2], "texture": "#top", "cullface": "down"},
				"down": {"uv": [14, 1, 15, 2], "texture": "#top", "cullface": "down"}
			}
		},
		{
			"name": "frame_bottom_sw",
			"from": [1, 0, 14],
			"to": [2, 0.5, 15],
			"rotation": {"angle": 0, "axis": "y", "origin": [1, 0, 14]},
			"faces": {
				"north": {"uv": [1, 14, 2, 15], "texture": "#top", "cullface": "down"},
				"east": {"uv": [1, 14, 2, 15], "texture": "#top", "cullface": "down"},
				"down": {"uv": [1, 14, 2, 15], "texture": "#top", "cullface": "down"}
			}
		},
		{
			"name": "frame_bottom_se",
			"from": [14, 0, 14],
			"to": [15, 0.5, 15],
			"rotation": {"angle": 0, "axis": "y", "origin": [14, 0, 14]},
			"faces": {
				"north": {"uv": [14, 14, 15, 15], "texture": "#top", "cullface": "down"},
				"west": {"uv": [14, 14, 15, 15], "texture": "#top", "cullface": "down"},
				"down": {"uv": [14, 14, 15, 15], "texture": "#top", "cullface": "down"}
			}
		},
		{
			"name": "top",
			"from": [0.5, 7, 0.5],
			"to": [15.5, 15.5, 15.5],
			"rotation": {"angle": 0, "axis": "y", "origin": [0, 7, 0]},
			"faces": {
				"north": {"uv": [0.5, 0.5, 15.5, 9], "texture": "#front", "cullface": "north"},
				"east": {"uv": [0.5, 0.5, 15.5, 9], "texture": "#side", "cullface": "east"},
				"south": {"uv": [0.5, 0.5, 15.5, 9], "texture": "#side", "cullface": "south"},
				"west": {"uv": [0.5, 0.5, 15.5, 9], "texture": "#side", "cullface": "west"},
				"up": {"uv": [0.5, 0.5, 15.5, 15.5], "texture": "#top", "cullface": "up"}
			}
		},
		{
			"name": "bottom_north_1",
			"from": [13, 2, 0.25],
			"to": [15, 7, 0.5],
			"rotation": {"angle": 0, "axis": "y", "origin": [13, 2, 0]},
			"faces": {
				"north": {"uv": [1, 9, 3, 14], "texture": "#front", "cullface": "north"},
				"up": {"uv": [1, 9, 3, 10], "texture": "#front", "cullface": "north"}
			}
		},
		{
			"name": "bottom_north_2",
			"from": [1, 2, 0.25],
			"to": [3, 7, 0.5],
			"rotation": {"angle": 0, "axis": "y", "origin": [1, 2, 0]},
			"faces": {
				"north": {"uv": [13, 9, 15, 14], "texture": "#front", "cullface": "north"},
				"up": {"uv": [13, 9, 15, 10], "texture": "#front", "cullface": "north"}
			}
		},
		{
			"name": "bottom_north_3",
			"from": [1, 1, 0.25],
			"to": [15, 2, 0.75],
			"rotation": {"angle": 0, "axis": "y", "origin": [1, 1, 0]},
			"faces": {
				"north": {"uv": [1, 14, 15, 15], "texture": "#front", "cullface": "north"}
			}
		},
		{
			"name": "bottom_east",
			"from": [15.5, 1, 1],
			"to": [15.75, 7, 15],
			"rotation": {"angle": 0, "axis": "y", "origin": [15, 0, 0]},
			"faces": {
				"east": {"uv": [1, 9, 15, 15], "texture": "#side", "cullface": "east"},
				"up": {"uv": [1, 9, 15, 10], "rotation": 90, "texture": "#side", "cullface": "east"}
			}
		},
		{
			"name": "bottom_south",
			"from": [1, 1, 15.5],
			"to": [15, 7, 15.75],
			"rotation": {"angle": 0, "axis": "y", "origin": [9, 0, 0]},
			"faces": {
				"south": {"uv": [1, 9, 15, 15], "texture": "#side", "cullface": "south"},
				"up": {"uv": [1, 9, 15, 10], "rotation": 180, "texture": "#side", "cullface": "south"}
			}
		},
		{
			"name": "bottom_west",
			"from": [0.25, 1, 1],
			"to": [0.5, 7, 15],
			"faces": {
				"west": {"uv": [1, 9, 15, 15], "texture": "#side", "cullface": "west"},
				"up": {"uv": [1, 9, 15, 10], "rotation": 270, "texture": "#side", "cullface": "west"}
			}
		},
		{
			"name": "bottom",
			"from": [1, 0.5, 1],
			"to": [15, 0.5, 15],
			"rotation": {"angle": 0, "axis": "y", "origin": [1, 1, 1]},
			"faces": {
				"down": {"uv": [1, 1, 15, 15], "texture": "#top", "cullface": "down"}
			}
		},
		{
			"name": "door_frame_top",
			"from": [3, 9, 0],
			"to": [13, 10, 0.5],
			"rotation": {"angle": 0, "axis": "y", "origin": [3, 8, 0]},
			"faces": {
				"north": {"uv": [3, 6, 13, 7], "texture": "#front", "cullface": "north"},
				"east": {"uv": [3, 6, 4, 7], "texture": "#front", "cullface": "north"},
				"west": {"uv": [12, 6, 13, 7], "texture": "#front", "cullface": "north"},
				"up": {"uv": [3, 6, 13, 7], "rotation": 180, "texture": "#front", "cullface": "north"}
			}
		},
		{
			"name": "door_frame_left",
			"from": [12, 3, 0],
			"to": [13, 9, 0.5],
			"rotation": {"angle": 0, "axis": "y", "origin": [11, 3, 0]},
			"faces": {
				"north": {"uv": [3, 7, 4, 13], "texture": "#front", "cullface": "north"},
				"east": {"uv": [3, 7, 4, 13], "texture": "#front", "cullface": "north"}
			}
		},
		{
			"name": "door_frame_right",
			"from": [3, 3, 0],
			"to": [4, 9, 0.5],
			"rotation": {"angle": 0, "axis": "y", "origin": [2, 3, 0]},
			"faces": {
				"north": {"uv": [12, 7, 13, 13], "texture": "#front", "cullface": "north"},
				"west": {"uv": [12, 7, 13, 13], "texture": "#front", "cullface": "north"}
			}
		},
		{
			"name": "door_frame_bottom",
			"from": [3, 2, 0],
			"to": [13, 3, 0.25],
			"rotation": {"angle": 0, "axis": "y", "origin": [3, 1, 0]},
			"faces": {
				"north": {"uv": [3, 13, 13, 14], "texture": "#front", "cullface": "north"},
				"east": {"uv": [3, 13, 4, 14], "texture": "#front", "cullface": "north"},
				"west": {"uv": [12, 13, 13, 14], "texture": "#front", "cullface": "north"},
				"down": {"uv": [3, 13, 13, 14], "rotation": 180, "texture": "#front", "cullface": "north"}
			}
		},
		{
			"name": "door_top",
			"from": [4, 8, -0.5],
			"to": [12, 9, 0.5],
			"rotation": {"angle": 0, "axis": "y", "origin": [4, 8, -1]},
			"faces": {
				"north": {"uv": [4, 7, 12, 8], "texture": "#front", "cullface": "north"},
				"east": {"uv": [4, 7, 5, 8], "texture": "#front", "cullface": "north"},
				"west": {"uv": [11, 7, 12, 8], "texture": "#front", "cullface": "north"},
				"up": {"uv": [4, 7, 12, 8], "rotation": 180, "texture": "#front", "cullface": "north"},
				"down": {"uv": [4, 7, 12, 8], "rotation": 180, "texture": "#front", "cullface": "north"}
			}
		},
		{
			"name": "door_left",
			"from": [11, 4, -0.5],
			"to": [12, 8, 0.5],
			"rotation": {"angle": 0, "axis": "y", "origin": [11, 4, -1]},
			"faces": {
				"north": {"uv": [4, 8, 5, 12], "texture": "#front", "cullface": "north"},
				"east": {"uv": [4, 8, 5, 12], "texture": "#front", "cullface": "north"},
				"west": {"uv": [4, 8, 5, 12], "texture": "#front", "cullface": "north"}
			}
		},
		{
			"name": "door_right",
			"from": [4, 4, -0.5],
			"to": [5, 8, 0.5],
			"rotation": {"angle": 0, "axis": "y", "origin": [4, 4, -1]},
			"faces": {
				"north": {"uv": [11, 8, 12, 12], "texture": "#front", "cullface": "north"},
				"east": {"uv": [11, 8, 12, 12], "texture": "#front", "cullface": "north"},
				"west": {"uv": [11, 8, 12, 12], "texture": "#front", "cullface": "north"}
			}
		},
		{
			"name": "door_bottom",
			"from": [4, 3, -0.5],
			"to": [12, 4, 0.5],
			"rotation": {"angle": 0, "axis": "y", "origin": [4, 3, -1]},
			"faces": {
				"north": {"uv": [4, 12, 12, 13], "texture": "#front", "cullface": "north"},
				"east": {"uv": [4, 12, 5, 13], "texture": "#front", "cullface": "north"},
				"west": {"uv": [11, 12, 12, 13], "texture": "#front", "cullface": "north"},
				"up": {"uv": [4, 12, 12, 13], "rotation": 180, "texture": "#front", "cullface": "north"},
				"down": {"uv": [4, 12, 12, 13], "rotation": 180, "texture": "#front", "cullface": "north"}
			}
		},
		{
			"name": "door_bar_1",
			"from": [9.3125, 4, -0.25],
			"to": [10.0625, 8, 0.5],
			"rotation": {"angle": 0, "axis": "y", "origin": [8, 4, -1]},
			"faces": {
				"north": {"uv": [5, 8, 6, 12], "texture": "#front", "cullface": "north"},
				"east": {"uv": [5, 8, 6, 12], "texture": "#front", "cullface": "north"},
				"west": {"uv": [5, 8, 6, 12], "texture": "#front", "cullface": "north"}
			}
		},
		{
			"name": "door_bar_2",
			"from": [7.625, 4, -0.25],
			"to": [8.375, 8, 0.5],
			"rotation": {"angle": 0, "axis": "y", "origin": [7, 4, -1]},
			"faces": {
				"north": {"uv": [7, 8, 8, 12], "texture": "#front", "cullface": "north"},
				"east": {"uv": [7, 8, 8, 12], "texture": "#front", "cullface": "north"},
				"west": {"uv": [7, 8, 8, 12], "texture": "#front", "cullface": "north"}
			}
		},
		{
			"name": "door_bar_3",
			"from": [5.9375, 4, -0.25],
			"to": [6.6875, 8, 0.5],
			"rotation": {"angle": 0, "axis": "y", "origin": [4, 4, -1]},
			"faces": {
				"north": {"uv": [9, 8, 10, 12], "texture": "#front", "cullface": "north"},
				"east": {"uv": [9, 8, 10, 12], "texture": "#front", "cullface": "north"},
				"west": {"uv": [9, 8, 10, 12], "texture": "#front", "cullface": "north"}
			}
		},
		{
			"name": "opening_1",
			"from": [10.0625, 4, 0.49],
			"to": [11, 8, 0.49],
			"rotation": {"angle": 0, "axis": "y", "origin": [7, 4, 0]},
			"faces": {
				"north": {"uv": [6, 8, 7, 12], "texture": "#front_on", "cullface": "north"}
			}
		},
		{
			"name": "opening_2",
			"from": [8.375, 4, 0.49],
			"to": [9.3125, 8, 0.49],
			"rotation": {"angle": 0, "axis": "y", "origin": [5, 4, 0]},
			"faces": {
				"north": {"uv": [8, 8, 9, 12], "texture": "#front_on", "cullface": "north"}
			}
		},
		{
			"name": "opening_3",
			"from": [6.6875, 4, 0.49],
			"to": [7.625, 8, 0.49],
			"rotation": {"angle": 0, "axis": "y", "origin": [4, 4, 0]},
			"faces": {
				"north": {"uv": [10, 8, 11, 12], "texture": "#front_on", "cullface": "north"}
			}
		},
		{
			"name": "opening_4",
			"from": [5, 4, 0.49],
			"to": [5.9375, 8, 0.49],
			"rotation": {"angle": 0, "axis": "y", "origin": [2, 4, 0]},
			"faces": {
				"north": {"uv": [8, 8, 9, 12], "texture": "#front_on", "cullface": "north"}
			}
		}
	],
	"display": {
		"thirdperson_righthand": {
			"rotation": [75, 45, 0],
			"translation": [0, 2.5, 0],
			"scale": [0.375, 0.375, 0.375]
		},
		"thirdperson_lefthand": {
			"rotation": [75, 45, 0],
			"translation": [0, 2.5, 0],
			"scale": [0.375, 0.375, 0.375]
		},
		"firstperson_righthand": {
			"rotation": [0, 45, 0],
			"scale": [0.4, 0.4, 0.4]
		},
		"firstperson_lefthand": {
			"rotation": [0, 225, 0],
			"scale": [0.4, 0.4, 0.4]
		},
		"ground": {
			"translation": [0, 3, 0],
			"scale": [0.25, 0.25, 0.25]
		},
		"gui": {
			"rotation": [30, 225, 0],
			"scale": [0.625, 0.625, 0.625]
		},
		"fixed": {
			"scale": [0.5, 0.5, 0.5]
		}
	},
	"groups": [
		{
			"name": "frame",
			"origin": [15, -1, 1],
			"color": 0,
			"children": [
				0,
				1,
				2,
				3,
				{
					"name": "frame_north",
					"origin": [0, 15, 0],
					"color": 0,
					"children": [4, 5, 6, 7, 8, 9]
				},
				{
					"name": "frame_east",
					"origin": [15, -1, 1],
					"color": 0,
					"children": [10, 11, 12, 13, 14, 15]
				},
				{
					"name": "frame_south",
					"origin": [0, 0, 15],
					"color": 0,
					"children": [16, 17, 18, 19, 20, 21]
				},
				{
					"name": "frame_west",
					"origin": [0, -1, 1],
					"color": 0,
					"children": [22, 23, 24, 25, 26, 27]
				},
				{
					"name": "frame_top",
					"origin": [14, 16, 14],
					"color": 0,
					"children": [28, 29, 30, 31]
				},
				{
					"name": "frame_bottom",
					"origin": [1, 0, 1],
					"color": 0,
					"children": [32, 33, 34, 35]
				}
			]
		},
		36,
		{
			"name": "bottom",
			"origin": [1, 1, 1],
			"color": 0,
			"children": [37, 38, 39, 40, 41, 42, 43]
		},
		{
			"name": "door",
			"origin": [11, 3, 0],
			"color": 0,
			"children": [44, 45, 46, 47, 48, 49, 50, 51, 52, 53, 54, 55, 56, 57, 58]
		}
	]
}