{
	"credit": "Made by TheWaschtlPlays using Blockbench",
	"ambientocclusion": false,
	"textures": {
		"1": "bamboo_trapdoor/bamboo_trapdoor_side",
		"particle": "bamboo_trapdoor/bamboo_trapdoor",
		"texture": "bamboo_trapdoor/bamboo_trapdoor"
	},
	"elements": [
		{
			"name": "Cube",
			"from": [0, 0, 0],
			"to": [16, 3, 3],
			"faces": {
				"north": {"uv": [0, 0, 16, 3], "texture": "#1", "cullface": "north"},
				"east": {"uv": [13, 0, 16, 3], "texture": "#1", "cullface": "east"},
				"south": {"uv": [0, 0, 16, 3], "texture": "#1"},
				"west": {"uv": [0, 0, 3, 3], "texture": "#1", "cullface": "west"},
				"up": {"uv": [0, 0, 16, 3], "texture": "#texture"},
				"down": {"uv": [0, 3, 16, 0], "texture": "#texture", "cullface": "down"}
			}
		},
		{
			"name": "Cube",
			"from": [0, 0, 13],
			"to": [16, 3, 16],
			"faces": {
				"north": {"uv": [0, 0, 16, 3], "texture": "#1"},
				"east": {"uv": [0, 0, 3, 3], "texture": "#1", "cullface": "east"},
				"south": {"uv": [0, 0, 16, 3], "texture": "#1", "cullface": "south"},
				"west": {"uv": [13, 0, 16, 3], "texture": "#1", "cullface": "west"},
				"up": {"uv": [0, 13, 16, 16], "texture": "#texture"},
				"down": {"uv": [0, 16, 16, 13], "texture": "#texture", "cullface": "down"}
			}
		},
		{
			"name": "Cube",
			"from": [0, 0, 3],
			"to": [3, 3, 13],
			"faces": {
				"east": {"uv": [3, 0, 13, 3], "texture": "#1"},
				"west": {"uv": [3, 0, 13, 3], "texture": "#1", "cullface": "west"},
				"up": {"uv": [0, 3, 3, 13], "texture": "#texture"},
				"down": {"uv": [16, 3, 13, 13], "texture": "#texture", "cullface": "down"}
			}
		},
		{
			"name": "Cube",
			"from": [13, 0, 3],
			"to": [16, 3, 13],
			"faces": {
				"east": {"uv": [3, 0, 13, 3], "texture": "#1", "cullface": "east"},
				"west": {"uv": [3, 0, 13, 3], "texture": "#1"},
				"up": {"uv": [13, 3, 16, 13], "texture": "#texture"},
				"down": {"uv": [3, 3, 0, 13], "texture": "#texture", "cullface": "down"}
			}
		},
		{
			"name": "Cube",
			"from": [7, 3, 0],
			"to": [9, 3.5, 2],
			"faces": {
				"north": {"uv": [9, 0, 7, 0.5], "texture": "#texture", "cullface": "north"},
				"east": {"uv": [8, 0, 8.5, 2], "rotation": 90, "texture": "#texture"},
				"south": {"uv": [7, 1, 9, 1.5], "texture": "#texture"},
				"west": {"uv": [7, 0, 7.5, 2], "rotation": 270, "texture": "#texture"},
				"up": {"uv": [7, 0, 9, 2], "texture": "#texture"}
			}
		},
		{
			"name": "Cube",
			"from": [7, -0.5, 0],
			"to": [9, 0, 2],
			"faces": {
				"north": {"uv": [9, 0, 7, 0.5], "texture": "#texture", "cullface": "down"},
				"east": {"uv": [8, 0, 8.5, 2], "rotation": 90, "texture": "#texture", "cullface": "down"},
				"south": {"uv": [7, 1, 9, 1.5], "texture": "#texture", "cullface": "down"},
				"west": {"uv": [7, 0, 7.5, 2], "rotation": 270, "texture": "#texture", "cullface": "down"},
				"down": {"uv": [7, 0, 9, 2], "rotation": 270, "texture": "#texture", "cullface": "down"}
			}
		},
		{
			"from": [4, 1, 3],
			"to": [5, 2, 13],
			"faces": {
				"east": {"uv": [4, 3, 5, 13], "rotation": 90, "texture": "#texture"},
				"west": {"uv": [4, 3, 5, 13], "rotation": 90, "texture": "#texture"},
				"up": {"uv": [4, 3, 5, 13], "texture": "#texture"},
				"down": {"uv": [4, 3, 5, 13], "rotation": 180, "texture": "#texture", "cullface": "down"}
			}
		},
		{
			"from": [11, 1, 3],
			"to": [12, 2, 13],
			"faces": {
				"east": {"uv": [11, 3, 12, 13], "rotation": 90, "texture": "#texture"},
				"west": {"uv": [11, 3, 12, 13], "rotation": 90, "texture": "#texture"},
				"up": {"uv": [11, 3, 12, 13], "texture": "#texture"},
				"down": {"uv": [11, 3, 12, 13], "rotation": 180, "texture": "#texture", "cullface": "down"}
			}
		},
		{
			"from": [3, 1, 4],
			"to": [13, 2, 5],
			"faces": {
				"north": {"uv": [3, 4, 13, 5], "texture": "#texture"},
				"south": {"uv": [3, 4, 13, 5], "texture": "#texture"},
				"up": {"uv": [3, 4, 13, 5], "texture": "#texture"},
				"down": {"uv": [3, 4, 13, 5], "texture": "#texture", "cullface": "down"}
			}
		},
		{
			"from": [3, 1, 11],
			"to": [13, 2, 12],
			"faces": {
				"north": {"uv": [3, 11, 13, 12], "texture": "#texture"},
				"south": {"uv": [3, 11, 13, 12], "texture": "#texture"},
				"up": {"uv": [3, 11, 13, 12], "texture": "#texture"},
				"down": {"uv": [3, 11, 13, 12], "texture": "#texture", "cullface": "down"}
			}
		},
		{
			"from": [3, 1.25, 6],
			"to": [6, 1.75, 7],
			"rotation": {"angle": 0, "axis": "y", "origin": [8, 1.5, 8]},
			"faces": {
				"north": {"uv": [3, 6, 6, 7], "rotation": 180, "texture": "#texture"},
				"south": {"uv": [3, 6, 6, 7], "texture": "#texture"},
				"up": {"uv": [3, 6, 6, 7], "texture": "#texture"},
				"down": {"uv": [3, 6, 6, 7], "texture": "#texture", "cullface": "down"}
			}
		},
		{
			"from": [6, 1.25, 3],
			"to": [7, 1.75, 7],
			"rotation": {"angle": 0, "axis": "y", "origin": [8, 1.5, 8]},
			"faces": {
				"east": {"uv": [6, 3, 7, 7], "rotation": 90, "texture": "#texture"},
				"south": {"uv": [6, 6, 7, 7], "texture": "#texture"},
				"west": {"uv": [6, 3, 7, 7], "rotation": 270, "texture": "#texture"},
				"up": {"uv": [6, 3, 7, 7], "texture": "#texture"},
				"down": {"uv": [6, 3, 7, 7], "rotation": 180, "texture": "#texture", "cullface": "down"}
			}
		},
		{
			"from": [9, 1.25, 3],
			"to": [10, 1.75, 6],
			"rotation": {"angle": 0, "axis": "y", "origin": [8, 1.5, 8]},
			"faces": {
				"east": {"uv": [3, 6, 6, 7], "rotation": 180, "texture": "#texture"},
				"west": {"uv": [3, 6, 6, 7], "texture": "#texture"},
				"up": {"uv": [3, 6, 6, 7], "rotation": 90, "texture": "#texture"},
				"down": {"uv": [3, 6, 6, 7], "rotation": 270, "texture": "#texture", "cullface": "down"}
			}
		},
		{
			"from": [9, 1.25, 6],
			"to": [13, 1.75, 7],
			"rotation": {"angle": 0, "axis": "y", "origin": [8, 1.5, 8]},
			"faces": {
				"north": {"uv": [6, 3, 7, 7], "rotation": 270, "texture": "#texture"},
				"south": {"uv": [6, 3, 7, 7], "rotation": 90, "texture": "#texture"},
				"west": {"uv": [6, 6, 7, 7], "texture": "#texture"},
				"up": {"uv": [6, 3, 7, 7], "rotation": 90, "texture": "#texture"},
				"down": {"uv": [6, 3, 7, 7], "rotation": 90, "texture": "#texture", "cullface": "down"}
			}
		},
		{
			"from": [10, 1.25, 9],
			"to": [13, 1.75, 10],
			"rotation": {"angle": 0, "axis": "y", "origin": [8, 1.5, 8]},
			"faces": {
				"north": {"uv": [3, 6, 6, 7], "texture": "#texture"},
				"south": {"uv": [3, 6, 6, 7], "rotation": 180, "texture": "#texture"},
				"up": {"uv": [3, 6, 6, 7], "rotation": 180, "texture": "#texture"},
				"down": {"uv": [3, 6, 6, 7], "rotation": 180, "texture": "#texture", "cullface": "down"}
			}
		},
		{
			"from": [9, 1.25, 9],
			"to": [10, 1.75, 13],
			"rotation": {"angle": 0, "axis": "y", "origin": [8, 1.5, 8]},
			"faces": {
				"north": {"uv": [6, 6, 7, 7], "texture": "#texture"},
				"east": {"uv": [6, 3, 7, 7], "rotation": 270, "texture": "#texture"},
				"west": {"uv": [6, 3, 7, 7], "rotation": 90, "texture": "#texture"},
				"up": {"uv": [6, 3, 7, 7], "rotation": 180, "texture": "#texture"},
				"down": {"uv": [6, 3, 7, 7], "texture": "#texture", "cullface": "down"}
			}
		},
		{
			"from": [6, 1.25, 10],
			"to": [7, 1.75, 13],
			"rotation": {"angle": 0, "axis": "y", "origin": [8, 1.5, 8]},
			"faces": {
				"east": {"uv": [3, 6, 6, 7], "texture": "#texture"},
				"west": {"uv": [3, 6, 6, 7], "rotation": 180, "texture": "#texture"},
				"up": {"uv": [3, 6, 6, 7], "rotation": 270, "texture": "#texture"},
				"down": {"uv": [3, 6, 6, 7], "rotation": 90, "texture": "#texture", "cullface": "down"}
			}
		},
		{
			"from": [3, 1.25, 9],
			"to": [7, 1.75, 10],
			"rotation": {"angle": 0, "axis": "y", "origin": [8, 1.5, 8]},
			"faces": {
				"north": {"uv": [6, 3, 7, 7], "rotation": 90, "texture": "#texture"},
				"east": {"uv": [6, 6, 7, 7], "texture": "#texture"},
				"south": {"uv": [6, 3, 7, 7], "rotation": 270, "texture": "#texture"},
				"up": {"uv": [6, 3, 7, 7], "rotation": 270, "texture": "#texture"},
				"down": {"uv": [6, 3, 7, 7], "rotation": 270, "texture": "#texture", "cullface": "down"}
			}
		}
	],
	"display": {
		"thirdperson_righthand": {
			"rotation": [75, 45, 0],
			"translation": [0, 2.5, 2],
			"scale": [0.375, 0.375, 0.375]
		},
		"thirdperson_lefthand": {
			"rotation": [75, 45, 0],
			"translation": [0, 2.5, 2],
			"scale": [0.375, 0.375, 0.375]
		},
		"firstperson_righthand": {
			"rotation": [0, 45, 0],
			"translation": [0, 4.2, 0],
			"scale": [0.4, 0.4, 0.4]
		},
		"firstperson_lefthand": {
			"rotation": [0, 45, 0],
			"translation": [0, 4.2, 0],
			"scale": [0.4, 0.4, 0.4]
		},
		"ground": {
			"translation": [0, 3, 0],
			"scale": [0.25, 0.25, 0.25]
		},
		"gui": {
			"rotation": [30, 45, 0],
			"scale": [0.625, 0.625, 0.625]
		},
		"head": {
			"rotation": [0, 180, 0]
		},
		"fixed": {
			"rotation": [0, 180, 0]
		}
	},
	"groups": [
		{
			"name": "frame",
			"origin": [0, 0, 0],
			"color": 0,
			"children": [0, 1, 2, 3]
		},
		{
			"name": "knob",
			"origin": [0, 0, 0],
			"color": 0,
			"children": [4, 5]
		},
		{
			"name": "grid",
			"origin": [8, 8, 8],
			"color": 0,
			"children": [
				{
					"name": "big",
					"origin": [0, 0, 0],
					"color": 0,
					"children": [6, 7, 8, 9]
				},
				{
					"name": "small",
					"origin": [8, 1.5, 8],
					"color": 0,
					"children": [10, 11, 12, 13, 14, 15, 16, 17]
				}
			]
		}
	]
}