{
	"credit": "Made by TheWaschtlPlays using Blockbench",
	"textures": {
		"particle": "block/lantern/lantern",
		"lantern": "block/lantern/lantern",
		"lantern_empty": "block/lantern/lantern_empty",
		"lead_knot": "item/lantern/lead_knot"
	},
	"elements": [
		{
			"name": "base",
			"from": [5, 0, 5],
			"to": [11, 1, 11],
			"rotation": {"angle": 0, "axis": "y", "origin": [8, 7, 8]},
			"faces": {
				"north": {"uv": [0, 8, 6, 9], "texture": "#lantern_empty"},
				"east": {"uv": [0, 8, 6, 9], "texture": "#lantern_empty"},
				"south": {"uv": [0, 8, 6, 9], "texture": "#lantern_empty"},
				"west": {"uv": [0, 8, 6, 9], "texture": "#lantern_empty"},
				"up": {"uv": [0, 9, 6, 15], "texture": "#lantern_empty"},
				"down": {"uv": [0, 9, 6, 15], "texture": "#lantern_empty"}
			}
		},
		{
			"name": "sides",
			"from": [5, 1, 5],
			"to": [6, 6, 6],
			"rotation": {"angle": 0, "axis": "y", "origin": [8, 7, 8]},
			"faces": {
				"north": {"uv": [5, 3, 6, 8], "texture": "#lantern_empty"},
				"east": {"uv": [5, 3, 6, 8], "texture": "#lantern_empty"},
				"south": {"uv": [0, 3, 1, 8], "texture": "#lantern_empty"},
				"west": {"uv": [0, 3, 1, 8], "texture": "#lantern_empty"}
			}
		},
		{
			"name": "sides",
			"from": [5, 1, 10],
			"to": [6, 6, 11],
			"rotation": {"angle": 0, "axis": "y", "origin": [8, 7, 8]},
			"faces": {
				"north": {"uv": [5, 3, 6, 8], "texture": "#lantern_empty"},
				"east": {"uv": [0, 3, 1, 8], "texture": "#lantern_empty"},
				"south": {"uv": [0, 3, 1, 8], "texture": "#lantern_empty"},
				"west": {"uv": [5, 3, 6, 8], "texture": "#lantern_empty"}
			}
		},
		{
			"name": "sides",
			"from": [10, 1, 10],
			"to": [11, 6, 11],
			"rotation": {"angle": 0, "axis": "y", "origin": [8, 7, 8]},
			"faces": {
				"north": {"uv": [0, 3, 1, 8], "texture": "#lantern_empty"},
				"east": {"uv": [0, 3, 1, 8], "texture": "#lantern_empty"},
				"south": {"uv": [5, 3, 6, 8], "texture": "#lantern_empty"},
				"west": {"uv": [5, 3, 6, 8], "texture": "#lantern_empty"}
			}
		},
		{
			"name": "sides",
			"from": [10, 1, 5],
			"to": [11, 6, 6],
			"rotation": {"angle": 0, "axis": "y", "origin": [8, 7, 8]},
			"faces": {
				"north": {"uv": [0, 3, 1, 8], "texture": "#lantern_empty"},
				"east": {"uv": [5, 3, 6, 8], "texture": "#lantern_empty"},
				"south": {"uv": [5, 3, 6, 8], "texture": "#lantern_empty"},
				"west": {"uv": [0, 3, 1, 8], "texture": "#lantern_empty"}
			}
		},
		{
			"name": "top",
			"from": [5, 6, 5],
			"to": [11, 7, 11],
			"rotation": {"angle": 0, "axis": "y", "origin": [8, 7, 8]},
			"faces": {
				"north": {"uv": [0, 2, 6, 3], "texture": "#lantern_empty"},
				"east": {"uv": [0, 2, 6, 3], "texture": "#lantern_empty"},
				"south": {"uv": [0, 2, 6, 3], "texture": "#lantern_empty"},
				"west": {"uv": [0, 2, 6, 3], "texture": "#lantern_empty"},
				"up": {"uv": [0, 9, 6, 15], "texture": "#lantern_empty"},
				"down": {"uv": [0, 9, 6, 15], "texture": "#lantern_empty"}
			}
		},
		{
			"name": "toptop",
			"from": [6, 8, 6],
			"to": [10, 9, 10],
			"rotation": {"angle": 0, "axis": "y", "origin": [8, 7, 8]},
			"faces": {
				"north": {"uv": [1, 0, 5, 1], "texture": "#lantern_empty"},
				"east": {"uv": [1, 0, 5, 1], "texture": "#lantern_empty"},
				"south": {"uv": [1, 0, 5, 1], "texture": "#lantern_empty"},
				"west": {"uv": [1, 0, 5, 1], "texture": "#lantern_empty"},
				"up": {"uv": [1, 10, 5, 14], "texture": "#lantern_empty"},
				"down": {"uv": [1, 10, 5, 14], "texture": "#lantern_empty"}
			}
		},
		{
			"name": "thing",
			"from": [6, 7, 6],
			"to": [7, 8, 7],
			"rotation": {"angle": 0, "axis": "y", "origin": [8, 7, 8]},
			"faces": {
				"north": {"uv": [4, 1, 5, 2], "texture": "#lantern_empty"},
				"east": {"uv": [4, 1, 5, 2], "texture": "#lantern_empty"},
				"south": {"uv": [1, 1, 2, 2], "texture": "#lantern_empty"},
				"west": {"uv": [1, 1, 2, 2], "texture": "#lantern_empty"}
			}
		},
		{
			"name": "thing",
			"from": [6, 7, 9],
			"to": [7, 8, 10],
			"rotation": {"angle": 0, "axis": "y", "origin": [8, 7, 8]},
			"faces": {
				"north": {"uv": [4, 1, 5, 2], "texture": "#lantern_empty"},
				"east": {"uv": [1, 1, 2, 2], "texture": "#lantern_empty"},
				"south": {"uv": [1, 1, 2, 2], "texture": "#lantern_empty"},
				"west": {"uv": [4, 1, 5, 2], "texture": "#lantern_empty"}
			}
		},
		{
			"name": "thing",
			"from": [9, 7, 9],
			"to": [10, 8, 10],
			"rotation": {"angle": 0, "axis": "y", "origin": [8, 7, 8]},
			"faces": {
				"north": {"uv": [1, 1, 2, 2], "texture": "#lantern_empty"},
				"east": {"uv": [1, 1, 2, 2], "texture": "#lantern_empty"},
				"south": {"uv": [4, 1, 5, 2], "texture": "#lantern_empty"},
				"west": {"uv": [4, 1, 5, 2], "texture": "#lantern_empty"}
			}
		},
		{
			"name": "thing",
			"from": [9, 7, 6],
			"to": [10, 8, 7],
			"rotation": {"angle": 0, "axis": "y", "origin": [8, 7, 8]},
			"faces": {
				"north": {"uv": [1, 1, 2, 2], "texture": "#lantern_empty"},
				"east": {"uv": [4, 1, 5, 2], "texture": "#lantern_empty"},
				"south": {"uv": [4, 1, 5, 2], "texture": "#lantern_empty"},
				"west": {"uv": [1, 1, 2, 2], "texture": "#lantern_empty"}
			}
		},
		{
			"name": "hook",
			"from": [7, 9, 7.75],
			"to": [7.5, 10.5, 8.25],
			"rotation": {"angle": 0, "axis": "y", "origin": [8, 7, 8]},
			"faces": {
				"north": {"uv": [11, 2, 12, 4], "texture": "#lantern_empty"},
				"east": {"uv": [11, 2, 12, 4], "texture": "#lantern_empty"},
				"south": {"uv": [11, 2, 12, 4], "texture": "#lantern_empty"},
				"west": {"uv": [11, 2, 12, 4], "texture": "#lantern_empty"},
				"up": {"uv": [11, 2, 12, 3], "texture": "#lantern_empty"}
			}
		},
		{
			"name": "hook",
			"from": [8.5, 9, 7.75],
			"to": [9, 10.5, 8.25],
			"rotation": {"angle": 0, "axis": "y", "origin": [8, 7, 8]},
			"faces": {
				"north": {"uv": [11, 2, 12, 4], "texture": "#lantern_empty"},
				"east": {"uv": [11, 2, 12, 4], "texture": "#lantern_empty"},
				"south": {"uv": [11, 2, 12, 4], "texture": "#lantern_empty"},
				"west": {"uv": [11, 2, 12, 4], "texture": "#lantern_empty"},
				"up": {"uv": [11, 2, 12, 3], "texture": "#lantern_empty"}
			}
		},
		{
			"name": "hook",
			"from": [7.5, 10, 7.75],
			"to": [8.5, 10.5, 8.25],
			"rotation": {"angle": 0, "axis": "y", "origin": [8, 7, 8]},
			"faces": {
				"north": {"uv": [12, 1, 14, 2], "texture": "#lantern_empty"},
				"south": {"uv": [12, 1, 14, 2], "texture": "#lantern_empty"},
				"up": {"uv": [12, 1, 14, 2], "texture": "#lantern_empty"},
				"down": {"uv": [12, 1, 14, 2], "texture": "#lantern_empty"}
			}
		},
		{
			"name": "inside",
			"from": [6, 1, 6],
			"to": [10, 6, 10],
			"rotation": {"angle": 0, "axis": "y", "origin": [9, 7, 9.25]},
			"faces": {
				"north": {"uv": [1, 3, 5, 8], "texture": "#lantern"},
				"east": {"uv": [1, 3, 5, 8], "texture": "#lantern"},
				"south": {"uv": [1, 3, 5, 8], "texture": "#lantern"},
				"west": {"uv": [1, 3, 5, 8], "texture": "#lantern"}
			}
		},
		{
			"name": "inside",
			"from": [6.75, 7, 6.75],
			"to": [9.25, 8, 9.25],
			"rotation": {"angle": 0, "axis": "y", "origin": [8, 7, 8]},
			"faces": {
				"north": {"uv": [2, 1, 4, 2], "texture": "#lantern"},
				"east": {"uv": [2, 1, 4, 2], "texture": "#lantern"},
				"south": {"uv": [2, 1, 4, 2], "texture": "#lantern"},
				"west": {"uv": [2, 1, 4, 2], "texture": "#lantern"}
			}
		},
		{
			"name": "handle",
			"from": [7.625, 9.5, 7],
			"to": [8.375, 10, 9],
			"faces": {
				"east": {"uv": [12, 1, 13, 2], "texture": "#lantern"},
				"west": {"uv": [12, 1, 13, 2], "texture": "#lantern"},
				"up": {"uv": [12, 1, 13, 2], "texture": "#lantern"},
				"down": {"uv": [12, 1, 13, 2], "texture": "#lantern"}
			}
		},
		{
			"name": "handle",
			"from": [7.625, 9.5, 9],
			"to": [8.375, 10, 11.12132],
			"rotation": {"angle": -45, "axis": "x", "origin": [8, 9.5, 9]},
			"faces": {
				"east": {"uv": [11, 1, 13, 2], "texture": "#lantern_empty"},
				"west": {"uv": [11, 1, 13, 2], "rotation": 180, "texture": "#lantern_empty"},
				"up": {"uv": [11, 1, 13, 2], "rotation": 270, "texture": "#lantern_empty"},
				"down": {"uv": [11, 1, 13, 2], "rotation": 90, "texture": "#lantern_empty"}
			}
		},
		{
			"name": "handle",
			"from": [7.625, 11, 5.5],
			"to": [8.375, 11.5, 7.62132],
			"rotation": {"angle": 45, "axis": "x", "origin": [8, 11, 5.5]},
			"faces": {
				"east": {"uv": [11, 1, 13, 2], "rotation": 180, "texture": "#lantern_empty"},
				"west": {"uv": [11, 1, 13, 2], "texture": "#lantern_empty"},
				"up": {"uv": [11, 1, 13, 2], "rotation": 90, "texture": "#lantern_empty"},
				"down": {"uv": [11, 1, 13, 2], "rotation": 270, "texture": "#lantern_empty"}
			}
		},
		{
			"name": "handle",
			"from": [7.625, 11, 5.5],
			"to": [8.375, 12.375, 6],
			"faces": {
				"north": {"uv": [11, 1, 12, 2], "texture": "#lantern_empty"},
				"east": {"uv": [11, 1, 12, 2], "texture": "#lantern_empty"},
				"south": {"uv": [11, 1, 12, 2], "texture": "#lantern_empty"},
				"west": {"uv": [11, 1, 12, 2], "texture": "#lantern_empty"},
				"up": {"uv": [11, 1, 12, 2], "texture": "#lantern_empty"}
			}
		},
		{
			"name": "handle",
			"from": [7.625, 11, 10],
			"to": [8.375, 12.375, 10.5],
			"faces": {
				"north": {"uv": [11, 1, 12, 2], "texture": "#lantern_empty"},
				"east": {"uv": [11, 1, 12, 2], "texture": "#lantern_empty"},
				"south": {"uv": [11, 1, 12, 2], "texture": "#lantern_empty"},
				"west": {"uv": [11, 1, 12, 2], "texture": "#lantern_empty"},
				"up": {"uv": [11, 1, 12, 2], "texture": "#lantern_empty"}
			}
		},
		{
			"name": "handlelele",
			"from": [7.5, 11.5, 6],
			"to": [8.5, 12.5, 10],
			"faces": {
				"north": {"uv": [6, 5, 7, 6], "texture": "#lead_knot"},
				"east": {"uv": [7, 3, 6, 7], "rotation": 90, "texture": "#lead_knot"},
				"south": {"uv": [4, 1, 5, 2], "texture": "#lead_knot"},
				"west": {"uv": [4, 7, 5, 3], "rotation": 90, "texture": "#lead_knot"},
				"up": {"uv": [5, 3, 6, 7], "texture": "#lead_knot"},
				"down": {"uv": [3, 7, 4, 3], "texture": "#lead_knot"}
			}
		}
	],
	"display": {
		"thirdperson_righthand": {
			"rotation": [70, 90, 0],
			"translation": [0, -2.5, -2.75],
			"scale": [0.75, 0.75, 0.75]
		},
		"firstperson_righthand": {
			"rotation": [0, 270, 0],
			"translation": [0, 5, 3],
			"scale": [0.4, 0.4, 0.4]
		},
		"ground": {
			"translation": [0, 3, 0],
			"scale": [0.5, 0.5, 0.5]
		},
		"gui": {
			"rotation": [30, 45, 0],
			"translation": [0, 1, 0],
			"scale": [0.9, 0.9, 0.9]
		},
		"head": {
			"rotation": [0, 180, 0]
		},
		"fixed": {
			"rotation": [0, 90, 0],
			"translation": [0, 0, 1]
		}
	},
	"groups": [
		0,
		1,
		2,
		3,
		4,
		5,
		6,
		7,
		8,
		9,
		10,
		11,
		12,
		13,
		14,
		15,
		{
			"name": "Handle",
			"origin": [8, 8, 8],
			"color": 0,
			"children": [16, 17, 18, 19, 20, 21]
		}
	]
}