{
	"credit": "Made by TheWaschtlPlays using Blockbench",
	"ambientocclusion": false,
	"textures": {
		"1": "cherry_trapdoor/cherry_trapdoor_side",
		"particle": "cherry_trapdoor/cherry_trapdoor",
		"texture": "cherry_trapdoor/cherry_trapdoor"
	},
	"elements": [
		{
			"name": "handle",
			"from": [7, 3, 0],
			"to": [9, 3.25, 1],
			"faces": {
				"north": {"uv": [7, 0, 9, 1], "texture": "#texture", "cullface": "north"},
				"east": {"uv": [7, 0, 9, 1], "texture": "#texture"},
				"south": {"uv": [7, 0, 9, 1], "texture": "#texture"},
				"west": {"uv": [7, 0, 9, 1], "texture": "#texture"},
				"up": {"uv": [7, 0, 9, 1], "texture": "#texture"}
			}
		},
		{
			"name": "handle",
			"from": [7, -0.25, 0],
			"to": [9, 0, 1],
			"faces": {
				"north": {"uv": [7, 0, 9, 1], "texture": "#texture", "cullface": "down"},
				"east": {"uv": [7, 0, 9, 1], "texture": "#texture", "cullface": "down"},
				"south": {"uv": [7, 0, 9, 1], "texture": "#texture", "cullface": "down"},
				"west": {"uv": [7, 0, 9, 1], "texture": "#texture", "cullface": "down"},
				"down": {"uv": [7, 0, 9, 1], "texture": "#texture", "cullface": "down"}
			}
		},
		{
			"name": "frame",
			"from": [0, 0, 12],
			"to": [16, 3, 16],
			"faces": {
				"north": {"uv": [0, 12, 16, 13], "texture": "#texture"},
				"east": {"uv": [0, 0, 4, 3], "texture": "#1", "cullface": "east"},
				"south": {"uv": [0, 0, 16, 3], "texture": "#1", "cullface": "south"},
				"west": {"uv": [12, 0, 16, 3], "texture": "#1", "cullface": "west"},
				"up": {"uv": [0, 12, 16, 16], "texture": "#texture"},
				"down": {"uv": [0, 12, 16, 16], "rotation": 180, "texture": "#texture", "cullface": "down"}
			}
		},
		{
			"name": "frame",
			"from": [0, 0, 0],
			"to": [16, 3, 4],
			"faces": {
				"north": {"uv": [0, 0, 16, 3], "texture": "#1", "cullface": "north"},
				"east": {"uv": [12, 0, 16, 3], "texture": "#1", "cullface": "east"},
				"south": {"uv": [0, 3, 16, 4], "texture": "#texture"},
				"west": {"uv": [0, 0, 4, 3], "texture": "#1", "cullface": "west"},
				"up": {"uv": [0, 0, 16, 4], "texture": "#texture"},
				"down": {"uv": [0, 0, 16, 4], "rotation": 180, "texture": "#texture", "cullface": "down"}
			}
		},
		{
			"name": "frame",
			"from": [0, 0.5, 4],
			"to": [4, 2.5, 12],
			"faces": {
				"east": {"uv": [3, 4, 4, 12], "rotation": 90, "texture": "#texture"},
				"west": {"uv": [4, 0.5, 12, 2.5], "texture": "#1", "cullface": "west"},
				"up": {"uv": [0, 4, 4, 12], "texture": "#texture"},
				"down": {"uv": [12, 4, 16, 12], "rotation": 180, "texture": "#texture"}
			}
		},
		{
			"name": "frame",
			"from": [12, 0.5, 4],
			"to": [16, 2.5, 12],
			"faces": {
				"east": {"uv": [4, 0.5, 12, 2.5], "texture": "#1", "cullface": "east"},
				"west": {"uv": [12, 4, 13, 12], "rotation": 270, "texture": "#texture"},
				"up": {"uv": [12, 4, 16, 12], "texture": "#texture"},
				"down": {"uv": [0, 4, 4, 12], "rotation": 180, "texture": "#texture"}
			}
		},
		{
			"name": "grid",
			"from": [4, 1, 9],
			"to": [12, 2, 10],
			"faces": {
				"north": {"uv": [4, 9, 12, 10], "texture": "#texture"},
				"south": {"uv": [4, 9, 12, 10], "texture": "#texture"},
				"up": {"uv": [4, 9, 12, 10], "texture": "#texture"},
				"down": {"uv": [4, 9, 12, 10], "texture": "#texture", "cullface": "down"}
			}
		},
		{
			"name": "grid",
			"from": [6, 0.75, 4],
			"to": [7, 2.25, 12],
			"faces": {
				"east": {"uv": [6, 4, 7, 12], "rotation": 90, "texture": "#texture"},
				"west": {"uv": [6, 4, 7, 12], "rotation": 90, "texture": "#texture"},
				"up": {"uv": [6, 4, 7, 12], "texture": "#texture"},
				"down": {"uv": [6, 4, 7, 12], "texture": "#texture", "cullface": "down"}
			}
		},
		{
			"name": "grid",
			"from": [9, 0.75, 4],
			"to": [10, 2.25, 12],
			"faces": {
				"east": {"uv": [9, 4, 10, 12], "rotation": 90, "texture": "#texture"},
				"west": {"uv": [9, 4, 10, 12], "rotation": 90, "texture": "#texture"},
				"up": {"uv": [9, 4, 10, 12], "texture": "#texture"},
				"down": {"uv": [9, 4, 10, 12], "texture": "#texture", "cullface": "down"}
			}
		},
		{
			"name": "grid",
			"from": [4, 1, 6],
			"to": [12, 2, 7],
			"faces": {
				"north": {"uv": [4, 6, 12, 7], "texture": "#texture"},
				"south": {"uv": [4, 6, 12, 7], "texture": "#texture"},
				"up": {"uv": [4, 6, 12, 7], "texture": "#texture"},
				"down": {"uv": [4, 6, 12, 7], "texture": "#texture", "cullface": "down"}
			}
		}
	],
	"display": {
		"thirdperson_righthand": {
			"rotation": [75, 45, 0],
			"translation": [0, 2.5, 2],
			"scale": [0.375, 0.375, 0.375]
		},
		"thirdperson_lefthand": {
			"rotation": [75, 45, 0],
			"translation": [0, 2.5, 2],
			"scale": [0.375, 0.375, 0.375]
		},
		"firstperson_righthand": {
			"rotation": [0, 45, 0],
			"translation": [0, 4.2, 0],
			"scale": [0.4, 0.4, 0.4]
		},
		"firstperson_lefthand": {
			"rotation": [0, 45, 0],
			"translation": [0, 4.2, 0],
			"scale": [0.4, 0.4, 0.4]
		},
		"ground": {
			"translation": [0, 3, 0],
			"scale": [0.25, 0.25, 0.25]
		},
		"gui": {
			"rotation": [30, 45, 0],
			"scale": [0.625, 0.625, 0.625]
		},
		"head": {
			"rotation": [0, 180, 0]
		},
		"fixed": {
			"rotation": [0, 180, 0]
		}
	},
	"groups": [
		0,
		1,
		2,
		3,
		4,
		5,
		{
			"name": "center",
			"origin": [0, 0, 0],
			"color": 0,
			"children": [6, 7, 8, 9]
		}
	]
}