{
	"__comment":"Designed by GeForceLegend",
	"textures":{
		"particle":"block/powered_rail/powered_rail",
		"rail":"block/powered_rail/powered_rail"
	},
	"elements":[
		{
			"from":[1,0.01,-5.213],
			"to":[15,0.99,-2.3846],
			"rotation":{"angle":45,"axis":"x","origin":[8,0,16]},
			"faces":{
				"north":{"uv":[15,1,1,2],"texture":"#rail"},
				"east":{"uv":[15,1,14,3],"rotation":90,"texture":"#rail"},
				"south":{"uv":[1,2,15,3],"texture":"#rail"},
				"west":{"uv":[2,3,1,1],"rotation":90,"texture":"#rail"},
				"up":{"uv":[1,1,15,3],"texture":"#rail"},
				"down":{"uv":[1,3,15,1],"texture":"#rail"}
			}
		},
		{
			"from":[1,0.01,0.4438],
			"to":[15,0.99,3.2722],
			"rotation":{"angle":45,"axis":"x","origin":[8,0,16]},
			"faces":{
				"north":{"uv":[15,5,1,6],"texture":"#rail"},
				"east":{"uv":[15,5,14,7],"rotation":90,"texture":"#rail"},
				"south":{"uv":[1,6,15,7],"texture":"#rail"},
				"west":{"uv":[2,7,1,5],"rotation":90,"texture":"#rail"},
				"up":{"uv":[1,5,15,7],"texture":"#rail"},
				"down":{"uv":[1,7,15,5],"texture":"#rail"}
			}
		},
		{
			"from":[1,0.01,6.1006],
			"to":[15,0.99,8.929],
			"rotation":{"angle":45,"axis":"x","origin":[8,0,16]},
			"faces":{
				"north":{"uv":[15,9,1,10],"texture":"#rail"},
				"east":{"uv":[15,9,14,11],"rotation":90,"texture":"#rail"},
				"south":{"uv":[1,10,15,11],"texture":"#rail"},
				"west":{"uv":[2,11,1,9],"rotation":90,"texture":"#rail"},
				"up":{"uv":[1,9,15,11],"texture":"#rail"},
				"down":{"uv":[1,11,15,9],"texture":"#rail"}
			}
		},
		{
			"from":[1,0.01,11.7574],
			"to":[15,0.99,14.5858],
			"rotation":{"angle":45,"axis":"x","origin":[8,0,16]},
			"faces":{
				"north":{"uv":[15,13,1,14],"texture":"#rail"},
				"east":{"uv":[15,13,14,15],"rotation":90,"texture":"#rail"},
				"south":{"uv":[1,14,15,15],"texture":"#rail"},
				"west":{"uv":[2,15,1,13],"rotation":90,"texture":"#rail"},
				"up":{"uv":[1,13,15,15],"texture":"#rail"},
				"down":{"uv":[1,15,15,13],"texture":"#rail"}
			}
		},
		{
			"from":[7,0,-2.3846],
			"to":[9,0.99,0.4438],
			"rotation":{"angle":45,"axis":"x","origin":[8,0,16]},
			"faces":{
				"east":{"uv":[8,3,9,5],"rotation":90,"texture":"#rail"},
				"west":{"uv":[8,5,7,3],"rotation":90,"texture":"#rail"},
				"up":{"uv":[7,3,9,5],"texture":"#rail"},
				"down":{"uv":[7,5,9,3],"texture":"#rail"}
			}
		},
		{
			"from":[7,0,3.2722],
			"to":[9,0.99,6.1006],
			"rotation":{"angle":45,"axis":"x","origin":[8,0,16]},
			"faces":{
				"east":{"uv":[8,7,9,9],"rotation":90,"texture":"#rail"},
				"west":{"uv":[8,9,7,7],"rotation":90,"texture":"#rail"},
				"up":{"uv":[7,7,9,9],"texture":"#rail"},
				"down":{"uv":[7,9,9,7],"texture":"#rail"}
			}
		},
		{
			"from":[7,0,8.929],
			"to":[9,0.99,11.7574],
			"rotation":{"angle":45,"axis":"x","origin":[8,0,16]},
			"faces":{
				"east":{"uv":[8,11,9,13],"rotation":90,"texture":"#rail"},
				"west":{"uv":[8,13,7,11],"rotation":90,"texture":"#rail"},
				"up":{"uv":[7,11,9,13],"texture":"#rail"},
				"down":{"uv":[7,13,9,11],"texture":"#rail"}
			}
		},
		{
			"from":[11,0,-6.6275],
			"to":[12,1,16],
			"rotation":{"angle":45,"axis":"x","origin":[8,0,16]},
			"faces":{
				"south":{"uv":[11,15,12,16],"texture":"#rail","cullface":"south"},
				"west":{"uv":[11,16,12,0],"rotation":90,"texture":"#rail"},
				"up":{"uv":[11,0,12,16],"texture":"#rail"},
				"down":{"uv":[11,16,12,0],"texture":"#rail"}
			}
		},
		{
			"from":[4,0,-6.6275],
			"to":[5,1,16],
			"rotation":{"angle":45,"axis":"x","origin":[8,0,16]},
			"faces":{
				"east":{"uv":[4,0,5,16],"rotation":90,"texture":"#rail"},
				"south":{"uv":[4,15,5,16],"texture":"#rail","cullface":"south"},
				"up":{"uv":[4,0,5,16],"texture":"#rail"},
				"down":{"uv":[4,16,5,0],"texture":"#rail"}
			}
		},
		{
			"from":[12,0,-6.6275],
			"to":[14,2,16],
			"rotation":{"angle":45,"axis":"x","origin":[8,0,16]},
			"faces":{
				"east":{"uv":[14,16,13,0],"rotation":270,"texture":"#rail"},
				"south":{"uv":[12,15,14,16],"texture":"#rail","cullface":"south"},
				"west":{"uv":[12,0,13,16],"rotation":270,"texture":"#rail"},
				"up":{"uv":[12,0,14,16],"texture":"#rail"},
				"down":{"uv":[12,16,14,0],"texture":"#rail"}
			}
		},
		{
			"from":[2,0,-6.6275],
			"to":[4,2,16],
			"rotation":{"angle":45,"axis":"x","origin":[8,0,16]},
			"faces":{
				"east":{"uv":[4,16,3,0],"rotation":270,"texture":"#rail"},
				"south":{"uv":[2,15,4,16],"texture":"#rail","cullface":"south"},
				"west":{"uv":[2,0,3,16],"rotation":270,"texture":"#rail"},
				"up":{"uv":[2,0,4,16],"texture":"#rail"},
				"down":{"uv":[2,16,4,0],"texture":"#rail"}
			}
		},
		
		{
			"from":[2,16.4692,0],
			"to":[4,18,1.5307],
			"rotation":{"angle":22.5,"axis":"x","origin":[8,18,0]},
			"faces":{
				"north":{"uv":[4,0,2,1],"texture":"#rail","cullface":"up"},
				"east":{"uv":[4,0,3,1],"texture":"#rail","cullface":"up"},
				"west":{"uv":[2,0,3,1],"texture":"#rail","cullface":"up"},
				"up":{"uv":[2,0,4,1],"texture":"#rail","cullface":"up"}
			}
		},
		{
			"from":[12,16.4692,0],
			"to":[14,18,1.5307],
			"rotation":{"angle":22.5,"axis":"x","origin":[8,18,0]},
			"faces":{
				"north":{"uv":[14,0,12,1],"texture":"#rail","cullface":"up"},
				"east":{"uv":[14,0,13,1],"texture":"#rail","cullface":"up"},
				"west":{"uv":[12,0,13,1],"texture":"#rail","cullface":"up"},
				"up":{"uv":[12,0,14,1],"texture":"#rail","cullface":"up"}
			}
		},
		{
			"from":[2,16,-0.8284],
			"to":[4,17,0],
			"rotation":{"angle":45,"axis":"x","origin":[3,16,0]},
			"faces":{
				"east":{"uv":[4,0,3,1],"texture":"#rail","cullface":"up"},
				"west":{"uv":[2,0,3,1],"texture":"#rail","cullface":"up"},
				"down":{"uv":[2,0,4,1],"texture":"#rail","cullface":"up"}
			}
		},
		{
			"from":[12,16,-0.8284],
			"to":[14,17,0],
			"rotation":{"angle":45,"axis":"x","origin":[3,16,0]},
			"faces":{
				"east":{"uv":[14,0,13,1],"texture":"#rail","cullface":"up"},
				"west":{"uv":[12,0,13,1],"texture":"#rail","cullface":"up"},
				"down":{"uv":[12,0,14,1],"texture":"#rail","cullface":"up"}
			}
		},
		{
			"from":[11,16,-0.4142],
			"to":[12,16.5,0],
			"rotation":{"angle":45,"axis":"x","origin":[6.5,16,0]},
			"faces":{
				"west":{"uv":[11,0,12,1],"texture":"#rail","cullface":"up"},
				"down":{"uv":[11,0,12,1],"texture":"#rail","cullface":"up"}
			}
		},
		{
			"from":[4,16,-0.4142],
			"to":[5,16.5,0],
			"rotation":{"angle":45,"axis":"x","origin":[4.5,16,0]},
			"faces":{
				"east":{"uv":[4,0,5,1],"texture":"#rail","cullface":"up"},
				"down":{"uv":[4,0,5,1],"texture":"#rail","cullface":"up"}
			}
		},
		{
			"from":[4,16.2346,0],
			"to":[5,17,0.76535],
			"rotation":{"angle":22.5,"axis":"x","origin":[7,17,0]},
			"faces":{
				"north":{"uv":[4,0,5,1],"texture":"#rail","cullface":"up"},
				"east":{"uv":[4,0,5,1],"texture":"#rail","cullface":"up"},
				"up":{"uv":[4,0,5,1],"texture":"#rail","cullface":"up"}
			}
		},
		{
			"from":[11,16.2346,0],
			"to":[12,17,0.76535],
			"rotation":{"angle":22.5,"axis":"x","origin":[7,17,0]},
			"faces":{
				"north":{"uv":[11,0,12,1],"texture":"#rail","cullface":"up"},
				"west":{"uv":[11,0,12,1],"texture":"#rail","cullface":"up"},
				"up":{"uv":[11,0,12,1],"texture":"#rail","cullface":"up"}
			}
		}
	]
}