{
	"credit": "Made with Blockbench",
	"textures": {
		"particle": "block/respawn_anchor/respawn_anchor_side3",
		"bottom": "block/respawn_anchor/respawn_anchor_bottom",
		"side": "block/respawn_anchor/respawn_anchor_side3",
		"top": "block/respawn_anchor/respawn_anchor_top"
	},
	"elements": [
		{
			"name": "Base",
			"from": [0, 0, 0],
			"to": [16, 15, 16],
			"faces": {
				"north": {"uv": [0, 1, 16, 16], "texture": "#side", "cullface": "north"},
				"east": {"uv": [0, 1, 16, 16], "texture": "#side", "cullface": "east"},
				"south": {"uv": [0, 1, 16, 16], "texture": "#side", "cullface": "south"},
				"west": {"uv": [0, 1, 16, 16], "texture": "#side", "cullface": "west"},
				"up": {"uv": [0, 0, 16, 16], "texture": "#top", "cullface": "up"},
				"down": {"uv": [0, 0, 16, 16], "texture": "#bottom", "cullface": "down"}
			}
		},
		{
			"from": [0, 13, -0.75],
			"to": [16, 16, 0],
			"rotation": {"angle": 0, "axis": "y", "origin": [8, 0, 8]},
			"faces": {
				"north": {"uv": [0, 0, 16, 3], "texture": "#side", "cullface": "north"},
				"east": {"uv": [15.25, 0, 16, 3], "texture": "#side", "cullface": "north"},
				"west": {"uv": [0, 0, 0.75, 3], "texture": "#side", "cullface": "north"},
				"up": {"uv": [0, 0, 16, 0.75], "rotation": 180, "texture": "#side", "cullface": "north"},
				"down": {"uv": [16, 2.25, 0, 3], "texture": "#side", "cullface": "north"}
			}
		},
		{
			"from": [6, 5, -0.75],
			"to": [10, 6, 0],
			"rotation": {"angle": 0, "axis": "y", "origin": [8, 0, 8]},
			"faces": {
				"north": {"uv": [6, 10, 10, 11], "texture": "#side", "cullface": "north"},
				"east": {"uv": [6, 10, 6.75, 11], "texture": "#side", "cullface": "north"},
				"west": {"uv": [9.25, 10, 10, 11], "texture": "#side", "cullface": "north"},
				"down": {"uv": [10, 10, 6, 10.75], "texture": "#side", "cullface": "north"}
			}
		},
		{
			"from": [3, 6, -0.75],
			"to": [13, 8, 0],
			"rotation": {"angle": 0, "axis": "y", "origin": [8, 0, 8]},
			"faces": {
				"north": {"uv": [3, 8, 13, 10], "texture": "#side", "cullface": "north"},
				"east": {"uv": [3, 8, 3.75, 10], "texture": "#side", "cullface": "north"},
				"west": {"uv": [12.25, 8, 13, 10], "texture": "#side", "cullface": "north"},
				"down": {"uv": [13, 9.25, 3, 10], "texture": "#side", "cullface": "north"}
			}
		},
		{
			"from": [0, 8, -0.75],
			"to": [16, 9, 0],
			"rotation": {"angle": 0, "axis": "y", "origin": [8, 0, 8]},
			"faces": {
				"north": {"uv": [0, 7, 16, 8], "texture": "#side", "cullface": "north"},
				"east": {"uv": [15.25, 7, 16, 8], "texture": "#side", "cullface": "north"},
				"west": {"uv": [0, 7, 0.75, 8], "texture": "#side", "cullface": "north"},
				"up": {"uv": [0, 7, 16, 7.75], "rotation": 180, "texture": "#side", "cullface": "north"},
				"down": {"uv": [16, 7, 0, 7.75], "texture": "#side", "cullface": "north"}
			}
		},
		{
			"from": [0, 9, -0.75],
			"to": [7, 10, 0],
			"rotation": {"angle": 0, "axis": "y", "origin": [8, 0, 8]},
			"faces": {
				"north": {"uv": [9, 6, 16, 7], "texture": "#side", "cullface": "north"},
				"east": {"uv": [9.25, 6, 10, 7], "texture": "#side", "cullface": "north"},
				"west": {"uv": [0, 6, 0.75, 7], "texture": "#side", "cullface": "north"},
				"up": {"uv": [9, 6, 16, 6.75], "rotation": 180, "texture": "#side", "cullface": "north"},
				"down": {"uv": [0, 0, 7, 0.75], "texture": "#missing"}
			}
		},
		{
			"from": [9, 9, -0.75],
			"to": [16, 10, 0],
			"rotation": {"angle": 0, "axis": "y", "origin": [8, 0, 8]},
			"faces": {
				"north": {"uv": [0, 6, 7, 7], "texture": "#side", "cullface": "north"},
				"east": {"uv": [15.25, 6, 16, 7], "texture": "#side", "cullface": "north"},
				"west": {"uv": [6, 6, 6.75, 7], "texture": "#side", "cullface": "north"},
				"up": {"uv": [0, 6, 7, 6.75], "rotation": 180, "texture": "#side", "cullface": "north"},
				"down": {"uv": [0, 0, 7, 0.75], "texture": "#missing"}
			}
		},
		{
			"from": [0, 10, -0.75],
			"to": [6, 12, 0],
			"rotation": {"angle": 0, "axis": "y", "origin": [8, 0, 8]},
			"faces": {
				"north": {"uv": [10, 4, 16, 6], "texture": "#side", "cullface": "north"},
				"east": {"uv": [10, 4, 10.75, 6], "texture": "#side", "cullface": "north"},
				"west": {"uv": [0, 4, 0.75, 6], "texture": "#side", "cullface": "north"},
				"down": {"uv": [0, 0, 6, 0.75], "texture": "#missing"}
			}
		},
		{
			"from": [10, 10, -0.75],
			"to": [16, 12, 0],
			"rotation": {"angle": 0, "axis": "y", "origin": [8, 0, 8]},
			"faces": {
				"north": {"uv": [0, 4, 6, 6], "texture": "#side", "cullface": "north"},
				"east": {"uv": [15.25, 4, 16, 6], "texture": "#side", "cullface": "north"},
				"west": {"uv": [5.25, 4, 6, 6], "texture": "#side", "cullface": "north"},
				"down": {"uv": [0, 0, 6, 0.75], "texture": "#missing"}
			}
		},
		{
			"from": [0, 12, -0.75],
			"to": [7, 13, 0],
			"rotation": {"angle": 0, "axis": "y", "origin": [8, 0, 8]},
			"faces": {
				"north": {"uv": [9, 3, 16, 4], "texture": "#side", "cullface": "north"},
				"east": {"uv": [9, 3, 9.75, 4], "texture": "#side", "cullface": "north"},
				"west": {"uv": [0, 3, 0.75, 4], "texture": "#side", "cullface": "north"},
				"down": {"uv": [16, 3.25, 9, 4], "texture": "#side", "cullface": "north"}
			}
		},
		{
			"from": [9, 12, -0.75],
			"to": [16, 13, 0],
			"rotation": {"angle": 0, "axis": "y", "origin": [8, 0, 8]},
			"faces": {
				"north": {"uv": [0, 3, 7, 4], "texture": "#side", "cullface": "north"},
				"east": {"uv": [15.25, 3, 16, 4], "texture": "#side", "cullface": "north"},
				"west": {"uv": [6.25, 3, 7, 4], "texture": "#side", "cullface": "north"},
				"down": {"uv": [7, 3.25, 0, 4], "texture": "#side", "cullface": "north"}
			}
		},
		{
			"from": [0, 15, 0],
			"to": [14, 16, 2],
			"rotation": {"angle": 0, "axis": "y", "origin": [8, 0, 8]},
			"faces": {
				"south": {"uv": [0, 1, 14, 2], "texture": "#top", "cullface": "up"},
				"up": {"uv": [0, 0, 14, 2], "texture": "#top", "cullface": "up"}
			}
		},
		{
			"from": [-0.75, 13, 0],
			"to": [0, 16, 16],
			"rotation": {"angle": 0, "axis": "y", "origin": [8, 0, 8]},
			"faces": {
				"north": {"uv": [15.25, 0, 16, 3], "texture": "#side", "cullface": "west"},
				"south": {"uv": [0, 0, 0.75, 3], "texture": "#side", "cullface": "west"},
				"west": {"uv": [0, 0, 16, 3], "texture": "#side", "cullface": "west"},
				"up": {"uv": [0, 0, 16, 0.75], "rotation": 90, "texture": "#side", "cullface": "west"},
				"down": {"uv": [16, 2.25, 0, 3], "rotation": 90, "texture": "#side", "cullface": "west"}
			}
		},
		{
			"from": [-0.75, 5, 6],
			"to": [0, 6, 10],
			"rotation": {"angle": 0, "axis": "y", "origin": [8, 0, 8]},
			"faces": {
				"north": {"uv": [6, 10, 6.75, 11], "texture": "#side", "cullface": "west"},
				"south": {"uv": [9.25, 10, 10, 11], "texture": "#side", "cullface": "west"},
				"west": {"uv": [6, 10, 10, 11], "texture": "#side", "cullface": "west"},
				"down": {"uv": [10, 10, 6, 10.75], "rotation": 90, "texture": "#side", "cullface": "west"}
			}
		},
		{
			"from": [-0.75, 6, 3],
			"to": [0, 8, 13],
			"rotation": {"angle": 0, "axis": "y", "origin": [8, 0, 8]},
			"faces": {
				"north": {"uv": [3, 8, 3.75, 10], "texture": "#side", "cullface": "west"},
				"south": {"uv": [12.25, 8, 13, 10], "texture": "#side", "cullface": "west"},
				"west": {"uv": [3, 8, 13, 10], "texture": "#side", "cullface": "west"},
				"down": {"uv": [13, 9.25, 3, 10], "rotation": 90, "texture": "#side", "cullface": "west"}
			}
		},
		{
			"from": [-0.75, 8, 0],
			"to": [0, 9, 16],
			"rotation": {"angle": 0, "axis": "y", "origin": [8, 0, 8]},
			"faces": {
				"north": {"uv": [15.25, 7, 16, 8], "texture": "#side", "cullface": "west"},
				"south": {"uv": [0, 7, 0.75, 8], "texture": "#side", "cullface": "west"},
				"west": {"uv": [0, 7, 16, 8], "texture": "#side", "cullface": "west"},
				"up": {"uv": [0, 7, 16, 7.75], "rotation": 90, "texture": "#side", "cullface": "west"},
				"down": {"uv": [16, 7, 0, 7.75], "rotation": 90, "texture": "#side", "cullface": "west"}
			}
		},
		{
			"from": [-0.75, 9, 9],
			"to": [0, 10, 16],
			"rotation": {"angle": 0, "axis": "y", "origin": [8, 0, 8]},
			"faces": {
				"north": {"uv": [9.25, 6, 10, 7], "texture": "#side", "cullface": "west"},
				"south": {"uv": [0, 6, 0.75, 7], "texture": "#side", "cullface": "west"},
				"west": {"uv": [9, 6, 16, 7], "texture": "#side", "cullface": "west"},
				"up": {"uv": [9, 6, 16, 6.75], "rotation": 90, "texture": "#side", "cullface": "west"},
				"down": {"uv": [0, 0, 7, 0.75], "rotation": 90, "texture": "#missing"}
			}
		},
		{
			"from": [-0.75, 9, 0],
			"to": [0, 10, 7],
			"rotation": {"angle": 0, "axis": "y", "origin": [8, 0, 8]},
			"faces": {
				"north": {"uv": [15.25, 6, 16, 7], "texture": "#side", "cullface": "west"},
				"south": {"uv": [6, 6, 6.75, 7], "texture": "#side", "cullface": "west"},
				"west": {"uv": [0, 6, 7, 7], "texture": "#side", "cullface": "west"},
				"up": {"uv": [0, 6, 7, 6.75], "rotation": 90, "texture": "#side", "cullface": "west"},
				"down": {"uv": [0, 0, 7, 0.75], "rotation": 90, "texture": "#missing"}
			}
		},
		{
			"from": [-0.75, 10, 10],
			"to": [0, 12, 16],
			"rotation": {"angle": 0, "axis": "y", "origin": [8, 0, 8]},
			"faces": {
				"north": {"uv": [10, 4, 10.75, 6], "texture": "#side", "cullface": "west"},
				"south": {"uv": [0, 4, 0.75, 6], "texture": "#side", "cullface": "west"},
				"west": {"uv": [10, 4, 16, 6], "texture": "#side", "cullface": "west"},
				"down": {"uv": [0, 0, 6, 0.75], "rotation": 90, "texture": "#missing"}
			}
		},
		{
			"from": [-0.75, 10, 0],
			"to": [0, 12, 6],
			"rotation": {"angle": 0, "axis": "y", "origin": [8, 0, 8]},
			"faces": {
				"north": {"uv": [15.25, 4, 16, 6], "texture": "#side", "cullface": "west"},
				"south": {"uv": [5.25, 4, 6, 6], "texture": "#side", "cullface": "west"},
				"west": {"uv": [0, 4, 6, 6], "texture": "#side", "cullface": "west"},
				"down": {"uv": [0, 0, 6, 0.75], "rotation": 90, "texture": "#missing"}
			}
		},
		{
			"from": [-0.75, 12, 9],
			"to": [0, 13, 16],
			"rotation": {"angle": 0, "axis": "y", "origin": [8, 0, 8]},
			"faces": {
				"north": {"uv": [9, 3, 9.75, 4], "texture": "#side", "cullface": "west"},
				"south": {"uv": [0, 3, 0.75, 4], "texture": "#side", "cullface": "west"},
				"west": {"uv": [9, 3, 16, 4], "texture": "#side", "cullface": "west"},
				"down": {"uv": [16, 3.25, 9, 4], "rotation": 90, "texture": "#side", "cullface": "west"}
			}
		},
		{
			"from": [-0.75, 12, 0],
			"to": [0, 13, 7],
			"rotation": {"angle": 0, "axis": "y", "origin": [8, 0, 8]},
			"faces": {
				"north": {"uv": [15.25, 3, 16, 4], "texture": "#side", "cullface": "west"},
				"south": {"uv": [6.25, 3, 7, 4], "texture": "#side", "cullface": "west"},
				"west": {"uv": [0, 3, 7, 4], "texture": "#side", "cullface": "west"},
				"down": {"uv": [7, 3.25, 0, 4], "rotation": 90, "texture": "#side", "cullface": "west"}
			}
		},
		{
			"from": [0, 15, 2],
			"to": [2, 16, 16],
			"rotation": {"angle": 0, "axis": "y", "origin": [8, 0, 8]},
			"faces": {
				"east": {"uv": [1, 2, 2, 16], "rotation": 90, "texture": "#top", "cullface": "up"},
				"up": {"uv": [0, 2, 2, 16], "texture": "#top", "cullface": "up"}
			}
		},
		{
			"from": [0, 13, 16],
			"to": [16, 16, 16.75],
			"rotation": {"angle": 0, "axis": "y", "origin": [8, 0, 8]},
			"faces": {
				"east": {"uv": [0, 0, 0.75, 3], "texture": "#side", "cullface": "south"},
				"south": {"uv": [0, 0, 16, 3], "texture": "#side", "cullface": "south"},
				"west": {"uv": [15.25, 0, 16, 3], "texture": "#side", "cullface": "south"},
				"up": {"uv": [0, 0, 16, 0.75], "texture": "#side", "cullface": "south"},
				"down": {"uv": [16, 2.25, 0, 3], "rotation": 180, "texture": "#side", "cullface": "south"}
			}
		},
		{
			"from": [6, 5, 16],
			"to": [10, 6, 16.75],
			"rotation": {"angle": 0, "axis": "y", "origin": [8, 0, 8]},
			"faces": {
				"east": {"uv": [9.25, 10, 10, 11], "texture": "#side", "cullface": "south"},
				"south": {"uv": [6, 10, 10, 11], "texture": "#side", "cullface": "south"},
				"west": {"uv": [6, 10, 6.75, 11], "texture": "#side", "cullface": "south"},
				"down": {"uv": [10, 10, 6, 10.75], "rotation": 180, "texture": "#side", "cullface": "south"}
			}
		},
		{
			"from": [3, 6, 16],
			"to": [13, 8, 16.75],
			"rotation": {"angle": 0, "axis": "y", "origin": [8, 0, 8]},
			"faces": {
				"east": {"uv": [12.25, 8, 13, 10], "texture": "#side", "cullface": "south"},
				"south": {"uv": [3, 8, 13, 10], "texture": "#side", "cullface": "south"},
				"west": {"uv": [3, 8, 3.75, 10], "texture": "#side", "cullface": "south"},
				"down": {"uv": [13, 9.25, 3, 10], "rotation": 180, "texture": "#side", "cullface": "south"}
			}
		},
		{
			"from": [0, 8, 16],
			"to": [16, 9, 16.75],
			"rotation": {"angle": 0, "axis": "y", "origin": [8, 0, 8]},
			"faces": {
				"east": {"uv": [0, 7, 0.75, 8], "texture": "#side", "cullface": "south"},
				"south": {"uv": [0, 7, 16, 8], "texture": "#side", "cullface": "south"},
				"west": {"uv": [15.25, 7, 16, 8], "texture": "#side", "cullface": "south"},
				"up": {"uv": [0, 7, 16, 7.75], "texture": "#side", "cullface": "south"},
				"down": {"uv": [16, 7, 0, 7.75], "rotation": 180, "texture": "#side", "cullface": "south"}
			}
		},
		{
			"from": [9, 9, 16],
			"to": [16, 10, 16.75],
			"rotation": {"angle": 0, "axis": "y", "origin": [8, 0, 8]},
			"faces": {
				"east": {"uv": [0, 6, 0.75, 7], "texture": "#side", "cullface": "south"},
				"south": {"uv": [9, 6, 16, 7], "texture": "#side", "cullface": "south"},
				"west": {"uv": [9.25, 6, 10, 7], "texture": "#side", "cullface": "south"},
				"up": {"uv": [9, 6, 16, 6.75], "texture": "#side", "cullface": "south"},
				"down": {"uv": [0, 0, 7, 0.75], "rotation": 180, "texture": "#missing"}
			}
		},
		{
			"from": [0, 9, 16],
			"to": [7, 10, 16.75],
			"rotation": {"angle": 0, "axis": "y", "origin": [8, 0, 8]},
			"faces": {
				"east": {"uv": [6, 6, 6.75, 7], "texture": "#side", "cullface": "south"},
				"south": {"uv": [0, 6, 7, 7], "texture": "#side", "cullface": "south"},
				"west": {"uv": [15.25, 6, 16, 7], "texture": "#side", "cullface": "south"},
				"up": {"uv": [0, 6, 7, 6.75], "texture": "#side", "cullface": "south"},
				"down": {"uv": [0, 0, 7, 0.75], "rotation": 180, "texture": "#missing"}
			}
		},
		{
			"from": [10, 10, 16],
			"to": [16, 12, 16.75],
			"rotation": {"angle": 0, "axis": "y", "origin": [8, 0, 8]},
			"faces": {
				"east": {"uv": [0, 4, 0.75, 6], "texture": "#side", "cullface": "south"},
				"south": {"uv": [10, 4, 16, 6], "texture": "#side", "cullface": "south"},
				"west": {"uv": [10, 4, 10.75, 6], "texture": "#side", "cullface": "south"},
				"down": {"uv": [0, 0, 6, 0.75], "rotation": 180, "texture": "#missing"}
			}
		},
		{
			"from": [0, 10, 16],
			"to": [6, 12, 16.75],
			"rotation": {"angle": 0, "axis": "y", "origin": [8, 0, 8]},
			"faces": {
				"east": {"uv": [5.25, 4, 6, 6], "texture": "#side", "cullface": "south"},
				"south": {"uv": [0, 4, 6, 6], "texture": "#side", "cullface": "south"},
				"west": {"uv": [15.25, 4, 16, 6], "texture": "#side", "cullface": "south"},
				"down": {"uv": [0, 0, 6, 0.75], "rotation": 180, "texture": "#missing"}
			}
		},
		{
			"from": [9, 12, 16],
			"to": [16, 13, 16.75],
			"rotation": {"angle": 0, "axis": "y", "origin": [8, 0, 8]},
			"faces": {
				"east": {"uv": [0, 3, 0.75, 4], "texture": "#side", "cullface": "south"},
				"south": {"uv": [9, 3, 16, 4], "texture": "#side", "cullface": "south"},
				"west": {"uv": [9, 3, 9.75, 4], "texture": "#side", "cullface": "south"},
				"down": {"uv": [16, 3.25, 9, 4], "rotation": 180, "texture": "#side", "cullface": "south"}
			}
		},
		{
			"from": [0, 12, 16],
			"to": [7, 13, 16.75],
			"rotation": {"angle": 0, "axis": "y", "origin": [8, 0, 8]},
			"faces": {
				"east": {"uv": [6.25, 3, 7, 4], "texture": "#side", "cullface": "south"},
				"south": {"uv": [0, 3, 7, 4], "texture": "#side", "cullface": "south"},
				"west": {"uv": [15.25, 3, 16, 4], "texture": "#side", "cullface": "south"},
				"down": {"uv": [7, 3.25, 0, 4], "rotation": 180, "texture": "#side", "cullface": "south"}
			}
		},
		{
			"from": [2, 15, 14],
			"to": [16, 16, 16],
			"rotation": {"angle": 0, "axis": "y", "origin": [8, 0, 8]},
			"faces": {
				"north": {"uv": [2, 14, 16, 15], "rotation": 180, "texture": "#top", "cullface": "up"},
				"up": {"uv": [2, 14, 16, 16], "texture": "#top", "cullface": "up"}
			}
		},
		{
			"from": [16, 13, 0],
			"to": [16.75, 16, 16],
			"rotation": {"angle": 0, "axis": "y", "origin": [8, 0, 8]},
			"faces": {
				"north": {"uv": [0, 0, 0.75, 3], "texture": "#side", "cullface": "east"},
				"east": {"uv": [0, 0, 16, 3], "texture": "#side", "cullface": "east"},
				"south": {"uv": [15.25, 0, 16, 3], "texture": "#side", "cullface": "east"},
				"up": {"uv": [0, 0, 16, 0.75], "rotation": 270, "texture": "#side", "cullface": "east"},
				"down": {"uv": [16, 2.25, 0, 3], "rotation": 270, "texture": "#side", "cullface": "east"}
			}
		},
		{
			"from": [16, 5, 6],
			"to": [16.75, 6, 10],
			"rotation": {"angle": 0, "axis": "y", "origin": [8, 0, 8]},
			"faces": {
				"north": {"uv": [9.25, 10, 10, 11], "texture": "#side", "cullface": "east"},
				"east": {"uv": [6, 10, 10, 11], "texture": "#side", "cullface": "east"},
				"south": {"uv": [6, 10, 6.75, 11], "texture": "#side", "cullface": "east"},
				"down": {"uv": [10, 10, 6, 10.75], "rotation": 270, "texture": "#side", "cullface": "east"}
			}
		},
		{
			"from": [16, 6, 3],
			"to": [16.75, 8, 13],
			"rotation": {"angle": 0, "axis": "y", "origin": [8, 0, 8]},
			"faces": {
				"north": {"uv": [12.25, 8, 13, 10], "texture": "#side", "cullface": "east"},
				"east": {"uv": [3, 8, 13, 10], "texture": "#side", "cullface": "east"},
				"south": {"uv": [3, 8, 3.75, 10], "texture": "#side", "cullface": "east"},
				"down": {"uv": [13, 9.25, 3, 10], "rotation": 270, "texture": "#side", "cullface": "east"}
			}
		},
		{
			"from": [16, 8, 0],
			"to": [16.75, 9, 16],
			"rotation": {"angle": 0, "axis": "y", "origin": [8, 0, 8]},
			"faces": {
				"north": {"uv": [0, 7, 0.75, 8], "texture": "#side", "cullface": "east"},
				"east": {"uv": [0, 7, 16, 8], "texture": "#side", "cullface": "east"},
				"south": {"uv": [15.25, 7, 16, 8], "texture": "#side", "cullface": "east"},
				"up": {"uv": [0, 7, 16, 7.75], "rotation": 270, "texture": "#side", "cullface": "east"},
				"down": {"uv": [16, 7, 0, 7.75], "rotation": 270, "texture": "#side", "cullface": "east"}
			}
		},
		{
			"from": [16, 9, 0],
			"to": [16.75, 10, 7],
			"rotation": {"angle": 0, "axis": "y", "origin": [8, 0, 8]},
			"faces": {
				"north": {"uv": [0, 6, 0.75, 7], "texture": "#side", "cullface": "east"},
				"east": {"uv": [9, 6, 16, 7], "texture": "#side", "cullface": "east"},
				"south": {"uv": [9.25, 6, 10, 7], "texture": "#side", "cullface": "east"},
				"up": {"uv": [9, 6, 16, 6.75], "rotation": 270, "texture": "#side", "cullface": "east"},
				"down": {"uv": [0, 0, 7, 0.75], "rotation": 270, "texture": "#missing"}
			}
		},
		{
			"from": [16, 9, 9],
			"to": [16.75, 10, 16],
			"rotation": {"angle": 0, "axis": "y", "origin": [8, 0, 8]},
			"faces": {
				"north": {"uv": [6, 6, 6.75, 7], "texture": "#side", "cullface": "east"},
				"east": {"uv": [0, 6, 7, 7], "texture": "#side", "cullface": "east"},
				"south": {"uv": [15.25, 6, 16, 7], "texture": "#side", "cullface": "east"},
				"up": {"uv": [0, 6, 7, 6.75], "rotation": 270, "texture": "#side", "cullface": "east"},
				"down": {"uv": [0, 0, 7, 0.75], "rotation": 270, "texture": "#missing"}
			}
		},
		{
			"from": [16, 10, 0],
			"to": [16.75, 12, 6],
			"rotation": {"angle": 0, "axis": "y", "origin": [8, 0, 8]},
			"faces": {
				"north": {"uv": [0, 4, 0.75, 6], "texture": "#side", "cullface": "east"},
				"east": {"uv": [10, 4, 16, 6], "texture": "#side", "cullface": "east"},
				"south": {"uv": [10, 4, 10.75, 6], "texture": "#side", "cullface": "east"},
				"down": {"uv": [0, 0, 6, 0.75], "rotation": 270, "texture": "#missing"}
			}
		},
		{
			"from": [16, 10, 10],
			"to": [16.75, 12, 16],
			"rotation": {"angle": 0, "axis": "y", "origin": [8, 0, 8]},
			"faces": {
				"north": {"uv": [5.25, 4, 6, 6], "texture": "#side", "cullface": "east"},
				"east": {"uv": [0, 4, 6, 6], "texture": "#side", "cullface": "east"},
				"south": {"uv": [15.25, 4, 16, 6], "texture": "#side", "cullface": "east"},
				"down": {"uv": [0, 0, 6, 0.75], "rotation": 270, "texture": "#missing"}
			}
		},
		{
			"from": [16, 12, 0],
			"to": [16.75, 13, 7],
			"rotation": {"angle": 0, "axis": "y", "origin": [8, 0, 8]},
			"faces": {
				"north": {"uv": [0, 3, 0.75, 4], "texture": "#side", "cullface": "east"},
				"east": {"uv": [9, 3, 16, 4], "texture": "#side", "cullface": "east"},
				"south": {"uv": [9, 3, 9.75, 4], "texture": "#side", "cullface": "east"},
				"down": {"uv": [16, 3.25, 9, 4], "rotation": 270, "texture": "#side", "cullface": "east"}
			}
		},
		{
			"from": [16, 12, 9],
			"to": [16.75, 13, 16],
			"rotation": {"angle": 0, "axis": "y", "origin": [8, 0, 8]},
			"faces": {
				"north": {"uv": [6.25, 3, 7, 4], "texture": "#side", "cullface": "east"},
				"east": {"uv": [0, 3, 7, 4], "texture": "#side", "cullface": "east"},
				"south": {"uv": [15.25, 3, 16, 4], "texture": "#side", "cullface": "east"},
				"down": {"uv": [7, 3.25, 0, 4], "rotation": 270, "texture": "#side", "cullface": "east"}
			}
		},
		{
			"from": [14, 15, 0],
			"to": [16, 16, 14],
			"rotation": {"angle": 0, "axis": "y", "origin": [8, 0, 8]},
			"faces": {
				"west": {"uv": [14, 0, 15, 14], "rotation": 270, "texture": "#top", "cullface": "up"},
				"up": {"uv": [14, 0, 16, 14], "texture": "#top", "cullface": "up"}
			}
		}
	],
	"groups": [
		0,
		{
			"name": "Side",
			"origin": [8, 8, 8],
			"color": 0,
			"children": [1, 2, 3, 4, 5, 6, 7, 8, 9, 10, 11]
		},
		{
			"name": "Side",
			"origin": [8, 8, 8],
			"color": 0,
			"children": [12, 13, 14, 15, 16, 17, 18, 19, 20, 21, 22]
		},
		{
			"name": "Side",
			"origin": [8, 8, 8],
			"color": 0,
			"children": [23, 24, 25, 26, 27, 28, 29, 30, 31, 32, 33]
		},
		{
			"name": "Side",
			"origin": [8, 8, 8],
			"color": 0,
			"children": [34, 35, 36, 37, 38, 39, 40, 41, 42, 43, 44]
		}
	]
}