{
	"credit": "Made with Blockbench",
	"parent": "block/block",
	"ambientocclusion": false,
	"textures": {
		"eye": "block/end_portal_frame/end_portal_frame_eye"
	},
	"elements": [
		{
			"name": "eye",
			"from": [4.5, 12, 4.5],
			"to": [11.5, 16, 11.5],
			"rotation": {"angle": 22.5, "axis": "x", "origin": [8, 13.5, 8]},
			"faces": {
				"north": {"uv": [4, 0, 12, 4], "rotation": 180, "texture": "#eye"},
				"east": {"uv": [12, 4, 16, 12], "rotation": 90, "texture": "#eye"},
				"south": {"uv": [4, 12, 12, 16], "texture": "#eye"},
				"west": {"uv": [0, 4, 4, 12], "rotation": 270, "texture": "#eye"},
				"up": {"uv": [4, 4, 12, 12], "texture": "#eye", "cullface": "up"}
			}
		}
	]
}