{
    "enabled": true,
    "neededInstalledMods": [],
    "neededUninstalledMods": [],
    "spawns": [
      {
        "id": "eeveeon",
        "pokemon": "eeveeon",
        "presets": [
            "natural"
        ],
        "type": "pokemon",
        "context": "grounded",
        "bucket": "ultra-rare",
        "level": "18-40",
        "weight": 15.0,
        "condition": {
          "canSeeSky": true,
          "biomes": [ "#cobblemon:is_overworld" ]
        }
      }
    ]
  }