{
	"credit": "Made with Blockbench",
	"textures": {
		"particle": "block/redstone_torch/redstone_torch",
		"torch": "block/redstone_torch/redstone_torch"
	},
	"elements": [
		{
			"from": [-1, 3.5, 7],
			"to": [1, 13.5, 9],
           		"shade": false,
			"rotation": {"angle": -22.5, "axis": "z", "origin": [0, 3.5, 8]},
			"faces": {
				"north": {"uv": [7, 6, 9, 16], "texture": "#torch"},
				"east": {"uv": [7, 6, 9, 16], "texture": "#torch"},
				"south": {"uv": [7, 6, 9, 16], "texture": "#torch"},
				"west": {"uv": [7, 6, 9, 16], "texture": "#torch"},
				"up": {"uv": [7, 6, 9, 8], "texture": "#torch"},
				"down": {"uv": [7, 14, 9, 16], "texture": "#torch"}
			}
		},
		{
			"from": [1, 13.5, 10],
			"to": [-1, 11.5, 6],
           		"shade": false,
			"rotation": {"angle": -22.5, "axis": "z", "origin": [0, 3.5, 8]},
			"faces": {
				"north": {"uv": [7, 5, 8, 6], "texture": "#torch"},
				"east": {"uv": [7, 5, 8, 6], "texture": "#torch"},
				"south": {"uv": [7, 5, 8, 6], "texture": "#torch"},
				"west": {"uv": [7, 5, 8, 6], "texture": "#torch"},
				"up": {"uv": [7, 5, 8, 6], "texture": "#torch"},
				"down": {"uv": [7, 5, 8, 6], "texture": "#torch"}
			}
		},
		{
			"from": [1, 14.5, 9],
			"to": [-1, 13.5, 7],
           		"shade": false,
			"rotation": {"angle": -22.5, "axis": "z", "origin": [0, 3.5, 8]},
			"faces": {
				"north": {"uv": [7, 5, 8, 6], "rotation": 180, "texture": "#torch"},
				"east": {"uv": [7, 5, 8, 6], "rotation": 90, "texture": "#torch"},
				"south": {"uv": [7, 5, 8, 6], "texture": "#torch"},
				"west": {"uv": [7, 5, 8, 6], "rotation": 270, "texture": "#torch"},
				"down": {"uv": [7, 5, 8, 6], "rotation": 180, "texture": "#torch"}
			}
		},
		{
			"from": [2, 13.5, 9],
			"to": [-2, 11.5, 7],
           		"shade": false,
			"rotation": {"angle": -22.5, "axis": "z", "origin": [0, 3.5, 8]},
			"faces": {
				"north": {"uv": [7, 5, 8, 6], "texture": "#torch"},
				"east": {"uv": [7, 5, 8, 6], "texture": "#torch"},
				"south": {"uv": [7, 5, 8, 6], "texture": "#torch"},
				"west": {"uv": [7, 5, 8, 6], "texture": "#torch"},
				"up": {"uv": [7, 5, 8, 6], "texture": "#torch"},
				"down": {"uv": [7, 5, 8, 6], "rotation": 90, "texture": "#torch"}
			}
		}
	]
}