{
	"credit": "Made with Blockbench",
	"textures": {
		"particle": "block/redstone_torch/redstone_torch",
		"torch": "block/redstone_torch/redstone_torch"
	},
	"elements": [
		{
			"from": [7, 0, 7],
			"to": [9, 10, 9],
           		"shade": false,
			"faces": {
				"north": {"uv": [7, 6, 9, 16], "texture": "#torch"},
				"east": {"uv": [7, 6, 9, 16], "texture": "#torch"},
				"south": {"uv": [7, 6, 9, 16], "texture": "#torch"},
				"west": {"uv": [7, 6, 9, 16], "texture": "#torch"},
				"up": {"uv": [7, 6, 9, 8], "texture": "#torch"},
				"down": {"uv": [7, 14, 9, 16], "texture": "#torch", "cullface": "down"}
			}
		},
		{
			"from": [9, 10, 10],
			"to": [7, 8, 6],
           		"shade": false,
			"rotation": {"angle": 0, "axis": "y", "origin": [8, 9, 8]},
			"faces": {
				"north": {"uv": [7, 5, 8, 6], "texture": "#torch"},
				"east": {"uv": [7, 5, 8, 6], "texture": "#torch"},
				"south": {"uv": [7, 5, 8, 6], "texture": "#torch"},
				"west": {"uv": [7, 5, 8, 6], "texture": "#torch"},
				"up": {"uv": [7, 5, 8, 6], "texture": "#torch"},
				"down": {"uv": [7, 5, 8, 6], "texture": "#torch"}
			}
		},
		{
			"from": [9, 11, 9],
			"to": [7, 10, 7],
           		"shade": false,
			"rotation": {"angle": 0, "axis": "x", "origin": [8, 9, 8]},
			"faces": {
				"north": {"uv": [7, 5, 8, 6], "rotation": 180, "texture": "#torch"},
				"east": {"uv": [7, 5, 8, 6], "rotation": 90, "texture": "#torch"},
				"south": {"uv": [7, 5, 8, 6], "texture": "#torch"},
				"west": {"uv": [7, 5, 8, 6], "rotation": 270, "texture": "#torch"},
				"down": {"uv": [7, 5, 8, 6], "rotation": 180, "texture": "#torch"}
			}
		},
		{
			"from": [10, 10, 9],
			"to": [6, 8, 7],
           		"shade": false,
			"rotation": {"angle": 0, "axis": "y", "origin": [8, 9, 8]},
			"faces": {
				"north": {"uv": [7, 5, 8, 6], "texture": "#torch"},
				"east": {"uv": [7, 5, 8, 6], "texture": "#torch"},
				"south": {"uv": [7, 5, 8, 6], "texture": "#torch"},
				"west": {"uv": [7, 5, 8, 6], "texture": "#torch"},
				"up": {"uv": [7, 5, 8, 6], "texture": "#torch"},
				"down": {"uv": [7, 5, 8, 6], "rotation": 90, "texture": "#torch"}
			}
		}
	]
}