{
    "feature": "minecraft:ore_redstone",
    "placement": [
      {
        "count": {
            "type": "minecraft:weighted_list",
            "distribution": [
                {
                    "weight": 70,
                    "data": 0
                },
                {
                    "weight": 30,
                    "data": 1
                }
            ]
        },
        "type": "minecraft:count"
    },
      {
        "type": "minecraft:in_square"
      },
      {
        "type": "minecraft:height_range",
        "height": {
          "type": "minecraft:uniform",
          "max_inclusive": {
            "absolute": 15
          },
          "min_inclusive": {
            "above_bottom": 0
          }
        }
      },
      {
        "type": "minecraft:biome"
      }
    ]
  }