{
    "feature": "minecraft:ore_coal",
    "placement": [
        {
            "type": "minecraft:count",
            "count": 2
        },
        {
            "type": "minecraft:in_square"
        },
        {
            "height": {
                "min_inclusive": {
                    "absolute": 136
                },
                "max_inclusive": {
                    "below_top": 0
                },
                "type": "minecraft:trapezoid"
            },
            "type": "minecraft:height_range"
        },
        {
            "type": "minecraft:biome"
        }
    ]
}