{
  "feature": "minecraft:ore_nether_gold",
  "placement": [
    {
      "count": {
          "type": "minecraft:weighted_list",
          "distribution": [
              {
                  "weight": 70,
                  "data": 0
              },
              {
                  "weight": 30,
                  "data": 1
              }
          ]
      },
      "type": "minecraft:count"
    },
    {
      "type": "minecraft:in_square"
    },
    {
      "type": "minecraft:height_range",
      "height": {
        "type": "minecraft:uniform",
        "max_inclusive": {
          "below_top": 10
        },
        "min_inclusive": {
          "above_bottom": 10
        }
      }
    },
    {
      "type": "minecraft:biome"
    }
  ]
}