{
  "feature": "minecraft:ore_lapis",
  "placement": [
    {
      "count": {
          "type": "minecraft:weighted_list",
          "distribution": [
              {
                  "weight": 80,
                  "data": 0
              },
              {
                  "weight": 20,
                  "data": 1
              }
          ]
      },
      "type": "minecraft:count"
    },
    {
      "type": "minecraft:in_square"
    },
    {
      "type": "minecraft:height_range",
      "height": {
        "type": "minecraft:trapezoid",
        "max_inclusive": {
          "absolute": 32
        },
        "min_inclusive": {
          "absolute": -32
        }
      }
    },
    {
      "type": "minecraft:biome"
    }
  ]
}