{
  "feature": "minecraft:ore_redstone",
  "placement": [
    {
      "count": {
          "type": "minecraft:weighted_list",
          "distribution": [
              {
                  "weight": 60,
                  "data": 0
              },
              {
                  "weight": 40,
                  "data": 1
              }
          ]
      },
      "type": "minecraft:count"
  },
    {
      "type": "minecraft:in_square"
    },
    {
      "type": "minecraft:height_range",
      "height": {
        "type": "minecraft:trapezoid",
        "max_inclusive": {
          "above_bottom": 32
        },
        "min_inclusive": {
          "above_bottom": -32
        }
      }
    },
    {
      "type": "minecraft:biome"
    }
  ]
}