{
  "feature": "minecraft:ore_lapis_buried",
  "placement": [
    {
      "count": {
          "type": "minecraft:weighted_list",
          "distribution": [
              {
                  "weight": 100,
                  "data": 1
              }
          ]
      },
      "type": "minecraft:count"
    },
    {
      "type": "minecraft:in_square"
    },
    {
      "type": "minecraft:height_range",
      "height": {
        "type": "minecraft:uniform",
        "max_inclusive": {
          "absolute": 64
        },
        "min_inclusive": {
          "above_bottom": 0
        }
      }
    },
    {
      "type": "minecraft:biome"
    }
  ]
}