{
    "feature": "minecraft:ore_diamond_buried",
    "placement": [
      {
        "count": {
            "type": "minecraft:weighted_list",
            "distribution": [
                {
                    "weight": 875,
                    "data": 0
                },
                {
                    "weight": 125,
                    "data": 1
                }
            ]
        },
        "type": "minecraft:count"
    },
      {
        "type": "minecraft:in_square"
      },
      {
        "type": "minecraft:height_range",
        "height": {
          "type": "minecraft:trapezoid",
          "max_inclusive": {
            "above_bottom": 80
          },
          "min_inclusive": {
            "above_bottom": -80
          }
        }
      },
      {
        "type": "minecraft:biome"
      }
    ]
  }