{
    "feature": "minecraft:ore_gold_buried",
    "placement": [
      {
        "count": {
            "type": "minecraft:weighted_list",
            "distribution": [
                {
                    "weight": 40,
                    "data": 0
                },
                {
                    "weight": 60,
                    "data": 1
                }
            ]
        },
        "type": "minecraft:count"
      },
      {
        "type": "minecraft:in_square"
      },
      {
        "type": "minecraft:height_range",
        "height": {
          "type": "minecraft:trapezoid",
          "max_inclusive": {
            "absolute": 32
          },
          "min_inclusive": {
            "absolute": -64
          }
        }
      },
      {
        "type": "minecraft:biome"
      }
    ]
  }