{
    "feature": "minecraft:ore_copper_large",
    "placement": [
        {
            "count": {
                "type": "minecraft:weighted_list",
                "distribution": [
                    {
                        "weight": 70,
                        "data": 0
                    },
                    {
                        "weight": 30,
                        "data": 1
                    }
                ]
            },
            "type": "minecraft:count"
        },
        {
            "type": "minecraft:in_square"
        },
        {
            "height": {
                "min_inclusive": {
                    "absolute": -16
                },
                "max_inclusive": {
                    "absolute": 112
                },
                "type": "minecraft:trapezoid"
            },
            "type": "minecraft:height_range"
        },
        {
            "type": "minecraft:biome"
        }
    ]
}