{
  "variants": {
    "": [
      {"model": "minecraft:block/azure_bluet", "y":0, "weight":11},
      {"model": "minecraft:block/azure_bluet", "y":90, "weight":11},
      {"model": "minecraft:block/azure_bluet", "y":180, "weight":11},
	  {"model": "minecraft:block/azure_bluet", "y":270, "weight":11},
	  
      {"model": "minecraft:block/azure_bluet_butterfly", "y":0, "weight":1},
      {"model": "minecraft:block/azure_bluet_butterfly", "y":90, "weight":1},
      {"model": "minecraft:block/azure_bluet_butterfly1", "y":0, "weight":1},
      {"model": "minecraft:block/azure_bluet_butterfly1", "y":90, "weight":1}
    ]
  }
}
//Added in: Beautiful prototype 2