{
  "variants": {
    "": [
      {"model": "minecraft:block/blue_orchid", "y":0, "weight":11},
      {"model": "minecraft:block/blue_orchid", "y":90, "weight":11},
      {"model": "minecraft:block/blue_orchid", "y":180, "weight":11},
	  {"model": "minecraft:block/blue_orchid", "y":270, "weight":11},
	  
      {"model": "minecraft:block/blue_orchid_butterfly", "y":0, "weight":1},
      {"model": "minecraft:block/blue_orchid_butterfly", "y":90, "weight":1},
      {"model": "minecraft:block/blue_orchid_butterfly1", "y":0, "weight":1},
      {"model": "minecraft:block/blue_orchid_butterfly1", "y":90, "weight":1}
    ]
  }
}
//Added in: Beautiful prototype 2