{
	"credit": "Made by TheWaschtlPlays using Blockbench",
	"ambientocclusion": false,
	"textures": {
		"1": "mangrove_trapdoor/mangrove_trapdoor_side",
		"particle": "mangrove_trapdoor/mangrove_trapdoor",
		"texture": "mangrove_trapdoor/mangrove_trapdoor"
	},
	"elements": [
		{
			"name": "NW",
			"from": [0, 13, 0],
			"to": [2, 16, 2],
			"faces": {
				"north": {"uv": [14, 0, 16, 3], "texture": "#1", "cullface": "north"},
				"south": {"uv": [0, 0, 2, 3], "texture": "#1"},
				"west": {"uv": [0, 0, 2, 3], "texture": "#1", "cullface": "west"},
				"up": {"uv": [14, 14, 16, 16], "rotation": 180, "texture": "#texture", "cullface": "up"},
				"down": {"uv": [14, 14, 16, 16], "rotation": 90, "texture": "#texture"}
			}
		},
		{
			"name": "NE",
			"from": [14, 13, 0],
			"to": [16, 16, 2],
			"faces": {
				"north": {"uv": [0, 0, 2, 3], "texture": "#1", "cullface": "north"},
				"east": {"uv": [14, 0, 16, 3], "texture": "#1", "cullface": "east"},
				"south": {"uv": [14, 0, 16, 3], "texture": "#1"},
				"up": {"uv": [0, 14, 2, 16], "rotation": 180, "texture": "#texture", "cullface": "up"},
				"down": {"uv": [0, 14, 2, 16], "rotation": 90, "texture": "#texture"}
			}
		},
		{
			"name": "SW",
			"from": [0, 13, 14],
			"to": [2, 16, 16],
			"faces": {
				"north": {"uv": [14, 0, 16, 3], "texture": "#1"},
				"east": {"uv": [0, 0, 2, 3], "texture": "#1"},
				"south": {"uv": [0, 0, 2, 3], "texture": "#1", "cullface": "south"},
				"west": {"uv": [14, 0, 16, 3], "texture": "#1", "cullface": "west"},
				"up": {"uv": [14, 0, 16, 2], "rotation": 180, "texture": "#texture", "cullface": "up"},
				"down": {"uv": [14, 0, 16, 2], "rotation": 90, "texture": "#texture"}
			}
		},
		{
			"name": "SE",
			"from": [14, 13, 14],
			"to": [16, 16, 16],
			"faces": {
				"north": {"uv": [0, 0, 2, 3], "texture": "#1"},
				"east": {"uv": [0, 0, 2, 3], "texture": "#1", "cullface": "east"},
				"south": {"uv": [14, 0, 16, 3], "texture": "#1", "cullface": "south"},
				"west": {"uv": [14, 0, 16, 3], "texture": "#1"},
				"up": {"uv": [0, 0, 2, 2], "rotation": 180, "texture": "#texture", "cullface": "up"},
				"down": {"uv": [0, 0, 2, 2], "rotation": 90, "texture": "#texture"}
			}
		},
		{
			"name": "E",
			"from": [15, 13, 2],
			"to": [16, 16, 14],
			"faces": {
				"east": {"uv": [2, 0, 14, 3], "texture": "#1", "cullface": "east"},
				"west": {"uv": [2, 0, 14, 3], "texture": "#1"},
				"up": {"uv": [0, 2, 1, 14], "texture": "#texture", "cullface": "up"},
				"down": {"uv": [0, 2, 1, 14], "texture": "#texture"}
			}
		},
		{
			"name": "W",
			"from": [0, 13, 2],
			"to": [1, 16, 14],
			"faces": {
				"east": {"uv": [2, 0, 14, 3], "texture": "#1"},
				"west": {"uv": [2, 0, 14, 3], "texture": "#1", "cullface": "west"},
				"up": {"uv": [15, 2, 16, 14], "rotation": 180, "texture": "#texture", "cullface": "up"},
				"down": {"uv": [15, 2, 16, 14], "rotation": 180, "texture": "#texture"}
			}
		},
		{
			"name": "S",
			"from": [2, 13, 15],
			"to": [14, 16, 16],
			"faces": {
				"north": {"uv": [2, 0, 14, 3], "texture": "#1"},
				"south": {"uv": [2, 0, 14, 3], "texture": "#1", "cullface": "south"},
				"up": {"uv": [2, 0, 14, 1], "texture": "#texture", "cullface": "up"},
				"down": {"uv": [2, 0, 14, 1], "texture": "#texture"}
			}
		},
		{
			"from": [3, 13, 13],
			"to": [13, 16, 14],
			"faces": {
				"north": {"uv": [3, 2, 13, 3], "texture": "#texture"},
				"east": {"uv": [3, 2, 4, 3], "texture": "#texture"},
				"south": {"uv": [3, 2, 13, 3], "rotation": 180, "texture": "#texture"},
				"west": {"uv": [12, 2, 13, 3], "texture": "#texture"},
				"up": {"uv": [3, 2, 13, 3], "rotation": 180, "texture": "#texture", "cullface": "up"},
				"down": {"uv": [3, 2, 13, 3], "rotation": 180, "texture": "#texture"}
			}
		},
		{
			"from": [2, 13, 0],
			"to": [14, 16, 3],
			"faces": {
				"north": {"uv": [2, 0, 14, 3], "texture": "#1", "cullface": "north"},
				"east": {"uv": [2, 13, 3, 14], "texture": "#texture"},
				"south": {"uv": [2, 13, 14, 14], "rotation": 180, "texture": "#texture"},
				"west": {"uv": [13, 13, 14, 14], "texture": "#texture"},
				"up": {"uv": [2, 13, 14, 16], "rotation": 180, "texture": "#texture", "cullface": "up"},
				"down": {"uv": [2, 13, 14, 16], "texture": "#texture"}
			}
		},
		{
			"from": [2, 13, 3],
			"to": [3, 16, 13],
			"faces": {
				"east": {"uv": [13, 3, 14, 13], "rotation": 270, "texture": "#texture"},
				"south": {"uv": [13, 3, 14, 4], "texture": "#texture"},
				"west": {"uv": [13, 3, 14, 13], "rotation": 90, "texture": "#texture"},
				"up": {"uv": [13, 3, 14, 13], "texture": "#texture", "cullface": "up"},
				"down": {"uv": [13, 3, 14, 13], "texture": "#texture"}
			}
		},
		{
			"from": [13, 13, 3],
			"to": [14, 16, 13],
			"faces": {
				"east": {"uv": [2, 3, 3, 13], "rotation": 270, "texture": "#texture"},
				"south": {"uv": [2, 3, 3, 4], "texture": "#texture"},
				"west": {"uv": [2, 3, 3, 13], "rotation": 90, "texture": "#texture"},
				"up": {"uv": [2, 3, 3, 13], "rotation": 180, "texture": "#texture", "cullface": "up"},
				"down": {"uv": [2, 3, 3, 13], "texture": "#texture"}
			}
		},
		{
			"from": [12, 13, 12],
			"to": [13, 16, 13],
			"faces": {
				"north": {"uv": [3, 3, 4, 4], "texture": "#texture"},
				"west": {"uv": [3, 3, 4, 4], "texture": "#texture"},
				"up": {"uv": [3, 3, 4, 4], "texture": "#texture", "cullface": "up"},
				"down": {"uv": [3, 3, 4, 4], "texture": "#texture"}
			}
		},
		{
			"from": [3, 13, 12],
			"to": [4, 16, 13],
			"faces": {
				"north": {"uv": [12, 3, 13, 4], "texture": "#texture"},
				"east": {"uv": [12, 3, 13, 4], "texture": "#texture"},
				"up": {"uv": [12, 3, 13, 4], "texture": "#texture", "cullface": "up"},
				"down": {"uv": [12, 3, 13, 4], "texture": "#texture"}
			}
		},
		{
			"from": [3, 13, 3],
			"to": [4, 16, 4],
			"faces": {
				"east": {"uv": [12, 12, 13, 13], "texture": "#texture"},
				"south": {"uv": [12, 12, 13, 13], "texture": "#texture"},
				"up": {"uv": [12, 12, 13, 13], "texture": "#texture", "cullface": "up"},
				"down": {"uv": [12, 12, 13, 13], "texture": "#texture"}
			}
		},
		{
			"from": [12, 13, 3],
			"to": [13, 16, 4],
			"faces": {
				"south": {"uv": [3, 12, 4, 13], "texture": "#texture"},
				"west": {"uv": [3, 12, 4, 13], "texture": "#texture"},
				"up": {"uv": [3, 12, 4, 13], "texture": "#texture", "cullface": "up"},
				"down": {"uv": [3, 12, 4, 13], "texture": "#texture"}
			}
		},
		{
			"from": [4, 13, 5],
			"to": [5, 16, 11],
			"faces": {
				"north": {"uv": [11, 10, 12, 11], "texture": "#texture"},
				"east": {"uv": [5, 0, 11, 3], "texture": "#1"},
				"south": {"uv": [11, 5, 12, 6], "texture": "#texture"},
				"west": {"uv": [11, 5, 12, 11], "rotation": 270, "texture": "#texture"},
				"up": {"uv": [11, 5, 12, 11], "texture": "#texture", "cullface": "up"},
				"down": {"uv": [11, 5, 12, 11], "texture": "#texture"}
			}
		},
		{
			"from": [11, 13, 5],
			"to": [12, 16, 11],
			"faces": {
				"north": {"uv": [4, 10, 5, 11], "texture": "#texture"},
				"east": {"uv": [4, 5, 5, 11], "rotation": 90, "texture": "#texture"},
				"south": {"uv": [4, 5, 5, 6], "texture": "#texture"},
				"west": {"uv": [9, 0, 15, 3], "texture": "#1"},
				"up": {"uv": [4, 5, 5, 11], "texture": "#texture", "cullface": "up"},
				"down": {"uv": [4, 5, 5, 11], "texture": "#texture"}
			}
		},
		{
			"from": [5, 13, 11],
			"to": [11, 16, 12],
			"faces": {
				"north": {"uv": [1, 0, 7, 3], "texture": "#1"},
				"east": {"uv": [5, 4, 6, 5], "texture": "#texture"},
				"south": {"uv": [5, 4, 11, 5], "texture": "#texture"},
				"west": {"uv": [10, 4, 11, 5], "texture": "#texture"},
				"up": {"uv": [5, 4, 11, 5], "texture": "#texture", "cullface": "up"},
				"down": {"uv": [5, 4, 11, 5], "texture": "#texture"}
			}
		},
		{
			"from": [5, 13, 4],
			"to": [11, 16, 5],
			"faces": {
				"north": {"uv": [5, 11, 11, 12], "texture": "#texture"},
				"east": {"uv": [5, 11, 6, 12], "texture": "#texture"},
				"south": {"uv": [5, 0, 11, 3], "texture": "#1"},
				"west": {"uv": [10, 11, 11, 12], "texture": "#texture"},
				"up": {"uv": [5, 11, 11, 12], "texture": "#texture", "cullface": "up"},
				"down": {"uv": [5, 11, 11, 12], "texture": "#texture"}
			}
		},
		{
			"from": [10, 13, 10],
			"to": [11, 16, 11],
			"faces": {
				"north": {"uv": [2, 0, 3, 3], "texture": "#1"},
				"west": {"uv": [2, 0, 3, 3], "texture": "#1"},
				"up": {"uv": [5, 5, 6, 6], "texture": "#texture", "cullface": "up"},
				"down": {"uv": [5, 5, 6, 6], "texture": "#texture"}
			}
		},
		{
			"from": [5, 13, 10],
			"to": [6, 16, 11],
			"faces": {
				"north": {"uv": [6, 0, 7, 3], "texture": "#1"},
				"east": {"uv": [6, 0, 7, 3], "texture": "#1"},
				"up": {"uv": [10, 5, 11, 6], "texture": "#texture", "cullface": "up"},
				"down": {"uv": [10, 5, 11, 6], "texture": "#texture"}
			}
		},
		{
			"from": [5, 13, 5],
			"to": [6, 16, 6],
			"faces": {
				"east": {"uv": [9, 0, 10, 3], "texture": "#1"},
				"south": {"uv": [9, 0, 10, 3], "texture": "#1"},
				"up": {"uv": [10, 10, 11, 11], "texture": "#texture", "cullface": "up"},
				"down": {"uv": [10, 10, 11, 11], "texture": "#texture"}
			}
		},
		{
			"from": [10, 13, 5],
			"to": [11, 16, 6],
			"faces": {
				"south": {"uv": [13, 0, 14, 3], "texture": "#1"},
				"west": {"uv": [13, 0, 14, 3], "texture": "#1"},
				"up": {"uv": [5, 10, 6, 11], "texture": "#texture", "cullface": "up"},
				"down": {"uv": [5, 10, 6, 11], "texture": "#texture"}
			}
		},
		{
			"from": [11, 13.5, 2],
			"to": [15, 15.5, 14],
			"faces": {
				"up": {"uv": [1, 2, 5, 14], "rotation": 180, "texture": "#texture", "cullface": "up"},
				"down": {"uv": [11, 2, 15, 14], "texture": "#texture"}
			}
		},
		{
			"from": [5, 13.5, 3],
			"to": [11, 15.5, 4],
			"rotation": {"angle": 0, "axis": "y", "origin": [8, 1.5, 8]},
			"faces": {
				"up": {"uv": [5, 12, 11, 13], "rotation": 180, "texture": "#texture", "cullface": "up"},
				"down": {"uv": [5, 12, 11, 13], "texture": "#texture"}
			}
		},
		{
			"from": [2, 13.5, 11],
			"to": [14, 15.5, 15],
			"faces": {
				"up": {"uv": [2, 1, 14, 5], "rotation": 180, "texture": "#texture", "cullface": "up"},
				"down": {"uv": [2, 1, 14, 5], "texture": "#texture"}
			}
		},
		{
			"from": [1, 13.5, 2],
			"to": [5, 15.5, 14],
			"faces": {
				"up": {"uv": [11, 2, 15, 14], "rotation": 180, "texture": "#texture", "cullface": "up"},
				"down": {"uv": [1, 2, 5, 14], "texture": "#texture"}
			}
		},
		{
			"name": "handle",
			"from": [5, 12.75, 1],
			"to": [11, 16.25, 2],
			"faces": {
				"north": {"uv": [5, 14, 11, 15], "rotation": 180, "texture": "#texture"},
				"east": {"uv": [5, 14, 6, 15], "texture": "#texture"},
				"south": {"uv": [5, 14, 11, 15], "texture": "#texture"},
				"west": {"uv": [10, 14, 11, 15], "texture": "#texture"},
				"up": {"uv": [5, 14, 11, 15], "texture": "#texture", "cullface": "up"},
				"down": {"uv": [5, 14, 11, 15], "texture": "#texture"}
			}
		}
	],
	"display": {
		"thirdperson_righthand": {
			"rotation": [75, 45, 0],
			"translation": [0, 2.5, 2],
			"scale": [0.375, 0.375, 0.375]
		},
		"thirdperson_lefthand": {
			"rotation": [75, 45, 0],
			"translation": [0, 2.5, 2],
			"scale": [0.375, 0.375, 0.375]
		},
		"firstperson_righthand": {
			"rotation": [0, 45, 0],
			"translation": [0, 4.2, 0],
			"scale": [0.4, 0.4, 0.4]
		},
		"firstperson_lefthand": {
			"rotation": [0, 45, 0],
			"translation": [0, 4.2, 0],
			"scale": [0.4, 0.4, 0.4]
		},
		"ground": {
			"translation": [0, 3, 0],
			"scale": [0.25, 0.25, 0.25]
		},
		"gui": {
			"rotation": [30, 45, 0],
			"scale": [0.625, 0.625, 0.625]
		},
		"head": {
			"rotation": [0, 180, 0]
		},
		"fixed": {
			"rotation": [0, 180, 0]
		}
	},
	"groups": [
		{
			"name": "Corners",
			"origin": [0, 0, 0],
			"color": 0,
			"children": [0, 1, 2, 3]
		},
		{
			"name": "Outer",
			"origin": [0, 0, 0],
			"color": 0,
			"children": [4, 5, 6]
		},
		{
			"name": "Mittle",
			"origin": [0, 0, 0],
			"color": 0,
			"children": [7, 8, 9, 10, 11, 12, 13, 14]
		},
		{
			"name": "Inner",
			"origin": [0, 0, 0],
			"color": 0,
			"children": [15, 16, 17, 18, 19, 20, 21, 22]
		},
		{
			"name": "plane",
			"origin": [0, 0, 0],
			"color": 0,
			"children": [23, 24, 25, 26]
		},
		27
	]
}