{
    "credit": "Made by TheWaschtlPlays using Blockbench",
    "textures": {
        "particle": "#lamp"
    },
    "elements": [
        {
            "from": [1, 1, 1],
            "to": [15, 15, 15],
            "faces": {
                "north": {"uv": [1, 1, 15, 15], "texture": "#lamp", "cullface": "north"},
                "east": {"uv": [1, 1, 15, 15], "texture": "#lamp", "cullface": "east"},
                "south": {"uv": [1, 1, 15, 15], "texture": "#lamp", "cullface": "south"},
                "west": {"uv": [1, 1, 15, 15], "texture": "#lamp", "cullface": "west"},
                "up": {"uv": [1, 1, 15, 15], "texture": "#lamp", "cullface": "up"},
                "down": {"uv": [1, 1, 15, 15], "texture": "#lamp", "cullface": "down"}
            }
        },
        {
            "name": "center NS",
            "from": [4, 4, 0.5],
            "to": [12, 12, 15.5],
            "rotation": {"angle": 0, "axis": "y", "origin": [8, 8, 8]},
            "faces": {
                "north": {"uv": [4, 4, 12, 12], "texture": "#lamp", "cullface": "north"},
                "south": {"uv": [4, 4, 12, 12], "texture": "#lamp", "cullface": "south"}
            }
        },
        {
            "name": "center WE",
            "from": [0.5, 4, 4],
            "to": [15.5, 12, 12],
            "rotation": {"angle": 0, "axis": "y", "origin": [8, 8, 8]},
            "faces": {
                "east": {"uv": [4, 4, 12, 12], "texture": "#lamp", "cullface": "east"},
                "west": {"uv": [4, 4, 12, 12], "texture": "#lamp", "cullface": "west"}
            }
        },
        {
            "name": "center UD",
            "from": [4, 0.5, 4],
            "to": [12, 15.5, 12],
            "rotation": {"angle": 0, "axis": "z", "origin": [8, 8, 8]},
            "faces": {
                "up": {"uv": [4, 4, 12, 12], "rotation": 270, "texture": "#lamp", "cullface": "up"},
                "down": {"uv": [4, 4, 12, 12], "rotation": 270, "texture": "#lamp", "cullface": "down"}
            }
        },
        {
            "from": [1, 15, 0],
            "to": [16, 16, 1],
            "rotation": {"angle": 0, "axis": "y", "origin": [8, 8, 8]},
            "faces": {
                "north": {"uv": [0, 0, 1, 1], "texture": "#lamp", "cullface": "north"},
                "east": {"uv": [0, 0, 1, 1], "texture": "#lamp", "cullface": "east"},
                "south": {"uv": [0, 0, 1, 1], "texture": "#lamp", "cullface": "up"},
                "up": {"uv": [0, 0, 1, 1], "texture": "#lamp", "cullface": "up"},
                "down": {"uv": [0, 0, 1, 1], "texture": "#lamp", "cullface": "north"}
            }
        },
        {
            "from": [0, 15, 0],
            "to": [1, 16, 15],
            "rotation": {"angle": 0, "axis": "y", "origin": [8, 8, 8]},
            "faces": {
                "north": {"uv": [0, 0, 1, 1], "rotation": 270, "texture": "#lamp", "cullface": "north"},
                "east": {"uv": [0, 0, 1, 1], "rotation": 270, "texture": "#lamp", "cullface": "up"},
                "west": {"uv": [0, 0, 1, 1], "rotation": 270, "texture": "#lamp", "cullface": "west"},
                "up": {"uv": [0, 0, 1, 1], "rotation": 270, "texture": "#lamp", "cullface": "up"},
                "down": {"uv": [0, 0, 1, 1], "rotation": 270, "texture": "#lamp", "cullface": "west"}
            }
        },
        {
            "from": [0, 15, 15],
            "to": [15, 16, 16],
            "rotation": {"angle": 0, "axis": "y", "origin": [8, 8, 8]},
            "faces": {
                "north": {"uv": [0, 0, 1, 1], "rotation": 180, "texture": "#lamp", "cullface": "up"},
                "south": {"uv": [0, 0, 1, 1], "rotation": 180, "texture": "#lamp", "cullface": "south"},
                "west": {"uv": [0, 0, 1, 1], "rotation": 180, "texture": "#lamp", "cullface": "west"},
                "up": {"uv": [0, 0, 1, 1], "rotation": 180, "texture": "#lamp", "cullface": "up"},
                "down": {"uv": [0, 0, 1, 1], "rotation": 180, "texture": "#lamp", "cullface": "south"}
            }
        },
        {
            "from": [15, 15, 1],
            "to": [16, 16, 16],
            "rotation": {"angle": 0, "axis": "y", "origin": [8, 8, 8]},
            "faces": {
                "east": {"uv": [0, 0, 1, 1], "rotation": 90, "texture": "#lamp", "cullface": "east"},
                "south": {"uv": [0, 0, 1, 1], "rotation": 90, "texture": "#lamp", "cullface": "south"},
                "west": {"uv": [0, 0, 1, 1], "rotation": 90, "texture": "#lamp", "cullface": "up"},
                "up": {"uv": [0, 0, 1, 1], "rotation": 90, "texture": "#lamp", "cullface": "up"},
                "down": {"uv": [0, 0, 1, 1], "rotation": 90, "texture": "#lamp", "cullface": "east"}
            }
        },
        {
            "from": [1, 0, 0],
            "to": [16, 1, 1],
            "rotation": {"angle": 0, "axis": "y", "origin": [8, 8, 8]},
            "faces": {
                "north": {"uv": [0, 0, 1, 1], "texture": "#lamp", "cullface": "north"},
                "east": {"uv": [0, 0, 1, 1], "texture": "#lamp", "cullface": "east"},
                "south": {"uv": [0, 0, 1, 1], "texture": "#lamp", "cullface": "down"},
                "up": {"uv": [0, 0, 1, 1], "texture": "#lamp", "cullface": "north"},
                "down": {"uv": [0, 0, 1, 1], "texture": "#lamp", "cullface": "down"}
            }
        },
        {
            "from": [0, 0, 0],
            "to": [1, 1, 15],
            "rotation": {"angle": 0, "axis": "y", "origin": [8, 8, 8]},
            "faces": {
                "north": {"uv": [0, 0, 1, 1], "rotation": 270, "texture": "#lamp", "cullface": "north"},
                "east": {"uv": [0, 0, 1, 1], "rotation": 270, "texture": "#lamp", "cullface": "down"},
                "west": {"uv": [0, 0, 1, 1], "rotation": 270, "texture": "#lamp", "cullface": "west"},
                "up": {"uv": [0, 0, 1, 1], "rotation": 270, "texture": "#lamp", "cullface": "west"},
                "down": {"uv": [0, 0, 1, 1], "rotation": 270, "texture": "#lamp", "cullface": "down"}
            }
        },
        {
            "from": [0, 0, 15],
            "to": [15, 1, 16],
            "rotation": {"angle": 0, "axis": "y", "origin": [8, 8, 8]},
            "faces": {
                "north": {"uv": [0, 0, 1, 1], "rotation": 180, "texture": "#lamp", "cullface": "down"},
                "south": {"uv": [0, 0, 1, 1], "rotation": 180, "texture": "#lamp", "cullface": "south"},
                "west": {"uv": [0, 0, 1, 1], "rotation": 180, "texture": "#lamp", "cullface": "west"},
                "up": {"uv": [0, 0, 1, 1], "rotation": 180, "texture": "#lamp", "cullface": "south"},
                "down": {"uv": [0, 0, 1, 1], "rotation": 180, "texture": "#lamp", "cullface": "down"}
            }
        },
        {
            "from": [15, 0, 1],
            "to": [16, 1, 16],
            "rotation": {"angle": 0, "axis": "y", "origin": [8, 8, 8]},
            "faces": {
                "east": {"uv": [0, 0, 1, 1], "rotation": 90, "texture": "#lamp", "cullface": "east"},
                "south": {"uv": [0, 0, 1, 1], "rotation": 90, "texture": "#lamp", "cullface": "south"},
                "west": {"uv": [0, 0, 1, 1], "rotation": 90, "texture": "#lamp", "cullface": "down"},
                "up": {"uv": [0, 0, 1, 1], "rotation": 90, "texture": "#lamp", "cullface": "east"},
                "down": {"uv": [0, 0, 1, 1], "rotation": 90, "texture": "#lamp", "cullface": "down"}
            }
        },
        {
            "name": "side",
            "from": [0, 1, 0],
            "to": [1, 15, 1],
            "rotation": {"angle": 0, "axis": "y", "origin": [8, 8, 8]},
            "faces": {
                "north": {"uv": [0, 0, 1, 1], "texture": "#lamp", "cullface": "north"},
                "east": {"uv": [0, 0, 1, 1], "texture": "#lamp", "cullface": "north"},
                "south": {"uv": [0, 0, 1, 1], "texture": "#lamp", "cullface": "west"},
                "west": {"uv": [0, 0, 1, 1], "texture": "#lamp", "cullface": "west"}
            }
        },
        {
            "name": "side",
            "from": [15, 1, 0],
            "to": [16, 15, 1],
            "rotation": {"angle": 0, "axis": "y", "origin": [8, 8, 8]},
            "faces": {
                "north": {"uv": [0, 0, 1, 1], "rotation": 90, "texture": "#lamp", "cullface": "north"},
                "east": {"uv": [0, 0, 1, 1], "rotation": 90, "texture": "#lamp", "cullface": "east"},
                "south": {"uv": [0, 0, 1, 1], "rotation": 90, "texture": "#lamp", "cullface": "east"},
                "west": {"uv": [0, 0, 1, 1], "rotation": 90, "texture": "#lamp", "cullface": "north"}
            }
        },
        {
            "name": "side",
            "from": [15, 1, 15],
            "to": [16, 15, 16],
            "rotation": {"angle": 0, "axis": "y", "origin": [8, 8, 8]},
            "faces": {
                "north": {"uv": [0, 0, 1, 1], "rotation": 180, "texture": "#lamp", "cullface": "east"},
                "east": {"uv": [0, 0, 1, 1], "rotation": 180, "texture": "#lamp", "cullface": "east"},
                "south": {"uv": [0, 0, 1, 1], "rotation": 180, "texture": "#lamp", "cullface": "south"},
                "west": {"uv": [0, 0, 1, 1], "rotation": 180, "texture": "#lamp", "cullface": "south"}
            }
        },
        {
            "name": "side",
            "from": [0, 1, 15],
            "to": [1, 15, 16],
            "rotation": {"angle": 0, "axis": "y", "origin": [8, 8, 8]},
            "faces": {
                "north": {"uv": [0, 0, 1, 1], "rotation": 270, "texture": "#lamp", "cullface": "west"},
                "east": {"uv": [0, 0, 1, 1], "rotation": 270, "texture": "#lamp", "cullface": "south"},
                "south": {"uv": [0, 0, 1, 1], "rotation": 270, "texture": "#lamp", "cullface": "south"},
                "west": {"uv": [0, 0, 1, 1], "rotation": 270, "texture": "#lamp", "cullface": "west"}
            }
        },
        {
            "name": "outer",
            "from": [11, 11, 0],
            "to": [15, 12, 1],
            "rotation": {"angle": 0, "axis": "y", "origin": [8, 8, 8]},
            "faces": {
                "north": {"uv": [0, 0, 1, 1], "texture": "#lamp", "cullface": "north"},
                "west": {"uv": [0, 0, 1, 1], "texture": "#lamp", "cullface": "north"},
                "up": {"uv": [0, 0, 1, 1], "texture": "#lamp", "cullface": "north"},
                "down": {"uv": [0, 0, 1, 1], "texture": "#lamp", "cullface": "north"}
            }
        },
        {
            "name": "outer",
            "from": [4, 1, 0],
            "to": [5, 4, 1],
            "rotation": {"angle": 0, "axis": "y", "origin": [8, 8, 8]},
            "faces": {
                "north": {"uv": [0, 0, 1, 1], "texture": "#lamp", "cullface": "north"},
                "east": {"uv": [0, 0, 1, 1], "texture": "#lamp", "cullface": "north"},
                "west": {"uv": [0, 0, 1, 1], "texture": "#lamp", "cullface": "north"}
            }
        },
        {
            "name": "outer",
            "from": [11, 1, 0],
            "to": [12, 4, 1],
            "rotation": {"angle": 0, "axis": "y", "origin": [8, 8, 8]},
            "faces": {
                "north": {"uv": [0, 0, 1, 1], "texture": "#lamp", "cullface": "north"},
                "east": {"uv": [0, 0, 1, 1], "texture": "#lamp", "cullface": "north"},
                "west": {"uv": [0, 0, 1, 1], "texture": "#lamp", "cullface": "north"}
            }
        },
        {
            "name": "outer",
            "from": [11, 12, 0],
            "to": [12, 15, 1],
            "rotation": {"angle": 0, "axis": "y", "origin": [8, 8, 8]},
            "faces": {
                "north": {"uv": [0, 0, 1, 1], "texture": "#lamp", "cullface": "north"},
                "east": {"uv": [0, 0, 1, 1], "texture": "#lamp", "cullface": "north"},
                "west": {"uv": [0, 0, 1, 1], "texture": "#lamp", "cullface": "north"}
            }
        },
        {
            "name": "outer",
            "from": [4, 12, 0],
            "to": [5, 15, 1],
            "rotation": {"angle": 0, "axis": "y", "origin": [8, 8, 8]},
            "faces": {
                "north": {"uv": [0, 0, 1, 1], "texture": "#lamp", "cullface": "north"},
                "east": {"uv": [0, 0, 1, 1], "texture": "#lamp", "cullface": "north"},
                "west": {"uv": [0, 0, 1, 1], "texture": "#lamp", "cullface": "north"}
            }
        },
        {
            "name": "outer",
            "from": [1, 11, 0],
            "to": [5, 12, 1],
            "rotation": {"angle": 0, "axis": "y", "origin": [8, 8, 8]},
            "faces": {
                "north": {"uv": [0, 0, 1, 1], "texture": "#lamp", "cullface": "north"},
                "east": {"uv": [0, 0, 1, 1], "texture": "#lamp", "cullface": "north"},
                "up": {"uv": [0, 0, 1, 1], "texture": "#lamp", "cullface": "north"},
                "down": {"uv": [0, 0, 1, 1], "texture": "#lamp", "cullface": "north"}
            }
        },
        {
            "name": "outer",
            "from": [1, 4, 0],
            "to": [5, 5, 1],
            "rotation": {"angle": 0, "axis": "y", "origin": [8, 8, 8]},
            "faces": {
                "north": {"uv": [0, 0, 1, 1], "texture": "#lamp", "cullface": "north"},
                "east": {"uv": [0, 0, 1, 1], "texture": "#lamp", "cullface": "north"},
                "up": {"uv": [0, 0, 1, 1], "texture": "#lamp", "cullface": "north"},
                "down": {"uv": [0, 0, 1, 1], "texture": "#lamp", "cullface": "north"}
            }
        },
        {
            "name": "outer",
            "from": [11, 4, 0],
            "to": [15, 5, 1],
            "rotation": {"angle": 0, "axis": "y", "origin": [8, 8, 8]},
            "faces": {
                "north": {"uv": [0, 0, 1, 1], "texture": "#lamp", "cullface": "north"},
                "west": {"uv": [0, 0, 1, 1], "texture": "#lamp", "cullface": "north"},
                "up": {"uv": [0, 0, 1, 1], "texture": "#lamp", "cullface": "north"},
                "down": {"uv": [0, 0, 1, 1], "texture": "#lamp", "cullface": "north"}
            }
        },
        {
            "name": "center",
            "from": [5, 12, 0],
            "to": [11, 13, 1],
            "rotation": {"angle": 0, "axis": "y", "origin": [8, 8, 8]},
            "faces": {
                "north": {"uv": [0, 0, 1, 1], "texture": "#lamp", "cullface": "north"},
                "up": {"uv": [0, 0, 1, 1], "texture": "#lamp", "cullface": "north"},
                "down": {"uv": [0, 0, 1, 1], "texture": "#lamp", "cullface": "north"}
            }
        },
        {
            "name": "center",
            "from": [5, 3, 0],
            "to": [11, 4, 1],
            "rotation": {"angle": 0, "axis": "y", "origin": [8, 8, 8]},
            "faces": {
                "north": {"uv": [0, 0, 1, 1], "texture": "#lamp", "cullface": "north"},
                "up": {"uv": [0, 0, 1, 1], "texture": "#lamp", "cullface": "north"},
                "down": {"uv": [0, 0, 1, 1], "texture": "#lamp", "cullface": "north"}
            }
        },
        {
            "name": "center",
            "from": [12, 5, 0],
            "to": [13, 11, 1],
            "rotation": {"angle": 0, "axis": "y", "origin": [8, 8, 8]},
            "faces": {
                "north": {"uv": [0, 0, 1, 1], "texture": "#lamp", "cullface": "north"},
                "east": {"uv": [0, 0, 1, 1], "texture": "#lamp", "cullface": "north"},
                "west": {"uv": [0, 0, 1, 1], "texture": "#lamp", "cullface": "north"}
            }
        },
        {
            "name": "center",
            "from": [3, 5, 0],
            "to": [4, 11, 1],
            "rotation": {"angle": 0, "axis": "y", "origin": [8, 8, 8]},
            "faces": {
                "north": {"uv": [0, 0, 1, 1], "texture": "#lamp", "cullface": "north"},
                "east": {"uv": [0, 0, 1, 1], "texture": "#lamp", "cullface": "north"},
                "west": {"uv": [0, 0, 1, 1], "texture": "#lamp", "cullface": "north"}
            }
        },
        {
            "name": "outer",
            "from": [1, 11, 15],
            "to": [5, 12, 16],
            "rotation": {"angle": 0, "axis": "y", "origin": [8, 8, 8]},
            "faces": {
                "east": {"uv": [0, 0, 1, 1], "texture": "#lamp", "cullface": "south"},
                "south": {"uv": [0, 0, 1, 1], "texture": "#lamp", "cullface": "south"},
                "up": {"uv": [0, 0, 1, 1], "rotation": 180, "texture": "#lamp", "cullface": "south"},
                "down": {"uv": [0, 0, 1, 1], "rotation": 180, "texture": "#lamp", "cullface": "south"}
            }
        },
        {
            "name": "outer",
            "from": [11, 1, 15],
            "to": [12, 4, 16],
            "rotation": {"angle": 0, "axis": "y", "origin": [8, 8, 8]},
            "faces": {
                "east": {"uv": [0, 0, 1, 1], "texture": "#lamp", "cullface": "south"},
                "south": {"uv": [0, 0, 1, 1], "texture": "#lamp", "cullface": "south"},
                "west": {"uv": [0, 0, 1, 1], "texture": "#lamp", "cullface": "south"}
            }
        },
        {
            "name": "outer",
            "from": [4, 1, 15],
            "to": [5, 4, 16],
            "rotation": {"angle": 0, "axis": "y", "origin": [8, 8, 8]},
            "faces": {
                "east": {"uv": [0, 0, 1, 1], "texture": "#lamp", "cullface": "south"},
                "south": {"uv": [0, 0, 1, 1], "texture": "#lamp", "cullface": "south"},
                "west": {"uv": [0, 0, 1, 1], "texture": "#lamp", "cullface": "south"}
            }
        },
        {
            "name": "outer",
            "from": [4, 12, 15],
            "to": [5, 15, 16],
            "rotation": {"angle": 0, "axis": "y", "origin": [8, 8, 8]},
            "faces": {
                "east": {"uv": [0, 0, 1, 1], "texture": "#lamp", "cullface": "south"},
                "south": {"uv": [0, 0, 1, 1], "texture": "#lamp", "cullface": "south"},
                "west": {"uv": [0, 0, 1, 1], "texture": "#lamp", "cullface": "south"}
            }
        },
        {
            "name": "outer",
            "from": [11, 12, 15],
            "to": [12, 15, 16],
            "rotation": {"angle": 0, "axis": "y", "origin": [8, 8, 8]},
            "faces": {
                "east": {"uv": [0, 0, 1, 1], "texture": "#lamp", "cullface": "south"},
                "south": {"uv": [0, 0, 1, 1], "texture": "#lamp", "cullface": "south"},
                "west": {"uv": [0, 0, 1, 1], "texture": "#lamp", "cullface": "south"}
            }
        },
        {
            "name": "outer",
            "from": [11, 11, 15],
            "to": [15, 12, 16],
            "rotation": {"angle": 0, "axis": "y", "origin": [8, 8, 8]},
            "faces": {
                "south": {"uv": [0, 0, 1, 1], "texture": "#lamp", "cullface": "south"},
                "west": {"uv": [0, 0, 1, 1], "texture": "#lamp", "cullface": "south"},
                "up": {"uv": [0, 0, 1, 1], "rotation": 180, "texture": "#lamp", "cullface": "south"},
                "down": {"uv": [0, 0, 1, 1], "rotation": 180, "texture": "#lamp", "cullface": "south"}
            }
        },
        {
            "name": "outer",
            "from": [11, 4, 15],
            "to": [15, 5, 16],
            "rotation": {"angle": 0, "axis": "y", "origin": [8, 8, 8]},
            "faces": {
                "south": {"uv": [0, 0, 1, 1], "texture": "#lamp", "cullface": "south"},
                "west": {"uv": [0, 0, 1, 1], "texture": "#lamp", "cullface": "south"},
                "up": {"uv": [0, 0, 1, 1], "rotation": 180, "texture": "#lamp", "cullface": "south"},
                "down": {"uv": [0, 0, 1, 1], "rotation": 180, "texture": "#lamp", "cullface": "south"}
            }
        },
        {
            "name": "outer",
            "from": [1, 4, 15],
            "to": [5, 5, 16],
            "rotation": {"angle": 0, "axis": "y", "origin": [8, 8, 8]},
            "faces": {
                "east": {"uv": [0, 0, 1, 1], "texture": "#lamp", "cullface": "south"},
                "south": {"uv": [0, 0, 1, 1], "texture": "#lamp", "cullface": "south"},
                "up": {"uv": [0, 0, 1, 1], "rotation": 180, "texture": "#lamp", "cullface": "south"},
                "down": {"uv": [0, 0, 1, 1], "rotation": 180, "texture": "#lamp", "cullface": "south"}
            }
        },
        {
            "name": "center",
            "from": [5, 12, 15],
            "to": [11, 13, 16],
            "rotation": {"angle": 0, "axis": "y", "origin": [8, 8, 8]},
            "faces": {
                "south": {"uv": [0, 0, 1, 1], "texture": "#lamp", "cullface": "south"},
                "up": {"uv": [0, 0, 1, 1], "rotation": 180, "texture": "#lamp", "cullface": "south"},
                "down": {"uv": [0, 0, 1, 1], "rotation": 180, "texture": "#lamp", "cullface": "south"}
            }
        },
        {
            "name": "center",
            "from": [5, 3, 15],
            "to": [11, 4, 16],
            "rotation": {"angle": 0, "axis": "y", "origin": [8, 8, 8]},
            "faces": {
                "south": {"uv": [0, 0, 1, 1], "texture": "#lamp", "cullface": "south"},
                "up": {"uv": [0, 0, 1, 1], "rotation": 180, "texture": "#lamp", "cullface": "south"},
                "down": {"uv": [0, 0, 1, 1], "rotation": 180, "texture": "#lamp", "cullface": "south"}
            }
        },
        {
            "name": "center",
            "from": [3, 5, 15],
            "to": [4, 11, 16],
            "rotation": {"angle": 0, "axis": "y", "origin": [8, 8, 8]},
            "faces": {
                "east": {"uv": [0, 0, 1, 1], "texture": "#lamp", "cullface": "south"},
                "south": {"uv": [0, 0, 1, 1], "texture": "#lamp", "cullface": "south"},
                "west": {"uv": [0, 0, 1, 1], "texture": "#lamp", "cullface": "south"}
            }
        },
        {
            "name": "center",
            "from": [12, 5, 15],
            "to": [13, 11, 16],
            "rotation": {"angle": 0, "axis": "y", "origin": [8, 8, 8]},
            "faces": {
                "east": {"uv": [0, 0, 1, 1], "texture": "#lamp", "cullface": "south"},
                "south": {"uv": [0, 0, 1, 1], "texture": "#lamp", "cullface": "south"},
                "west": {"uv": [0, 0, 1, 1], "texture": "#lamp", "cullface": "south"}
            }
        },
        {
            "name": "outer",
            "from": [0, 11, 1],
            "to": [1, 12, 5],
            "rotation": {"angle": 0, "axis": "y", "origin": [8, 8, 8]},
            "faces": {
                "south": {"uv": [0, 0, 1, 1], "texture": "#lamp", "cullface": "west"},
                "west": {"uv": [0, 0, 1, 1], "texture": "#lamp", "cullface": "west"},
                "up": {"uv": [0, 0, 1, 1], "rotation": 270, "texture": "#lamp", "cullface": "west"},
                "down": {"uv": [0, 0, 1, 1], "rotation": 90, "texture": "#lamp", "cullface": "west"}
            }
        },
        {
            "name": "outer",
            "from": [0, 1, 11],
            "to": [1, 4, 12],
            "rotation": {"angle": 0, "axis": "y", "origin": [8, 8, 8]},
            "faces": {
                "north": {"uv": [0, 0, 1, 1], "texture": "#lamp", "cullface": "west"},
                "south": {"uv": [0, 0, 1, 1], "texture": "#lamp", "cullface": "west"},
                "west": {"uv": [0, 0, 1, 1], "texture": "#lamp", "cullface": "west"}
            }
        },
        {
            "name": "outer",
            "from": [0, 1, 4],
            "to": [1, 4, 5],
            "rotation": {"angle": 0, "axis": "y", "origin": [8, 8, 8]},
            "faces": {
                "north": {"uv": [0, 0, 1, 1], "texture": "#lamp", "cullface": "west"},
                "south": {"uv": [0, 0, 1, 1], "texture": "#lamp", "cullface": "west"},
                "west": {"uv": [0, 0, 1, 1], "texture": "#lamp", "cullface": "west"}
            }
        },
        {
            "name": "outer",
            "from": [0, 12, 4],
            "to": [1, 15, 5],
            "rotation": {"angle": 0, "axis": "y", "origin": [8, 8, 8]},
            "faces": {
                "north": {"uv": [0, 0, 1, 1], "texture": "#lamp", "cullface": "west"},
                "south": {"uv": [0, 0, 1, 1], "texture": "#lamp", "cullface": "west"},
                "west": {"uv": [0, 0, 1, 1], "texture": "#lamp", "cullface": "west"}
            }
        },
        {
            "name": "outer",
            "from": [0, 12, 11],
            "to": [1, 15, 12],
            "rotation": {"angle": 0, "axis": "y", "origin": [8, 8, 8]},
            "faces": {
                "north": {"uv": [0, 0, 1, 1], "texture": "#lamp", "cullface": "west"},
                "south": {"uv": [0, 0, 1, 1], "texture": "#lamp", "cullface": "west"},
                "west": {"uv": [0, 0, 1, 1], "texture": "#lamp", "cullface": "west"}
            }
        },
        {
            "name": "outer",
            "from": [0, 11, 11],
            "to": [1, 12, 15],
            "rotation": {"angle": 0, "axis": "y", "origin": [8, 8, 8]},
            "faces": {
                "north": {"uv": [0, 0, 1, 1], "texture": "#lamp", "cullface": "west"},
                "west": {"uv": [0, 0, 1, 1], "texture": "#lamp", "cullface": "west"},
                "up": {"uv": [0, 0, 1, 1], "rotation": 270, "texture": "#lamp", "cullface": "west"},
                "down": {"uv": [0, 0, 1, 1], "rotation": 90, "texture": "#lamp", "cullface": "west"}
            }
        },
        {
            "name": "outer",
            "from": [0, 4, 11],
            "to": [1, 5, 15],
            "rotation": {"angle": 0, "axis": "y", "origin": [8, 8, 8]},
            "faces": {
                "north": {"uv": [0, 0, 1, 1], "texture": "#lamp", "cullface": "west"},
                "west": {"uv": [0, 0, 1, 1], "texture": "#lamp", "cullface": "west"},
                "up": {"uv": [0, 0, 1, 1], "rotation": 270, "texture": "#lamp", "cullface": "west"},
                "down": {"uv": [0, 0, 1, 1], "rotation": 90, "texture": "#lamp", "cullface": "west"}
            }
        },
        {
            "name": "outer",
            "from": [0, 4, 1],
            "to": [1, 5, 5],
            "rotation": {"angle": 0, "axis": "y", "origin": [8, 8, 8]},
            "faces": {
                "south": {"uv": [0, 0, 1, 1], "texture": "#lamp", "cullface": "west"},
                "west": {"uv": [0, 0, 1, 1], "texture": "#lamp", "cullface": "west"},
                "up": {"uv": [0, 0, 1, 1], "rotation": 270, "texture": "#lamp", "cullface": "west"},
                "down": {"uv": [0, 0, 1, 1], "rotation": 90, "texture": "#lamp", "cullface": "west"}
            }
        },
        {
            "name": "center",
            "from": [0, 12, 5],
            "to": [1, 13, 11],
            "rotation": {"angle": 0, "axis": "y", "origin": [8, 8, 8]},
            "faces": {
                "west": {"uv": [0, 0, 1, 1], "texture": "#lamp", "cullface": "west"},
                "up": {"uv": [0, 0, 1, 1], "rotation": 270, "texture": "#lamp", "cullface": "west"},
                "down": {"uv": [0, 0, 1, 1], "rotation": 90, "texture": "#lamp", "cullface": "west"}
            }
        },
        {
            "name": "center",
            "from": [0, 3, 5],
            "to": [1, 4, 11],
            "rotation": {"angle": 0, "axis": "y", "origin": [8, 8, 8]},
            "faces": {
                "west": {"uv": [0, 0, 1, 1], "texture": "#lamp", "cullface": "west"},
                "up": {"uv": [0, 0, 1, 1], "rotation": 270, "texture": "#lamp", "cullface": "west"},
                "down": {"uv": [0, 0, 1, 1], "rotation": 90, "texture": "#lamp", "cullface": "west"}
            }
        },
        {
            "name": "center",
            "from": [0, 5, 3],
            "to": [1, 11, 4],
            "rotation": {"angle": 0, "axis": "y", "origin": [8, 8, 8]},
            "faces": {
                "north": {"uv": [0, 0, 1, 1], "texture": "#lamp", "cullface": "west"},
                "south": {"uv": [0, 0, 1, 1], "texture": "#lamp", "cullface": "west"},
                "west": {"uv": [0, 0, 1, 1], "texture": "#lamp", "cullface": "west"}
            }
        },
        {
            "name": "center",
            "from": [0, 5, 12],
            "to": [1, 11, 13],
            "rotation": {"angle": 0, "axis": "y", "origin": [8, 8, 8]},
            "faces": {
                "north": {"uv": [0, 0, 1, 1], "texture": "#lamp", "cullface": "west"},
                "south": {"uv": [0, 0, 1, 1], "texture": "#lamp", "cullface": "west"},
                "west": {"uv": [0, 0, 1, 1], "texture": "#lamp", "cullface": "west"}
            }
        },
        {
            "name": "outer",
            "from": [15, 11, 11],
            "to": [16, 12, 15],
            "rotation": {"angle": 0, "axis": "y", "origin": [8, 8, 8]},
            "faces": {
                "north": {"uv": [0, 0, 1, 1], "texture": "#lamp", "cullface": "east"},
                "east": {"uv": [0, 0, 1, 1], "texture": "#lamp", "cullface": "east"},
                "up": {"uv": [0, 0, 1, 1], "rotation": 90, "texture": "#lamp", "cullface": "east"},
                "down": {"uv": [0, 0, 1, 1], "rotation": 270, "texture": "#lamp", "cullface": "east"}
            }
        },
        {
            "name": "outer",
            "from": [15, 1, 4],
            "to": [16, 4, 5],
            "rotation": {"angle": 0, "axis": "y", "origin": [8, 8, 8]},
            "faces": {
                "north": {"uv": [0, 0, 1, 1], "texture": "#lamp", "cullface": "east"},
                "east": {"uv": [0, 0, 1, 1], "texture": "#lamp", "cullface": "east"},
                "south": {"uv": [0, 0, 1, 1], "texture": "#lamp", "cullface": "east"}
            }
        },
        {
            "name": "outer",
            "from": [15, 1, 11],
            "to": [16, 4, 12],
            "rotation": {"angle": 0, "axis": "y", "origin": [8, 8, 8]},
            "faces": {
                "north": {"uv": [0, 0, 1, 1], "texture": "#lamp", "cullface": "east"},
                "east": {"uv": [0, 0, 1, 1], "texture": "#lamp", "cullface": "east"},
                "south": {"uv": [0, 0, 1, 1], "texture": "#lamp", "cullface": "east"}
            }
        },
        {
            "name": "outer",
            "from": [15, 12, 11],
            "to": [16, 15, 12],
            "rotation": {"angle": 0, "axis": "y", "origin": [8, 8, 8]},
            "faces": {
                "north": {"uv": [0, 0, 1, 1], "texture": "#lamp", "cullface": "east"},
                "east": {"uv": [0, 0, 1, 1], "texture": "#lamp", "cullface": "east"},
                "south": {"uv": [0, 0, 1, 1], "texture": "#lamp", "cullface": "east"}
            }
        },
        {
            "name": "outer",
            "from": [15, 12, 4],
            "to": [16, 15, 5],
            "rotation": {"angle": 0, "axis": "y", "origin": [8, 8, 8]},
            "faces": {
                "north": {"uv": [0, 0, 1, 1], "texture": "#lamp", "cullface": "east"},
                "east": {"uv": [0, 0, 1, 1], "texture": "#lamp", "cullface": "east"},
                "south": {"uv": [0, 0, 1, 1], "texture": "#lamp", "cullface": "east"}
            }
        },
        {
            "name": "outer",
            "from": [15, 11, 1],
            "to": [16, 12, 5],
            "rotation": {"angle": 0, "axis": "y", "origin": [8, 8, 8]},
            "faces": {
                "east": {"uv": [0, 0, 1, 1], "texture": "#lamp", "cullface": "east"},
                "south": {"uv": [0, 0, 1, 1], "texture": "#lamp", "cullface": "east"},
                "up": {"uv": [0, 0, 1, 1], "rotation": 90, "texture": "#lamp", "cullface": "east"},
                "down": {"uv": [0, 0, 1, 1], "rotation": 270, "texture": "#lamp", "cullface": "east"}
            }
        },
        {
            "name": "outer",
            "from": [15, 4, 1],
            "to": [16, 5, 5],
            "rotation": {"angle": 0, "axis": "y", "origin": [8, 8, 8]},
            "faces": {
                "east": {"uv": [0, 0, 1, 1], "texture": "#lamp", "cullface": "east"},
                "south": {"uv": [0, 0, 1, 1], "texture": "#lamp", "cullface": "east"},
                "up": {"uv": [0, 0, 1, 1], "rotation": 90, "texture": "#lamp", "cullface": "east"},
                "down": {"uv": [0, 0, 1, 1], "rotation": 270, "texture": "#lamp", "cullface": "east"}
            }
        },
        {
            "name": "outer",
            "from": [15, 4, 11],
            "to": [16, 5, 15],
            "rotation": {"angle": 0, "axis": "y", "origin": [8, 8, 8]},
            "faces": {
                "north": {"uv": [0, 0, 1, 1], "texture": "#lamp", "cullface": "east"},
                "east": {"uv": [0, 0, 1, 1], "texture": "#lamp", "cullface": "east"},
                "up": {"uv": [0, 0, 1, 1], "rotation": 90, "texture": "#lamp", "cullface": "east"},
                "down": {"uv": [0, 0, 1, 1], "rotation": 270, "texture": "#lamp", "cullface": "east"}
            }
        },
        {
            "name": "center",
            "from": [15, 12, 5],
            "to": [16, 13, 11],
            "rotation": {"angle": 0, "axis": "y", "origin": [8, 8, 8]},
            "faces": {
                "east": {"uv": [0, 0, 1, 1], "texture": "#lamp", "cullface": "east"},
                "up": {"uv": [0, 0, 1, 1], "rotation": 90, "texture": "#lamp", "cullface": "east"},
                "down": {"uv": [0, 0, 1, 1], "rotation": 270, "texture": "#lamp", "cullface": "east"}
            }
        },
        {
            "name": "center",
            "from": [15, 3, 5],
            "to": [16, 4, 11],
            "rotation": {"angle": 0, "axis": "y", "origin": [8, 8, 8]},
            "faces": {
                "east": {"uv": [0, 0, 1, 1], "texture": "#lamp", "cullface": "east"},
                "up": {"uv": [0, 0, 1, 1], "rotation": 90, "texture": "#lamp", "cullface": "east"},
                "down": {"uv": [0, 0, 1, 1], "rotation": 270, "texture": "#lamp", "cullface": "east"}
            }
        },
        {
            "name": "center",
            "from": [15, 5, 12],
            "to": [16, 11, 13],
            "rotation": {"angle": 0, "axis": "y", "origin": [8, 8, 8]},
            "faces": {
                "north": {"uv": [0, 0, 1, 1], "texture": "#lamp", "cullface": "east"},
                "east": {"uv": [0, 0, 1, 1], "texture": "#lamp", "cullface": "east"},
                "south": {"uv": [0, 0, 1, 1], "texture": "#lamp", "cullface": "east"}
            }
        },
        {
            "name": "center",
            "from": [15, 5, 3],
            "to": [16, 11, 4],
            "rotation": {"angle": 0, "axis": "y", "origin": [8, 8, 8]},
            "faces": {
                "north": {"uv": [0, 0, 1, 1], "texture": "#lamp", "cullface": "east"},
                "east": {"uv": [0, 0, 1, 1], "texture": "#lamp", "cullface": "east"},
                "south": {"uv": [0, 0, 1, 1], "texture": "#lamp", "cullface": "east"}
            }
        },
        {
            "name": "outer",
            "from": [11, 15, 11],
            "to": [15, 16, 12],
            "rotation": {"angle": 0, "axis": "x", "origin": [8, 8, 8]},
            "faces": {
                "north": {"uv": [0, 0, 1, 1], "rotation": 180, "texture": "#lamp", "cullface": "up"},
                "south": {"uv": [0, 0, 1, 1], "texture": "#lamp", "cullface": "up"},
                "west": {"uv": [0, 0, 1, 1], "rotation": 90, "texture": "#lamp", "cullface": "up"},
                "up": {"uv": [0, 0, 1, 1], "rotation": 180, "texture": "#lamp", "cullface": "up"}
            }
        },
        {
            "name": "outer",
            "from": [4, 15, 1],
            "to": [5, 16, 4],
            "rotation": {"angle": 0, "axis": "x", "origin": [8, 8, 8]},
            "faces": {
                "east": {"uv": [0, 0, 1, 1], "rotation": 270, "texture": "#lamp", "cullface": "up"},
                "west": {"uv": [0, 0, 1, 1], "rotation": 90, "texture": "#lamp", "cullface": "up"},
                "up": {"uv": [0, 0, 1, 1], "rotation": 180, "texture": "#lamp", "cullface": "up"}
            }
        },
        {
            "name": "outer",
            "from": [11, 15, 1],
            "to": [12, 16, 4],
            "rotation": {"angle": 0, "axis": "x", "origin": [8, 8, 8]},
            "faces": {
                "east": {"uv": [0, 0, 1, 1], "rotation": 270, "texture": "#lamp", "cullface": "up"},
                "west": {"uv": [0, 0, 1, 1], "rotation": 90, "texture": "#lamp", "cullface": "up"},
                "up": {"uv": [0, 0, 1, 1], "rotation": 180, "texture": "#lamp", "cullface": "up"}
            }
        },
        {
            "name": "outer",
            "from": [11, 15, 12],
            "to": [12, 16, 15],
            "rotation": {"angle": 0, "axis": "x", "origin": [8, 8, 8]},
            "faces": {
                "east": {"uv": [0, 0, 1, 1], "rotation": 270, "texture": "#lamp", "cullface": "up"},
                "west": {"uv": [0, 0, 1, 1], "rotation": 90, "texture": "#lamp", "cullface": "up"},
                "up": {"uv": [0, 0, 1, 1], "rotation": 180, "texture": "#lamp", "cullface": "up"}
            }
        },
        {
            "name": "outer",
            "from": [4, 15, 12],
            "to": [5, 16, 15],
            "rotation": {"angle": 0, "axis": "x", "origin": [8, 8, 8]},
            "faces": {
                "east": {"uv": [0, 0, 1, 1], "rotation": 270, "texture": "#lamp", "cullface": "up"},
                "west": {"uv": [0, 0, 1, 1], "rotation": 90, "texture": "#lamp", "cullface": "up"},
                "up": {"uv": [0, 0, 1, 1], "rotation": 180, "texture": "#lamp", "cullface": "up"}
            }
        },
        {
            "name": "outer",
            "from": [1, 15, 11],
            "to": [5, 16, 12],
            "rotation": {"angle": 0, "axis": "x", "origin": [8, 8, 8]},
            "faces": {
                "north": {"uv": [0, 0, 1, 1], "rotation": 180, "texture": "#lamp", "cullface": "up"},
                "east": {"uv": [0, 0, 1, 1], "rotation": 270, "texture": "#lamp", "cullface": "up"},
                "south": {"uv": [0, 0, 1, 1], "texture": "#lamp", "cullface": "up"},
                "up": {"uv": [0, 0, 1, 1], "rotation": 180, "texture": "#lamp", "cullface": "up"}
            }
        },
        {
            "name": "outer",
            "from": [1, 15, 4],
            "to": [5, 16, 5],
            "rotation": {"angle": 0, "axis": "x", "origin": [8, 8, 8]},
            "faces": {
                "north": {"uv": [0, 0, 1, 1], "rotation": 180, "texture": "#lamp", "cullface": "up"},
                "east": {"uv": [0, 0, 1, 1], "rotation": 270, "texture": "#lamp", "cullface": "up"},
                "south": {"uv": [0, 0, 1, 1], "texture": "#lamp", "cullface": "up"},
                "up": {"uv": [0, 0, 1, 1], "rotation": 180, "texture": "#lamp", "cullface": "up"}
            }
        },
        {
            "name": "outer",
            "from": [11, 15, 4],
            "to": [15, 16, 5],
            "rotation": {"angle": 0, "axis": "x", "origin": [8, 8, 8]},
            "faces": {
                "north": {"uv": [0, 0, 1, 1], "rotation": 180, "texture": "#lamp", "cullface": "up"},
                "south": {"uv": [0, 0, 1, 1], "texture": "#lamp", "cullface": "up"},
                "west": {"uv": [0, 0, 1, 1], "rotation": 90, "texture": "#lamp", "cullface": "up"},
                "up": {"uv": [0, 0, 1, 1], "rotation": 180, "texture": "#lamp", "cullface": "up"}
            }
        },
        {
            "name": "center",
            "from": [5, 15, 12],
            "to": [11, 16, 13],
            "rotation": {"angle": 0, "axis": "x", "origin": [8, 8, 8]},
            "faces": {
                "north": {"uv": [0, 0, 1, 1], "rotation": 180, "texture": "#lamp", "cullface": "up"},
                "south": {"uv": [0, 0, 1, 1], "texture": "#lamp", "cullface": "up"},
                "up": {"uv": [0, 0, 1, 1], "rotation": 180, "texture": "#lamp", "cullface": "up"}
            }
        },
        {
            "name": "center",
            "from": [5, 15, 3],
            "to": [11, 16, 4],
            "rotation": {"angle": 0, "axis": "x", "origin": [8, 8, 8]},
            "faces": {
                "north": {"uv": [0, 0, 1, 1], "rotation": 180, "texture": "#lamp", "cullface": "up"},
                "south": {"uv": [0, 0, 1, 1], "texture": "#lamp", "cullface": "up"},
                "up": {"uv": [0, 0, 1, 1], "rotation": 180, "texture": "#lamp", "cullface": "up"}
            }
        },
        {
            "name": "center",
            "from": [12, 15, 5],
            "to": [13, 16, 11],
            "rotation": {"angle": 0, "axis": "x", "origin": [8, 8, 8]},
            "faces": {
                "east": {"uv": [0, 0, 1, 1], "rotation": 270, "texture": "#lamp", "cullface": "up"},
                "west": {"uv": [0, 0, 1, 1], "rotation": 90, "texture": "#lamp", "cullface": "up"},
                "up": {"uv": [0, 0, 1, 1], "rotation": 180, "texture": "#lamp", "cullface": "up"}
            }
        },
        {
            "name": "center",
            "from": [3, 15, 5],
            "to": [4, 16, 11],
            "rotation": {"angle": 0, "axis": "x", "origin": [8, 8, 8]},
            "faces": {
                "east": {"uv": [0, 0, 1, 1], "rotation": 270, "texture": "#lamp", "cullface": "up"},
                "west": {"uv": [0, 0, 1, 1], "rotation": 90, "texture": "#lamp", "cullface": "up"},
                "up": {"uv": [0, 0, 1, 1], "rotation": 180, "texture": "#lamp", "cullface": "up"}
            }
        },
        {
            "name": "outer",
            "from": [11, 0, 4],
            "to": [15, 1, 5],
            "rotation": {"angle": 0, "axis": "x", "origin": [8, 8, 8]},
            "faces": {
                "north": {"uv": [0, 0, 1, 1], "rotation": 180, "texture": "#lamp", "cullface": "down"},
                "south": {"uv": [0, 0, 1, 1], "texture": "#lamp", "cullface": "down"},
                "west": {"uv": [0, 0, 1, 1], "rotation": 270, "texture": "#lamp", "cullface": "down"},
                "down": {"uv": [0, 0, 1, 1], "rotation": 180, "texture": "#lamp", "cullface": "down"}
            }
        },
        {
            "name": "outer",
            "from": [4, 0, 12],
            "to": [5, 1, 15],
            "rotation": {"angle": 0, "axis": "x", "origin": [8, 8, 8]},
            "faces": {
                "east": {"uv": [0, 0, 1, 1], "rotation": 90, "texture": "#lamp", "cullface": "down"},
                "west": {"uv": [0, 0, 1, 1], "rotation": 270, "texture": "#lamp", "cullface": "down"},
                "down": {"uv": [0, 0, 1, 1], "rotation": 180, "texture": "#lamp", "cullface": "down"}
            }
        },
        {
            "name": "outer",
            "from": [11, 0, 12],
            "to": [12, 1, 15],
            "rotation": {"angle": 0, "axis": "x", "origin": [8, 8, 8]},
            "faces": {
                "east": {"uv": [0, 0, 1, 1], "rotation": 90, "texture": "#lamp", "cullface": "down"},
                "west": {"uv": [0, 0, 1, 1], "rotation": 270, "texture": "#lamp", "cullface": "down"},
                "down": {"uv": [0, 0, 1, 1], "rotation": 180, "texture": "#lamp", "cullface": "down"}
            }
        },
        {
            "name": "outer",
            "from": [11, 0, 1],
            "to": [12, 1, 4],
            "rotation": {"angle": 0, "axis": "x", "origin": [8, 8, 8]},
            "faces": {
                "east": {"uv": [0, 0, 1, 1], "rotation": 90, "texture": "#lamp", "cullface": "down"},
                "west": {"uv": [0, 0, 1, 1], "rotation": 270, "texture": "#lamp", "cullface": "down"},
                "down": {"uv": [0, 0, 1, 1], "rotation": 180, "texture": "#lamp", "cullface": "down"}
            }
        },
        {
            "name": "outer",
            "from": [4, 0, 1],
            "to": [5, 1, 4],
            "rotation": {"angle": 0, "axis": "x", "origin": [8, 8, 8]},
            "faces": {
                "east": {"uv": [0, 0, 1, 1], "rotation": 90, "texture": "#lamp", "cullface": "down"},
                "west": {"uv": [0, 0, 1, 1], "rotation": 270, "texture": "#lamp", "cullface": "down"},
                "down": {"uv": [0, 0, 1, 1], "rotation": 180, "texture": "#lamp", "cullface": "down"}
            }
        },
        {
            "name": "outer",
            "from": [1, 0, 4],
            "to": [5, 1, 5],
            "rotation": {"angle": 0, "axis": "x", "origin": [8, 8, 8]},
            "faces": {
                "north": {"uv": [0, 0, 1, 1], "rotation": 180, "texture": "#lamp", "cullface": "down"},
                "east": {"uv": [0, 0, 1, 1], "rotation": 90, "texture": "#lamp", "cullface": "down"},
                "south": {"uv": [0, 0, 1, 1], "texture": "#lamp", "cullface": "down"},
                "down": {"uv": [0, 0, 1, 1], "rotation": 180, "texture": "#lamp", "cullface": "down"}
            }
        },
        {
            "name": "outer",
            "from": [1, 0, 11],
            "to": [5, 1, 12],
            "rotation": {"angle": 0, "axis": "x", "origin": [8, 8, 8]},
            "faces": {
                "north": {"uv": [0, 0, 1, 1], "rotation": 180, "texture": "#lamp", "cullface": "down"},
                "east": {"uv": [0, 0, 1, 1], "rotation": 90, "texture": "#lamp", "cullface": "down"},
                "south": {"uv": [0, 0, 1, 1], "texture": "#lamp", "cullface": "down"},
                "down": {"uv": [0, 0, 1, 1], "rotation": 180, "texture": "#lamp", "cullface": "down"}
            }
        },
        {
            "name": "outer",
            "from": [11, 0, 11],
            "to": [15, 1, 12],
            "rotation": {"angle": 0, "axis": "x", "origin": [8, 8, 8]},
            "faces": {
                "north": {"uv": [0, 0, 1, 1], "rotation": 180, "texture": "#lamp", "cullface": "down"},
                "south": {"uv": [0, 0, 1, 1], "texture": "#lamp", "cullface": "down"},
                "west": {"uv": [0, 0, 1, 1], "rotation": 270, "texture": "#lamp", "cullface": "down"},
                "down": {"uv": [0, 0, 1, 1], "rotation": 180, "texture": "#lamp", "cullface": "down"}
            }
        },
        {
            "name": "center",
            "from": [5, 0, 3],
            "to": [11, 1, 4],
            "rotation": {"angle": 0, "axis": "x", "origin": [8, 8, 8]},
            "faces": {
                "north": {"uv": [0, 0, 1, 1], "rotation": 180, "texture": "#lamp", "cullface": "down"},
                "south": {"uv": [0, 0, 1, 1], "texture": "#lamp", "cullface": "down"},
                "down": {"uv": [0, 0, 1, 1], "rotation": 180, "texture": "#lamp", "cullface": "down"}
            }
        },
        {
            "name": "center",
            "from": [5, 0, 12],
            "to": [11, 1, 13],
            "rotation": {"angle": 0, "axis": "x", "origin": [8, 8, 8]},
            "faces": {
                "north": {"uv": [0, 0, 1, 1], "rotation": 180, "texture": "#lamp", "cullface": "down"},
                "south": {"uv": [0, 0, 1, 1], "texture": "#lamp", "cullface": "down"},
                "down": {"uv": [0, 0, 1, 1], "rotation": 180, "texture": "#lamp", "cullface": "down"}
            }
        },
        {
            "name": "center",
            "from": [12, 0, 5],
            "to": [13, 1, 11],
            "rotation": {"angle": 0, "axis": "x", "origin": [8, 8, 8]},
            "faces": {
                "east": {"uv": [0, 0, 1, 1], "rotation": 90, "texture": "#lamp", "cullface": "down"},
                "west": {"uv": [0, 0, 1, 1], "rotation": 270, "texture": "#lamp", "cullface": "down"},
                "down": {"uv": [0, 0, 1, 1], "rotation": 180, "texture": "#lamp", "cullface": "down"}
            }
        },
        {
            "name": "center",
            "from": [3, 0, 5],
            "to": [4, 1, 11],
            "rotation": {"angle": 0, "axis": "x", "origin": [8, 8, 8]},
            "faces": {
                "east": {"uv": [0, 0, 1, 1], "rotation": 90, "texture": "#lamp", "cullface": "down"},
                "west": {"uv": [0, 0, 1, 1], "rotation": 270, "texture": "#lamp", "cullface": "down"},
                "down": {"uv": [0, 0, 1, 1], "rotation": 180, "texture": "#lamp", "cullface": "down"}
            }
        }
    ],
    "display": {
        "thirdperson_righthand": {
            "rotation": [75, 45, 0],
            "translation": [0, 2.5, 0],
            "scale": [0.375, 0.375, 0.375]
        },
        "thirdperson_lefthand": {
            "rotation": [75, 45, 0],
            "translation": [0, 2.5, 0],
            "scale": [0.375, 0.375, 0.375]
        },
        "firstperson_righthand": {
            "rotation": [0, 135, 0],
            "scale": [0.4, 0.4, 0.4]
        },
        "firstperson_lefthand": {
            "rotation": [0, 135, 0],
            "scale": [0.4, 0.4, 0.4]
        },
        "ground": {
            "translation": [0, 3, 0],
            "scale": [0.25, 0.25, 0.25]
        },
        "gui": {
            "rotation": [30, -135, 0],
            "scale": [0.625, 0.625, 0.625]
        },
        "fixed": {
            "scale": [0.5, 0.5, 0.5]
        }
    },
    "groups": [
        0,
        1,
        2,
        3,
        {
            "name": "frame",
            "origin": [8, 8, 8],
            "color": 0,
            "children": [
                {
                    "name": "up",
                    "origin": [8, 8, 8],
                    "color": 0,
                    "children": [4, 5, 6, 7]
                },
                {
                    "name": "down",
                    "origin": [8, 8, 8],
                    "color": 0,
                    "children": [8, 9, 10, 11]
                },
                {
                    "name": "side",
                    "origin": [8, 8, 8],
                    "color": 0,
                    "children": [12, 13, 14, 15]
                }
            ]
        },
        {
            "name": "N",
            "origin": [0, 0, 0],
            "color": 0,
            "children": [16, 17, 18, 19, 20, 21, 22, 23, 24, 25, 26, 27]
        },
        {
            "name": "S",
            "origin": [0, 0, 0],
            "color": 0,
            "children": [28, 29, 30, 31, 32, 33, 34, 35, 36, 37, 38, 39]
        },
        {
            "name": "W",
            "origin": [0, 0, 0],
            "color": 0,
            "children": [40, 41, 42, 43, 44, 45, 46, 47, 48, 49, 50, 51]
        },
        {
            "name": "E",
            "origin": [0, 0, 0],
            "color": 0,
            "children": [52, 53, 54, 55, 56, 57, 58, 59, 60, 61, 62, 63]
        },
        {
            "name": "U",
            "origin": [0, 0, 0],
            "color": 0,
            "children": [64, 65, 66, 67, 68, 69, 70, 71, 72, 73, 74, 75]
        },
        {
            "name": "D",
            "origin": [0, 0, 0],
            "color": 0,
            "children": [76, 77, 78, 79, 80, 81, 82, 83, 84, 85, 86, 87]
        }
    ]
}