{
	"credit": "Made by TheWaschtlPlays using Blockbench",
	"textures": {
		"particle": "block/bookshelf/bookshelf",
		"empty": "block/bookshelf/bookshelf_empty",
		"frame": "block/bookshelf/bookshelf_frame",
		"planks": "block/bookshelf/oak_planks"
	},
	"elements": [
		{
			"from": [0, 0, 0],
			"to": [16, 1, 16],
			"faces": {
				"north": {"uv": [0, 15, 16, 16], "texture": "#empty", "cullface": "north"},
				"east": {"uv": [0, 15, 16, 16], "texture": "#empty", "cullface": "east"},
				"south": {"uv": [0, 15, 16, 16], "texture": "#empty", "cullface": "south"},
				"west": {"uv": [0, 15, 16, 16], "texture": "#empty", "cullface": "west"},
				"up": {"uv": [0, 0, 16, 16], "texture": "#frame"},
				"down": {"uv": [0, 0, 16, 16], "texture": "#planks", "cullface": "down"}
			}
		},
		{
			"from": [0.001, 7, 0.001],
			"to": [15.999, 9, 15.999],
			"faces": {
				"north": {"uv": [0, 7, 16, 9], "texture": "#empty", "cullface": "north"},
				"east": {"uv": [0, 7, 16, 9], "texture": "#empty", "cullface": "east"},
				"south": {"uv": [0, 7, 16, 9], "texture": "#empty", "cullface": "south"},
				"west": {"uv": [0, 7, 16, 9], "texture": "#empty", "cullface": "west"},
				"up": {"uv": [0, 0, 16, 16], "texture": "#frame", "tintindex": 0},
				"down": {"uv": [0, 0, 16, 16], "texture": "#frame"}
			}
		},
		{
			"from": [0, 15, 0],
			"to": [16, 16, 16],
			"faces": {
				"north": {"uv": [0, 0, 16, 1], "texture": "#empty", "cullface": "north"},
				"east": {"uv": [0, 0, 16, 1], "texture": "#empty", "cullface": "east"},
				"south": {"uv": [0, 0, 16, 1], "texture": "#empty", "cullface": "south"},
				"west": {"uv": [0, 0, 16, 1], "texture": "#empty", "cullface": "west"},
				"up": {"uv": [0, 0, 16, 16], "texture": "#planks", "cullface": "up"},
				"down": {"uv": [0, 0, 16, 16], "texture": "#frame"}
			}
		},
		{
			"from": [0, 1, 15],
			"to": [1, 15, 16],
			"faces": {
				"north": {"uv": [15, 1, 16, 15], "texture": "#empty", "cullface": "west"},
				"east": {"uv": [0, 1, 1, 15], "texture": "#empty", "cullface": "south"},
				"south": {"uv": [0, 1, 1, 15], "texture": "#empty", "cullface": "south"},
				"west": {"uv": [15, 1, 16, 15], "texture": "#empty", "cullface": "west"}
			}
		},
		{
			"from": [0, 1, 0],
			"to": [1, 15, 1],
			"faces": {
				"north": {"uv": [15, 1, 16, 15], "texture": "#empty", "cullface": "north"},
				"east": {"uv": [15, 1, 16, 15], "texture": "#empty", "cullface": "north"},
				"south": {"uv": [0, 1, 1, 15], "texture": "#empty", "cullface": "west"},
				"west": {"uv": [0, 1, 1, 15], "texture": "#empty", "cullface": "west"}
			}
		},
		{
			"from": [15, 1, 0],
			"to": [16, 15, 1],
			"faces": {
				"north": {"uv": [0, 1, 1, 15], "texture": "#empty", "cullface": "north"},
				"east": {"uv": [15, 1, 16, 15], "texture": "#empty", "cullface": "east"},
				"south": {"uv": [15, 1, 16, 15], "texture": "#empty", "cullface": "east"},
				"west": {"uv": [0, 1, 1, 15], "texture": "#empty", "cullface": "north"}
			}
		},
		{
			"from": [15, 1, 15],
			"to": [16, 15, 16],
			"faces": {
				"north": {"uv": [0, 1, 1, 15], "texture": "#empty", "cullface": "east"},
				"east": {"uv": [0, 1, 1, 15], "texture": "#empty", "cullface": "east"},
				"south": {"uv": [15, 1, 16, 15], "texture": "#empty", "cullface": "south"},
				"west": {"uv": [15, 1, 16, 15], "texture": "#empty", "cullface": "south"}
			}
		},
		{
			"from": [1, 1, 1],
			"to": [15, 15, 15],
			"faces": {
				"north": {"uv": [1, 1, 15, 15], "texture": "#empty", "cullface": "north"},
				"east": {"uv": [1, 1, 15, 15], "texture": "#empty", "cullface": "east"},
				"south": {"uv": [1, 1, 15, 15], "texture": "#empty", "cullface": "south"},
				"west": {"uv": [1, 1, 15, 15], "texture": "#empty", "cullface": "west"}
			}
		}
	],
	"groups": [
		{
			"name": "frame",
			"origin": [8, 8, 8],
			"color": 0,
			"children": [0, 1, 2, 3, 4, 5, 6, 7]
		}
	]
}