{
    "comment": "Stellar 3D-2.1.1",
    "textures": {
        "particle": "block/bamboo_fence/bamboo_fence",
        "texture": "block/bamboo_fence/bamboo_fence"
    },
    "elements": [
        {
            "name": "Center post special",
            "from": [6, 0.8, 6],
            "to": [10, 15.2, 10],
            "faces": {
                "north": {"uv": [0, 0, 4, 16], "texture": "#texture"},
                "east": {"uv": [0, 0, 4, 16], "texture": "#texture"},
                "south": {"uv": [0, 0, 4, 16], "texture": "#texture"},
                "west": {"uv": [0, 0, 4, 16], "texture": "#texture"},
                "up": {"uv": [4, 0, 8, 4], "texture": "#texture", "cullface": "up"},
                "down": {"uv": [4, 0, 8, 4], "texture": "#texture", "cullface": "down"}
            }
        },
        {
            "name": "Ring",
            "from": [6, 15.2, 6],
            "to": [7, 16, 10],
            "faces": {
                "north": {"uv": [4, 0, 5, 1], "texture": "#texture"},
                "east": {"uv": [4, 0, 5, 4], "rotation": 90, "texture": "#texture"},
                "south": {"uv": [4, 3, 5, 4], "texture": "#texture"},
                "west": {"uv": [4, 4, 5, 0], "rotation": 90, "texture": "#texture"},
                "up": {"uv": [4, 0, 5, 4], "texture": "#texture"}
            }
        },
        {
            "name": "Ring",
            "from": [7, 15.2, 9],
            "to": [9, 16, 10],
            "faces": {
                "north": {"uv": [5, 3, 7, 4], "texture": "#texture"},
                "south": {"uv": [5, 3, 7, 4], "texture": "#texture"},
                "up": {"uv": [5, 3, 7, 4], "texture": "#texture"}
            }
        },
        {
            "name": "Ring",
            "from": [7, 15.2, 6],
            "to": [9, 16, 7],
            "faces": {
                "north": {"uv": [5, 0, 7, 1], "texture": "#texture"},
                "south": {"uv": [5, 0, 7, 1], "texture": "#texture"},
                "up": {"uv": [5, 0, 7, 1], "texture": "#texture"}
            }
        },
        {
            "name": "Ring",
            "from": [9, 15.2, 6],
            "to": [10, 16, 10],
            "faces": {
                "north": {"uv": [7, 0, 8, 1], "texture": "#texture"},
                "east": {"uv": [7, 0, 8, 4], "rotation": 90, "texture": "#texture"},
                "south": {"uv": [7, 3, 8, 4], "texture": "#texture"},
                "west": {"uv": [7, 4, 8, 0], "rotation": 90, "texture": "#texture"},
                "up": {"uv": [7, 0, 8, 4], "texture": "#texture"}
            }
        },
        {
            "name": "Ring",
            "from": [6, 0, 6],
            "to": [7, 0.8, 10],
            "rotation": {"angle": 0, "axis": "y", "origin": [13, 0.4, 8]},
            "faces": {
                "north": {"uv": [4, 3, 5, 4], "rotation": 180, "texture": "#texture"},
                "east": {"uv": [4, 0, 5, 4], "rotation": 270, "texture": "#texture"},
                "south": {"uv": [4, 0, 5, 1], "rotation": 180, "texture": "#texture"},
                "west": {"uv": [4, 4, 5, 0], "rotation": 270, "texture": "#texture"},
                "down": {"uv": [4, 0, 5, 4], "texture": "#texture"}
            }
        },
        {
            "name": "Ring",
            "from": [9, 0, 6],
            "to": [10, 0.8, 10],
            "rotation": {"angle": 0, "axis": "y", "origin": [13, 0.4, 8]},
            "faces": {
                "north": {"uv": [7, 3, 8, 4], "rotation": 180, "texture": "#texture"},
                "east": {"uv": [7, 0, 8, 4], "rotation": 270, "texture": "#texture"},
                "south": {"uv": [7, 0, 8, 1], "rotation": 180, "texture": "#texture"},
                "west": {"uv": [7, 4, 8, 0], "rotation": 270, "texture": "#texture"},
                "down": {"uv": [7, 0, 8, 4], "texture": "#texture"}
            }
        },
        {
            "name": "Ring",
            "from": [7, 0, 6],
            "to": [9, 0.8, 7],
            "rotation": {"angle": 0, "axis": "y", "origin": [13, 0.4, 8]},
            "faces": {
                "north": {"uv": [5, 3, 7, 4], "rotation": 180, "texture": "#texture"},
                "south": {"uv": [5, 3, 7, 4], "rotation": 180, "texture": "#texture"},
                "down": {"uv": [5, 3, 7, 4], "texture": "#texture"}
            }
        },
        {
            "name": "Ring",
            "from": [7, 0, 9],
            "to": [9, 0.8, 10],
            "rotation": {"angle": 0, "axis": "y", "origin": [13, 0.4, 8]},
            "faces": {
                "north": {"uv": [5, 0, 7, 1], "rotation": 180, "texture": "#texture"},
                "south": {"uv": [5, 0, 7, 1], "rotation": 180, "texture": "#texture"},
                "down": {"uv": [5, 0, 7, 1], "texture": "#texture"}
            }
        }
    ]
}