{
	"credit": "Made by TheWaschtlPlays using Blockbench",
	"textures": {
		"front": "block/bee_nest/bee_nest_front_honey"
	},
	"elements": [
		{
			"from": [11, 1, 0.25],
			"to": [14, 2, 0.5],
			"faces": {
				"north": {"uv": [2, 14, 5, 15], "texture": "#front", "cullface": "north"},
				"up": {"uv": [2, 14, 5, 15], "rotation": 180, "texture": "#front", "cullface": "north"}
			}
		},
		{
			"from": [11, 2, 0.5],
			"to": [14, 4, 0.5],
			"rotation": {"angle": 0, "axis": "y", "origin": [8, 9, 8]},
			"faces": {
				"north": {"uv": [2, 13, 5, 15], "texture": "#front", "cullface": "north"}
			}
		},
		{
			"from": [2, 9, 0.25],
			"to": [5, 10, 0.75],
			"faces": {
				"north": {"uv": [11, 6, 14, 6.5], "texture": "#front", "cullface": "north"},
				"up": {"uv": [11, 6, 14, 6.5], "rotation": 180, "texture": "#front", "cullface": "north"}
			}
		},
		{
			"from": [2, 10, 0.75],
			"to": [5, 12, 0.75],
			"rotation": {"angle": 0, "axis": "y", "origin": [8, 9, 8]},
			"faces": {
				"north": {"uv": [11, 4, 14, 6], "texture": "#front", "cullface": "north"}
			}
		},
		{
			"from": [11, 0, -0.25],
			"to": [13, 1.01, 0.75],
			"rotation": {"angle": 0, "axis": "y", "origin": [20, 8, 8]},
			"faces": {
				"north": {"uv": [3, 15, 5, 16], "texture": "#front", "cullface": "north"},
				"east": {"uv": [3, 15, 4, 16], "texture": "#front", "cullface": "north"},
				"west": {"uv": [4, 15, 5, 16], "texture": "#front", "cullface": "north"},
				"up": {"uv": [3, 15, 5, 16], "texture": "#front", "cullface": "north"},
				"down": {"uv": [3, 15, 5, 16], "texture": "#front", "cullface": "down"}
			}
		},
		{
			"from": [2, 8, -0.25],
			"to": [5, 9.01, 0.25],
			"rotation": {"angle": 0, "axis": "y", "origin": [10, 16, 7.75]},
			"faces": {
				"north": {"uv": [11, 7, 14, 8], "texture": "#front", "cullface": "north"},
				"east": {"uv": [11, 7, 12, 8], "texture": "#front", "cullface": "north"},
				"west": {"uv": [13, 7, 14, 8], "texture": "#front", "cullface": "north"},
				"up": {"uv": [11, 7, 14, 8], "rotation": 180, "texture": "#front", "cullface": "north"},
				"down": {"uv": [11, 7, 14, 8], "rotation": 180, "texture": "#front", "cullface": "north"}
			}
		},
		{
			"from": [3, 7, -0.25],
			"to": [4, 8, 0],
			"rotation": {"angle": 0, "axis": "y", "origin": [10, 15, 7.75]},
			"faces": {
				"north": {"uv": [12, 8, 13, 9], "texture": "#front", "cullface": "north"},
				"east": {"uv": [12, 8, 13, 9], "texture": "#front", "cullface": "north"},
				"west": {"uv": [12, 8, 13, 9], "texture": "#front", "cullface": "north"},
				"down": {"uv": [12, 8, 13, 9], "rotation": 180, "texture": "#front", "cullface": "north"}
			}
		},
		{
			"from": [2, 10.99, 0],
			"to": [3.01, 12, 1],
			"rotation": {"angle": 0, "axis": "y", "origin": [10, 19, 8]},
			"faces": {
				"north": {"uv": [13, 4, 14, 5], "texture": "#front", "cullface": "north"},
				"east": {"uv": [13, 4, 14, 5], "texture": "#front", "cullface": "north"},
				"down": {"uv": [13, 4, 14, 5], "texture": "#front", "cullface": "north"}
			}
		}
	]
}