{
	"__comment":"Designed by GeForceLegend",
	"textures":{
		"particle":"block/loom/loom_side",
		"bottom":"block/loom/loom_bottom",
		"front":"block/loom/loom_front",
		"side":"block/loom/loom_side",
		"top":"block/loom/loom_top",
		"top_alt":"block/loom/loom_top_alt"
	},
	"elements":[
		{
			"from":[1,0,0],
			"to":[15,2,16],
			"faces":{
				"north":{"uv":[1,14,15,16],"texture":"#front","cullface":"north"},
				"up":{"uv":[1,0,15,16],"texture":"#bottom","cullface":"north"},
				"down":{"uv":[1,0,15,16],"texture":"#bottom","cullface":"down"}
			}
		},
		{
			"from":[0,0,0],
			"to":[1,16,16],
			"faces":{
				"north":{"uv":[15,0,16,16],"texture":"#front","cullface":"north"},
				"east":{"uv":[0,0,16,16],"texture":"#side"},
				"south":{"uv":[0,0,1,16],"texture":"#side","cullface":"south"},
				"west":{"uv":[0,0,16,16],"texture":"#side","cullface":"west"},
				"up":{"uv":[0,0,1,16],"texture":"#top","cullface":"up"},
				"down":{"uv":[0,0,1,16],"texture":"#bottom","cullface":"down"}
			}
		},
		{
			"from":[15,0,0],
			"to":[16,16,16],
			"faces":{
				"north":{"uv":[0,0,1,16],"texture":"#front","cullface":"north"},
				"east":{"uv":[0,0,16,16],"texture":"#side","cullface":"east"},
				"south":{"uv":[15,0,16,16],"texture":"#side","cullface":"south"},
				"west":{"uv":[0,0,16,16],"texture":"#side"},
				"up":{"uv":[15,0,16,16],"texture":"#top","cullface":"up"},
				"down":{"uv":[15,0,16,16],"texture":"#bottom","cullface":"down"}
			}
		},
		{
			"from":[1,0,15],
			"to":[15,16,16],
			"faces":{
				"north":{"uv":[1,0,15,16],"texture":"#side"},
				"south":{"uv":[1,0,15,16],"texture":"#side","cullface":"south"},
				"up":{"uv":[1,15,15,16],"texture":"#top","cullface":"up"}
			}
		},
		{
			"from":[1,5,0],
			"to":[15,8,16],
			"faces":{
				"north":{"uv":[1,8,15,11],"texture":"#front","cullface":"north"},
				"up":{"uv":[15,8,1,9],"texture":"#front","cullface":"north"},
				"down":{"uv":[15,16,1,0],"texture":"#bottom","cullface":"north"}
			}
		},
		{
			"from":[0,8,0.8284],
			"to":[16,14.3431,15],
			"faces":{
				"north":{"uv":[0,7.657,16,14],"texture":"#front","cullface":"north"},
				"up":{"uv":[0,0.8284,16,15],"texture":"#top_alt","cullface":"up"}
			}
		},
		{
			"from":[1,10,0],
			"to":[15,16,1],
			"faces":{
				"north":{"uv":[1,0,15,6],"texture":"#front","cullface":"north"},
				"south":{"uv":[1,0,15,6],"texture":"#side","cullface":"up"},
				"up":{"uv":[1,0,15,1],"texture":"#top","cullface":"up"},
				"down":{"uv":[1,0,15,1],"texture":"#side","cullface":"north"}
			}
		},
		{
			"from":[2,8,0],
			"to":[3,10,0],
			"rotation":{"angle":-22.5,"axis":"x","origin":[8,10,0],"rescale":true},
			"faces":{
				"north":{"uv":[1,6,2,8],"texture":"#front","cullface":"north"},
				"south":{"uv":[1,6,2,8],"texture":"#front","cullface":"north"}
			}
		},
		{
			"from":[4,8,0],
			"to":[5,10,0],
			"rotation":{"angle":-22.5,"axis":"x","origin":[8,10,0],"rescale":true},
			"faces":{
				"north":{"uv":[1,6,2,8],"texture":"#front","cullface":"north"},
				"south":{"uv":[1,6,2,8],"texture":"#front","cullface":"north"}
			}
		},
		{
			"from":[6,8,0],
			"to":[7,10,0],
			"rotation":{"angle":-22.5,"axis":"x","origin":[8,10,0],"rescale":true},
			"faces":{
				"north":{"uv":[1,6,2,8],"texture":"#front","cullface":"north"},
				"south":{"uv":[1,6,2,8],"texture":"#front","cullface":"north"}
			}
		},
		{
			"from":[8,8,0],
			"to":[9,10,0],
			"rotation":{"angle":-22.5,"axis":"x","origin":[8,10,0],"rescale":true},
			"faces":{
				"north":{"uv":[1,6,2,8],"texture":"#front","cullface":"north"},
				"south":{"uv":[1,6,2,8],"texture":"#front","cullface":"north"}
			}
		},
		{
			"from":[10,8,0],
			"to":[11,10,0],
			"rotation":{"angle":-22.5,"axis":"x","origin":[8,10,0],"rescale":true},
			"faces":{
				"north":{"uv":[1,6,2,8],"texture":"#front","cullface":"north"},
				"south":{"uv":[1,6,2,8],"texture":"#front","cullface":"north"}
			}
		},
		{
			"from":[12,8,0],
			"to":[13,10,0],
			"rotation":{"angle":-22.5,"axis":"x","origin":[8,10,0],"rescale":true},
			"faces":{
				"north":{"uv":[1,6,2,8],"texture":"#front","cullface":"north"},
				"south":{"uv":[1,6,2,8],"texture":"#front","cullface":"north"}
			}
		},
		{
			"from":[14,8,0],
			"to":[15,10,0],
			"rotation":{"angle":-22.5,"axis":"x","origin":[8,10,0],"rescale":true},
			"faces":{
				"north":{"uv":[1,6,2,8],"texture":"#front","cullface":"north"},
				"south":{"uv":[1,6,2,8],"texture":"#front","cullface":"north"}
			}
		},
		{
			"from":[2,16,1],
			"to":[3,16,6],
			"faces":{
				"up":{"uv":[2,1,3,6],"texture":"#top","cullface":"up"},
				"down":{"uv":[2,6,3,1],"texture":"#top","cullface":"up"}
			}
		},
		{
			"from":[4,16,1],
			"to":[5,16,6],
			"faces":{
				"up":{"uv":[4,1,5,6],"texture":"#top","cullface":"up"},
				"down":{"uv":[4,6,5,1],"texture":"#top","cullface":"up"}
			}
		},
		{
			"from":[6,16,1],
			"to":[7,16,6],
			"faces":{
				"up":{"uv":[6,1,7,6],"texture":"#top","cullface":"up"},
				"down":{"uv":[6,6,7,1],"texture":"#top","cullface":"up"}
			}
		},
		{
			"from":[8,16,1],
			"to":[9,16,6],
			"faces":{
				"up":{"uv":[8,1,9,6],"texture":"#top","cullface":"up"},
				"down":{"uv":[8,6,9,1],"texture":"#top","cullface":"up"}
			}
		},
		{
			"from":[10,16,1],
			"to":[11,16,6],
			"faces":{
				"up":{"uv":[10,1,11,6],"texture":"#top","cullface":"up"},
				"down":{"uv":[10,6,11,1],"texture":"#top","cullface":"up"}
			}
		},
		{
			"from":[12,16,1],
			"to":[13,16,6],
			"faces":{
				"up":{"uv":[12,1,13,6],"texture":"#top","cullface":"up"},
				"down":{"uv":[12,6,13,1],"texture":"#top","cullface":"up"}
			}
		},
		{
			"from":[14,16,1],
			"to":[15,16,6],
			"faces":{
				"up":{"uv":[14,1,15,6],"texture":"#top","cullface":"up"},
				"down":{"uv":[14,6,15,1],"texture":"#top","cullface":"up"}
			}
		},
		{
			"from":[1,15,6],
			"to":[15,16,8],
			"faces":{
				"north":{"uv":[15,6,1,7],"texture":"#top","cullface":"up"},
				"south":{"uv":[1,7,15,8],"texture":"#top","cullface":"up"},
				"up":{"uv":[1,6,15,8],"texture":"#top","cullface":"up"},
				"down":{"uv":[1,8,15,6],"texture":"#top","cullface":"up"}
			}
		},
		{
			"from":[2,16,8],
			"to":[3,16,12],
			"rotation":{"angle":22.5,"axis":"x","origin":[2,16,8],"rescale":true},
			"faces":{
				"up":{"uv":[2,8,3,12],"texture":"#top","cullface":"up"},
				"down":{"uv":[2,8,3,1],"texture":"#top","cullface":"up"}
			}
		},
		{
			"from":[4,16,8],
			"to":[5,16,12],
			"rotation":{"angle":22.5,"axis":"x","origin":[2,16,8],"rescale":true},
			"faces":{
				"up":{"uv":[4,8,5,12],"texture":"#top","cullface":"up"},
				"down":{"uv":[4,8,5,12],"texture":"#top","cullface":"up"}
			}
		},
		{
			"from":[6,16,8],
			"to":[7,16,12],
			"rotation":{"angle":22.5,"axis":"x","origin":[2,16,8],"rescale":true},
			"faces":{
				"up":{"uv":[6,8,7,12],"texture":"#top","cullface":"up"},
				"down":{"uv":[6,8,7,12],"texture":"#top","cullface":"up"}
			}
		},
		{
			"from":[8,16,8],
			"to":[9,16,12],
			"rotation":{"angle":22.5,"axis":"x","origin":[2,16,8],"rescale":true},
			"faces":{
				"up":{"uv":[8,8,9,12],"texture":"#top","cullface":"up"},
				"down":{"uv":[8,8,9,12],"texture":"#top","cullface":"up"}
			}
		},
		{
			"from":[10,16,8],
			"to":[11,16,12],
			"rotation":{"angle":22.5,"axis":"x","origin":[2,16,8],"rescale":true},
			"faces":{
				"up":{"uv":[10,8,11,12],"texture":"#top","cullface":"up"},
				"down":{"uv":[10,8,11,12],"texture":"#top","cullface":"up"}
			}
		},
		{
			"from":[12,16,8],
			"to":[13,16,12],
			"rotation":{"angle":22.5,"axis":"x","origin":[2,16,8],"rescale":true},
			"faces":{
				"up":{"uv":[12,8,13,12],"texture":"#top","cullface":"up"},
				"down":{"uv":[12,8,13,12],"texture":"#top","cullface":"up"}
			}
		},
		{
			"from":[14,16,8],
			"to":[15,16,12],
			"rotation":{"angle":22.5,"axis":"x","origin":[2,16,8],"rescale":true},
			"faces":{
				"up":{"uv":[14,8,15,12],"texture":"#top","cullface":"up"},
				"down":{"uv":[14,8,15,12],"texture":"#top","cullface":"up"}
			}
		},
		{
			"from":[1,14,12],
			"to":[15,15,13],
			"faces":{
				"north":{"uv":[15,12,1,13],"texture":"#top","cullface":"up"},
				"south":{"uv":[1,12,15,13],"texture":"#top","cullface":"up"},
				"up":{"uv":[1,12,15,13],"texture":"#top","cullface":"up"}
			}
		}
	],
	"display": {
		"thirdperson_righthand": {
			"rotation": [75, 45, 0],
			"translation": [0, 2.5, 0],
			"scale": [0.375, 0.375, 0.375]
		},
		"thirdperson_lefthand": {
			"rotation": [75, 45, 0],
			"translation": [0, 2.5, 0],
			"scale": [0.375, 0.375, 0.375]
		},
		"firstperson_righthand": {
			"rotation": [0, 45, 0],
			"scale": [0.4, 0.4, 0.4]
		},
		"firstperson_lefthand": {
			"rotation": [0, 225, 0],
			"scale": [0.4, 0.4, 0.4]
		},
		"ground": {
			"translation": [0, 3, 0],
			"scale": [0.25, 0.25, 0.25]
		},
		"gui": {
			"rotation": [30, 225, 0],
			"scale": [0.625, 0.625, 0.625]
		},
		"fixed": {
			"scale": [0.5, 0.5, 0.5]
		}
	}
}