{
    "credit": "Made with Blockbench",
    "textures": {
        "particle": "block/comparator/comparator",
        "base": "block/comparator/smooth_stone",
        "top": "block/comparator/comparator_on",
        "torch": "block/comparator/redstone_torch",
        "torch_off": "block/comparator/redstone_torch_off"
    },
    "elements": [
        {
            "from": [0, 0, 0],
            "to": [16, 2, 11],
            "faces": {
                "north": {"uv": [0, 14, 16, 16], "texture": "#base", "cullface": "north"},
                "east": {"uv": [5, 14, 16, 16], "texture": "#base", "cullface": "east"},
                "south": {"uv": [16, 9, 0, 11], "texture": "#top"},
                "west": {"uv": [0, 14, 11, 16], "texture": "#base", "cullface": "west"},
                "up": {"uv": [0, 0, 16, 11], "texture": "#top"},
                "down": {"uv": [0, 5, 16, 16], "texture": "#base", "cullface": "down"}
            }
        },
        {
            "from": [0, 0, 13],
            "to": [16, 2, 16],
            "faces": {
                "north": {"uv": [16, 13, 0, 15], "texture": "#top"},
                "east": {"uv": [0, 14, 3, 16], "texture": "#base", "cullface": "east"},
                "south": {"uv": [0, 14, 16, 16], "texture": "#base", "cullface": "south"},
                "west": {"uv": [13, 14, 16, 16], "texture": "#base", "cullface": "west"},
                "up": {"uv": [0, 13, 16, 16], "texture": "#top"},
                "down": {"uv": [0, 0, 16, 3], "texture": "#base", "cullface": "down"}
            }
        },
        {
            "from": [0, 0, 11],
            "to": [4, 2, 13],
            "faces": {
                "west": {"uv": [11, 14, 13, 16], "texture": "#base"},
                "up": {"uv": [0, 11, 4, 13], "texture": "#top"},
                "down": {"uv": [0, 3, 4, 5], "texture": "#base", "cullface": "down"}
            }
        },
        {
            "from": [12, 0, 11],
            "to": [16, 2, 13],
            "faces": {
                "east": {"uv": [3, 14, 5, 16], "texture": "#base"},
                "up": {"uv": [12, 11, 16, 13], "texture": "#top"},
                "down": {"uv": [12, 3, 16, 5], "texture": "#base", "cullface": "down"}
            }
        },
        {
            "from": [4, 0, 11],
            "to": [12, 1.5, 13],
            "faces": {
                "up": {"uv": [4, 11, 12, 13], "texture": "#top"},
                "down": {"uv": [4, 3, 12, 5], "texture": "#base", "cullface": "down"}
            }
        },
        {
            "from": [7, 2, 2],
            "to": [9, 4, 4],
            "faces": {
                "north": {"uv": [7, 6, 9, 8], "texture": "#torch_off"},
                "east": {"uv": [7, 6, 9, 8], "texture": "#torch_off"},
                "south": {"uv": [7, 6, 9, 8], "texture": "#torch_off"},
                "west": {"uv": [7, 6, 9, 8], "texture": "#torch_off"},
                "up": {"uv": [7, 6, 9, 8], "texture": "#torch_off"},
                "down": {"uv": [7, 13, 9, 15], "texture": "#torch_off"}
            }
        },
        {
            "from": [10, 1.5, 11],
            "to": [12, 7, 13],
            "shade": false,
            "faces": {
                "north": {"uv": [7, 6, 9, 11.5], "texture": "#torch"},
                "east": {"uv": [7, 6, 9, 11.5], "texture": "#torch"},
                "south": {"uv": [7, 6, 9, 11.5], "texture": "#torch"},
                "west": {"uv": [7, 6, 9, 11.5], "texture": "#torch"},
                "up": {"uv": [7, 6, 9, 8], "texture": "#torch"}
            }
        },
        {
            "from": [12, 7, 14],
            "to": [10, 5, 10],
            "shade": false,
            "rotation": {"angle": 0, "axis": "y", "origin": [8, 9, 8]},
            "faces": {
                "north": {"uv": [7, 5, 8, 6], "texture": "#torch"},
                "east": {"uv": [7, 5, 8, 6], "texture": "#torch"},
                "south": {"uv": [7, 5, 8, 6], "texture": "#torch"},
                "west": {"uv": [7, 5, 8, 6], "texture": "#torch"},
                "up": {"uv": [7, 5, 8, 6], "texture": "#torch"},
                "down": {"uv": [7, 5, 8, 6], "texture": "#torch"}
            }
        },
        {
            "from": [12, 8, 13],
            "to": [10, 7, 11],
            "shade": false,
            "rotation": {"angle": 0, "axis": "y", "origin": [8, 9, 8]},
            "faces": {
                "north": {"uv": [7, 5, 8, 6], "rotation": 180, "texture": "#torch"},
                "east": {"uv": [7, 5, 8, 6], "rotation": 90, "texture": "#torch"},
                "south": {"uv": [7, 5, 8, 6], "texture": "#torch"},
                "west": {"uv": [7, 5, 8, 6], "rotation": 270, "texture": "#torch"},
                "down": {"uv": [7, 5, 8, 6], "rotation": 180, "texture": "#torch"}
            }
        },
        {
            "from": [13, 7, 13],
            "to": [9, 5, 11],
            "shade": false,
            "rotation": {"angle": 0, "axis": "y", "origin": [8, 9, 8]},
            "faces": {
                "north": {"uv": [7, 5, 8, 6], "texture": "#torch"},
                "east": {"uv": [7, 5, 8, 6], "texture": "#torch"},
                "south": {"uv": [7, 5, 8, 6], "texture": "#torch"},
                "west": {"uv": [7, 5, 8, 6], "texture": "#torch"},
                "up": {"uv": [7, 5, 8, 6], "texture": "#torch"},
                "down": {"uv": [7, 5, 8, 6], "rotation": 90, "texture": "#torch"}
            }
        },
        {
            "from": [7, 7, 13],
            "to": [3, 5, 11],
            "shade": false,
            "rotation": {"angle": 0, "axis": "y", "origin": [8, 9, 8]},
            "faces": {
                "north": {"uv": [7, 5, 8, 6], "texture": "#torch"},
                "east": {"uv": [7, 5, 8, 6], "texture": "#torch"},
                "south": {"uv": [7, 5, 8, 6], "texture": "#torch"},
                "west": {"uv": [7, 5, 8, 6], "texture": "#torch"},
                "up": {"uv": [7, 5, 8, 6], "texture": "#torch"},
                "down": {"uv": [7, 5, 8, 6], "rotation": 90, "texture": "#torch"}
            }
        },
        {
            "from": [6, 8, 13],
            "to": [4, 7, 11],
            "shade": false,
            "rotation": {"angle": 0, "axis": "y", "origin": [8, 9, 8]},
            "faces": {
                "north": {"uv": [7, 5, 8, 6], "rotation": 180, "texture": "#torch"},
                "east": {"uv": [7, 5, 8, 6], "rotation": 90, "texture": "#torch"},
                "south": {"uv": [7, 5, 8, 6], "texture": "#torch"},
                "west": {"uv": [7, 5, 8, 6], "rotation": 270, "texture": "#torch"},
                "down": {"uv": [7, 5, 8, 6], "rotation": 180, "texture": "#torch"}
            }
        },
        {
            "from": [6, 7, 14],
            "to": [4, 5, 10],
            "shade": false,
            "rotation": {"angle": 0, "axis": "y", "origin": [8, 9, 8]},
            "faces": {
                "north": {"uv": [7, 5, 8, 6], "texture": "#torch"},
                "east": {"uv": [7, 5, 8, 6], "texture": "#torch"},
                "south": {"uv": [7, 5, 8, 6], "texture": "#torch"},
                "west": {"uv": [7, 5, 8, 6], "texture": "#torch"},
                "up": {"uv": [7, 5, 8, 6], "texture": "#torch"},
                "down": {"uv": [7, 5, 8, 6], "texture": "#torch"}
            }
        },
        {
            "from": [4, 1.5, 11],
            "to": [6, 7, 13],
            "shade": false,
            "faces": {
                "north": {"uv": [7, 6, 9, 11.5], "texture": "#torch"},
                "east": {"uv": [7, 6, 9, 11.5], "texture": "#torch"},
                "south": {"uv": [7, 6, 9, 11.5], "texture": "#torch"},
                "west": {"uv": [7, 6, 9, 11.5], "texture": "#torch"},
                "up": {"uv": [7, 6, 9, 8], "texture": "#torch"}
            }
        }
    ]
}