{
	"__comment":"Designed by GeForceLegend",
	"parent":"block/redstone_dust_side_alt",
	"textures":{
		"line":"block/redstone_dust/redstone_dust_line0"
	},
	"elements":[
		{
			"from":[6,0,11],
			"to":[7,0.5,12],
			"faces":{
				"north":{"uv":[6,11,7,12],"texture":"#line","tintindex":0},
				"east":{"uv":[6,11,7,12],"texture":"#line","tintindex":0},
				"south":{"uv":[6,11,7,12],"texture":"#line","tintindex":0},
				"west":{"uv":[6,11,7,12],"texture":"#line","tintindex":0},
				"up":{"uv":[6,11,7,12],"texture":"#line","tintindex":0},
				"down":{"uv":[6,11,7,12],"texture":"#line","cullface":"down","tintindex":0}
			}
		},
		{
			"from":[7,0,9],
			"to":[8,0.5,11],
			"faces":{
				"north":{"uv":[8,9,7,10],"texture":"#line","tintindex":0},
				"east":{"uv":[8,9,7,10],"texture":"#line","tintindex":0},
				"west":{"uv":[7,11,8,9],"rotation":90,"texture":"#line","tintindex":0},
				"up":{"uv":[7,9,8,11],"texture":"#line","tintindex":0},
				"down":{"uv":[7,11,8,9],"texture":"#line","cullface":"down","tintindex":0}
			}
		},
		{
			"from":[7,0,12],
			"to":[9,0.5,13],
			"faces":{
				"north":{"uv":[9,12,7,13],"texture":"#line","tintindex":0},
				"south":{"uv":[7,12,9,13],"texture":"#line","tintindex":0},
				"west":{"uv":[7,12,8,13],"texture":"#line","tintindex":0},
				"up":{"uv":[7,12,9,13],"texture":"#line","tintindex":0},
				"down":{"uv":[7,12,9,13],"texture":"#line","cullface":"down","tintindex":0}
			}
		},
		{
			"from":[7,0,15],
			"to":[8,0.5,16],
			"faces":{
				"north":{"uv":[7,15,8,16],"texture":"#line","tintindex":0},
				"east":{"uv":[7,15,8,16],"texture":"#line","tintindex":0},
				"south":{"uv":[7,15,8,16],"texture":"#line","tintindex":0},
				"west":{"uv":[7,15,8,16],"texture":"#line","tintindex":0},
				"up":{"uv":[7,15,8,16],"texture":"#line","tintindex":0},
				"down":{"uv":[7,15,8,16],"texture":"#line","cullface":"down","tintindex":0}
			}
		},
		{
			"from":[8,0,8],
			"to":[9,0.5,9],
			"faces":{
				"north":{"uv":[8,8,9,9],"texture":"#line","tintindex":0},
				"east":{"uv":[9,9,8,8],"texture":"#line","tintindex":0},
				"south":{"uv":[8,8,9,9],"texture":"#line","tintindex":0},
				"west":{"uv":[8,8,9,9],"texture":"#line","tintindex":0},
				"up":{"uv":[8,8,9,9],"texture":"#line","tintindex":0}
			}
		},
		{
			"from":[7,0,10],
			"to":[9,0.5,11],
			"faces":{
				"north":{"uv":[8,10,9,11],"texture":"#line","tintindex":0},
				"east":{"uv":[9,11,8,10],"texture":"#line","tintindex":0},
				"south":{"uv":[9,10,7,11],"texture":"#line","tintindex":0},
				"up":{"uv":[7,10,9,11],"texture":"#line","tintindex":0},
				"down":{"uv":[7,10,9,11],"texture":"#line","cullface":"down","tintindex":0}
			}
		},
		{
			"from":[8,0,12],
			"to":[9,0.5,15],
			"faces":{
				"east":{"uv":[8,12,9,15],"texture":"#line","tintindex":0},
				"south":{"uv":[8,14,9,15],"texture":"#line","tintindex":0},
				"west":{"uv":[8,12,9,15],"texture":"#line","tintindex":0},
				"up":{"uv":[8,12,9,15],"texture":"#line","tintindex":0},
				"down":{"uv":[8,15,9,12],"texture":"#line","cullface":"down","tintindex":0}
			}
		}
	]
}