{
	"credit": "Made by TheWaschtlPlays using Blockbench",
	"parent": "block/block",
	"elements": [
		{
			"from": [5, 0, 7],
			"to": [7, 5, 9],
			"faces": {
				"north": {"uv": [0, 8, 2, 13], "texture": "#all"},
				"east": {"uv": [0, 8, 2, 13], "texture": "#all"},
				"south": {"uv": [0, 8, 2, 13], "texture": "#all"},
				"west": {"uv": [0, 8, 2, 13], "texture": "#all"},
				"up": {"uv": [0, 6, 2, 8], "texture": "#all"},
				"down": {"uv": [0, 14, 2, 16], "texture": "#all", "cullface": "down"}
			}
		},
		{
			"from": [5.75, 5, 7.75],
			"to": [6.25, 6, 8.25],
			"rotation": {"angle": 0, "axis": "y", "origin": [6, 5, 8]},
			"faces": {
				"north": {"uv": [1, 5, 0, 6], "texture": "#all"},
				"east": {"uv": [1, 5, 0, 6], "texture": "#all"},
				"south": {"uv": [1, 5, 0, 6], "texture": "#all"},
				"west": {"uv": [1, 5, 0, 6], "texture": "#all"},
				"up": {"uv": [1, 5, 0, 6], "texture": "#all"}
			}
		},
		{
			"from": [9, 0, 6],
			"to": [11, 6, 8],
			"rotation": {"angle": -22.5, "axis": "y", "origin": [10, 0, 7]},
			"faces": {
				"north": {"uv": [0, 8, 2, 14], "texture": "#all"},
				"east": {"uv": [0, 8, 2, 14], "texture": "#all"},
				"south": {"uv": [0, 8, 2, 14], "texture": "#all"},
				"west": {"uv": [0, 8, 2, 14], "texture": "#all"},
				"up": {"uv": [0, 6, 2, 8], "rotation": 270, "texture": "#all"},
				"down": {"uv": [0, 14, 2, 16], "rotation": 90, "texture": "#all", "cullface": "down"}
			}
		},
		{
			"from": [9.75, 6, 6.75],
			"to": [10.25, 7, 7.25],
			"rotation": {"angle": -22.5, "axis": "y", "origin": [10, 6, 7]},
			"faces": {
				"north": {"uv": [0, 5, 1, 6], "texture": "#all"},
				"east": {"uv": [0, 5, 1, 6], "texture": "#all"},
				"south": {"uv": [0, 5, 1, 6], "texture": "#all"},
				"west": {"uv": [0, 5, 1, 6], "texture": "#all"},
				"up": {"uv": [0, 5, 1, 6], "texture": "#all"}
			}
		}
	]
}