{
	"credit": "Made by TheWaschtlPlays using Blockbench",
	"parent": "block/block",
	"elements": [
		{
			"from": [7, 0, 9],
			"to": [9, 3, 11],
			"faces": {
				"north": {"uv": [0, 8, 2, 11], "texture": "#all"},
				"east": {"uv": [0, 8, 2, 11], "texture": "#all"},
				"south": {"uv": [0, 8, 2, 11], "texture": "#all"},
				"west": {"uv": [0, 8, 2, 11], "texture": "#all"},
				"up": {"uv": [0, 6, 2, 8], "texture": "#all"},
				"down": {"uv": [0, 14, 2, 16], "texture": "#all", "cullface": "down"}
			}
		},
		{
			"from": [5, 0, 7],
			"to": [7, 5, 9],
			"rotation": {"angle": -22.5, "axis": "y", "origin": [6, 0, 8]},
			"faces": {
				"north": {"uv": [0, 8, 2, 13], "texture": "#all"},
				"east": {"uv": [0, 8, 2, 13], "texture": "#all"},
				"south": {"uv": [0, 8, 2, 13], "texture": "#all"},
				"west": {"uv": [0, 8, 2, 13], "texture": "#all"},
				"up": {"uv": [0, 6, 2, 8], "texture": "#all"},
				"down": {"uv": [0, 14, 2, 16], "texture": "#all", "cullface": "down"}
			}
		},
		{
			"from": [5.75, 5, 7.75],
			"to": [6.25, 6, 8.25],
			"rotation": {"angle": -22.5, "axis": "y", "origin": [6, 5, 8]},
			"faces": {
				"north": {"uv": [1, 5, 0, 6], "texture": "#all"},
				"east": {"uv": [1, 5, 0, 6], "texture": "#all"},
				"south": {"uv": [1, 5, 0, 6], "texture": "#all"},
				"west": {"uv": [1, 5, 0, 6], "texture": "#all"},
				"up": {"uv": [1, 5, 0, 6], "texture": "#all"}
			}
		},
		{
			"from": [8.75, 6, 6.75],
			"to": [9.25, 7, 7.25],
			"rotation": {"angle": 0, "axis": "y", "origin": [6, 5, 8]},
			"faces": {
				"north": {"uv": [1, 5, 0, 6], "texture": "#all"},
				"east": {"uv": [1, 5, 0, 6], "texture": "#all"},
				"south": {"uv": [1, 5, 0, 6], "texture": "#all"},
				"west": {"uv": [1, 5, 0, 6], "texture": "#all"},
				"up": {"uv": [1, 5, 0, 6], "texture": "#all"}
			}
		},
		{
			"from": [7.75, 3, 9.75],
			"to": [8.25, 4, 10.25],
			"rotation": {"angle": 0, "axis": "y", "origin": [6, 5, 8]},
			"faces": {
				"north": {"uv": [1, 5, 0, 6], "texture": "#all"},
				"east": {"uv": [1, 5, 0, 6], "texture": "#all"},
				"south": {"uv": [1, 5, 0, 6], "texture": "#all"},
				"west": {"uv": [1, 5, 0, 6], "texture": "#all"},
				"up": {"uv": [1, 5, 0, 6], "texture": "#all"}
			}
		},
		{
			"from": [8, 0, 6],
			"to": [10, 6, 8],
			"faces": {
				"north": {"uv": [0, 8, 2, 14], "texture": "#all"},
				"east": {"uv": [0, 8, 2, 14], "texture": "#all"},
				"south": {"uv": [0, 8, 2, 14], "texture": "#all"},
				"west": {"uv": [0, 8, 2, 14], "texture": "#all"},
				"up": {"uv": [0, 6, 2, 8], "texture": "#all"},
				"down": {"uv": [0, 14, 2, 16], "texture": "#all", "cullface": "down"}
			}
		}
	]
}