{
	"credit": "Made with Blockbench",
	"ambientocclusion": false,
	"textures": {
		"particle": "block/brown_mushroom"
	},
	"elements": [
		{
			"from": [7, 0, 7],
			"to": [9, 4, 9],
			"rotation": {"angle": 0, "axis": "y", "origin": [16, 8, 15]},
			"faces": {
				"north": {"uv": [7, 12, 9, 16], "texture": "#particle"},
				"east": {"uv": [7, 12, 9, 16], "texture": "#particle"},
				"south": {"uv": [7, 12, 9, 16], "texture": "#particle"},
				"west": {"uv": [7, 12, 9, 16], "texture": "#particle"},
				"up": {"uv": [7, 12, 9, 16], "texture": "#particle"},
				"down": {"uv": [7, 12, 9, 16], "texture": "#particle"}
			}
		},
		{
			"from": [4, 4, 4],
			"to": [12, 6, 12],
			"rotation": {"angle": 0, "axis": "y", "origin": [16, 12, 15]},
			"faces": {
				"north": {"uv": [4, 10, 12, 12], "texture": "#particle"},
				"east": {"uv": [4, 10, 12, 12], "texture": "#particle"},
				"south": {"uv": [4, 10, 12, 12], "texture": "#particle"},
				"west": {"uv": [4, 10, 12, 12], "texture": "#particle"},
				"up": {"uv": [7, 10, 12, 12], "texture": "#particle"},
				"down": {"uv": [7, 10, 9, 12], "texture": "#particle"}
			}
		},
		{
			"from": [5, 6, 5],
			"to": [11, 7, 11],
			"rotation": {"angle": 0, "axis": "y", "origin": [16, 14, 15]},
			"faces": {
				"north": {"uv": [5, 9, 11, 10], "texture": "#particle"},
				"east": {"uv": [5, 9, 11, 10], "texture": "#particle"},
				"south": {"uv": [5, 9, 11, 10], "texture": "#particle"},
				"west": {"uv": [5, 9, 11, 10], "texture": "#particle"},
				"up": {"uv": [5, 11, 11, 12], "texture": "#particle"},
				"down": {"uv": [5, 9, 11, 10], "texture": "#particle"}
			}
		},
		{
			"from": [6, 7, 6],
			"to": [10, 8, 10],
			"rotation": {"angle": 0, "axis": "y", "origin": [16, 15, 15]},
			"faces": {
				"north": {"uv": [6, 8, 10, 9], "texture": "#particle"},
				"east": {"uv": [6, 8, 10, 9], "texture": "#particle"},
				"south": {"uv": [6, 8, 10, 9], "texture": "#particle"},
				"west": {"uv": [6, 8, 10, 9], "texture": "#particle"},
				"up": {"uv": [10, 10, 12, 12], "texture": "#particle"},
				"down": {"uv": [6, 8, 10, 9], "texture": "#particle"}
			}
		}
	]
}