{
	"credit": "Made with Blockbench",
	"ambientocclusion": false,
	"textures": {
		"0": "block/cornflower",
		"particle": "block/cornflower"
	},
	"elements": [
		{
			"from": [0.8, 0, 8],
			"to": [15.2, 16, 8],
			"shade": false,
			"rotation": {"angle": 45, "axis": "y", "origin": [8, 8, 8], "rescale": true},
			"faces": {
				"north": {"uv": [0, 0, 16, 16], "texture": "#0"},
				"east": {"uv": [0, 0, 0, 0], "texture": "#0"},
				"south": {"uv": [0, 0, 16, 16], "texture": "#0"},
				"west": {"uv": [0, 0, 0, 0], "texture": "#0"},
				"up": {"uv": [0, 0, 0, 0], "texture": "#0"},
				"down": {"uv": [0, 0, 0, 0], "texture": "#0"}
			}
		},
		{
			"from": [8, 0, 0.8],
			"to": [8, 16, 15.2],
			"shade": false,
			"rotation": {"angle": 45, "axis": "y", "origin": [8, 8, 8], "rescale": true},
			"faces": {
				"north": {"uv": [0, 0, 0, 0], "texture": "#0"},
				"east": {"uv": [0, 0, 16, 16], "texture": "#0"},
				"south": {"uv": [0, 0, 0, 0], "texture": "#0"},
				"west": {"uv": [0, 0, 16, 16], "texture": "#0"},
				"up": {"uv": [0, 0, 0, 0], "texture": "#0"},
				"down": {"uv": [0, 0, 0, 0], "texture": "#0"}
			}
		},
		{
			"from": [6, 9, 6],
			"to": [6, 12, 10],
			"rotation": {"angle": 0, "axis": "y", "origin": [7, 10.5, 7.5]},
			"faces": {
				"north": {"uv": [6, 4, 10, 7], "texture": "#0"},
				"east": {"uv": [6, 4, 10, 7], "texture": "#0"},
				"south": {"uv": [6, 4, 10, 7], "texture": "#0"},
				"west": {"uv": [6, 4, 10, 7], "texture": "#0"},
				"up": {"uv": [6, 4, 10, 7], "texture": "#0"},
				"down": {"uv": [6, 4, 10, 7], "texture": "#0"}
			}
		},
		{
			"from": [7, 11, 6],
			"to": [10, 11, 10],
			"rotation": {"angle": 0, "axis": "y", "origin": [8, 12.5, 7.5]},
			"faces": {
				"north": {"uv": [6, 4, 10, 7], "rotation": 90, "texture": "#0"},
				"east": {"uv": [6, 4, 10, 7], "rotation": 90, "texture": "#0"},
				"south": {"uv": [6, 4, 10, 7], "rotation": 90, "texture": "#0"},
				"west": {"uv": [6, 4, 10, 7], "rotation": 90, "texture": "#0"},
				"up": {"uv": [6, 4, 10, 7], "rotation": 90, "texture": "#0"},
				"down": {"uv": [6, 4, 10, 7], "rotation": 90, "texture": "#0"}
			}
		},
		{
			"from": [6, 9, 6],
			"to": [10, 9, 9],
			"rotation": {"angle": 0, "axis": "y", "origin": [8, 9, 8.5]},
			"faces": {
				"north": {"uv": [6, 4, 10, 7], "rotation": 90, "texture": "#0"},
				"east": {"uv": [6, 4, 10, 7], "rotation": 90, "texture": "#0"},
				"south": {"uv": [6, 4, 10, 7], "rotation": 90, "texture": "#0"},
				"west": {"uv": [6, 4, 10, 7], "rotation": 90, "texture": "#0"},
				"up": {"uv": [6, 4, 10, 7], "texture": "#0"},
				"down": {"uv": [6, 4, 10, 7], "rotation": 180, "texture": "#0"}
			}
		},
		{
			"from": [7, 10, 6],
			"to": [10, 10, 10],
			"rotation": {"angle": 0, "axis": "y", "origin": [8, 11.5, 7.5]},
			"faces": {
				"north": {"uv": [6, 4, 10, 7], "rotation": 90, "texture": "#0"},
				"east": {"uv": [6, 4, 10, 7], "rotation": 90, "texture": "#0"},
				"south": {"uv": [6, 4, 10, 7], "rotation": 90, "texture": "#0"},
				"west": {"uv": [6, 4, 10, 7], "rotation": 90, "texture": "#0"},
				"up": {"uv": [6, 4, 10, 7], "rotation": 90, "texture": "#0"},
				"down": {"uv": [6, 4, 10, 7], "rotation": 90, "texture": "#0"}
			}
		},
		{
			"from": [6, 11, 6],
			"to": [7, 11, 10],
			"rotation": {"angle": 0, "axis": "y", "origin": [5, 12.5, 7.5]},
			"faces": {
				"north": {"uv": [8, 3, 9, 7], "rotation": 180, "texture": "#0"},
				"east": {"uv": [8, 3, 9, 7], "rotation": 180, "texture": "#0"},
				"south": {"uv": [8, 3, 9, 7], "rotation": 180, "texture": "#0"},
				"west": {"uv": [8, 3, 9, 7], "rotation": 180, "texture": "#0"},
				"up": {"uv": [8, 3, 9, 7], "rotation": 180, "texture": "#0"},
				"down": {"uv": [8, 3, 9, 7], "rotation": 180, "texture": "#0"}
			}
		},
		{
			"from": [6, 9, 9],
			"to": [10, 9, 10],
			"rotation": {"angle": 0, "axis": "y", "origin": [8, 9, 8.5]},
			"faces": {
				"north": {"uv": [8, 3, 9, 7], "rotation": 180, "texture": "#0"},
				"east": {"uv": [8, 3, 9, 7], "rotation": 180, "texture": "#0"},
				"south": {"uv": [8, 3, 9, 7], "rotation": 180, "texture": "#0"},
				"west": {"uv": [8, 3, 9, 7], "rotation": 180, "texture": "#0"},
				"up": {"uv": [8, 3, 9, 7], "rotation": 90, "texture": "#0"},
				"down": {"uv": [8, 3, 9, 7], "rotation": 270, "texture": "#0"}
			}
		},
		{
			"from": [6, 9, 10],
			"to": [10, 12, 10],
			"rotation": {"angle": 0, "axis": "y", "origin": [8, 10.5, 9]},
			"faces": {
				"north": {"uv": [6, 4, 10, 7], "texture": "#0"},
				"east": {"uv": [6, 4, 10, 7], "texture": "#0"},
				"south": {"uv": [6, 4, 10, 7], "texture": "#0"},
				"west": {"uv": [6, 4, 10, 7], "texture": "#0"},
				"up": {"uv": [6, 4, 10, 7], "rotation": 270, "texture": "#0"},
				"down": {"uv": [6, 4, 10, 7], "rotation": 90, "texture": "#0"}
			}
		},
		{
			"from": [10, 9, 6],
			"to": [10, 12, 10],
			"rotation": {"angle": 0, "axis": "y", "origin": [9, 10.5, 7.5]},
			"faces": {
				"north": {"uv": [6, 4, 10, 7], "texture": "#0"},
				"east": {"uv": [6, 4, 10, 7], "texture": "#0"},
				"south": {"uv": [6, 4, 10, 7], "texture": "#0"},
				"west": {"uv": [6, 4, 10, 7], "texture": "#0"},
				"up": {"uv": [6, 4, 10, 7], "texture": "#0"},
				"down": {"uv": [6, 4, 10, 7], "texture": "#0"}
			}
		},
		{
			"from": [6, 9, 6],
			"to": [10, 12, 6],
			"rotation": {"angle": 0, "axis": "y", "origin": [8, 10.5, 7]},
			"faces": {
				"north": {"uv": [6, 4, 10, 7], "texture": "#0"},
				"east": {"uv": [6, 4, 10, 7], "texture": "#0"},
				"south": {"uv": [6, 4, 10, 7], "texture": "#0"},
				"west": {"uv": [6, 4, 10, 7], "texture": "#0"},
				"up": {"uv": [6, 4, 10, 7], "rotation": 270, "texture": "#0"},
				"down": {"uv": [6, 4, 10, 7], "rotation": 90, "texture": "#0"}
			}
		}
	]
}