{
	"credit": "Made with Blockbench",
	"parent": "block/block",
	"textures": {
		"4": "block/grass_block_rocks",
		"particle": "block/dirt",
		"bottom": "block/dirt",
		"top": "block/grass_block_top",
		"side": "block/grass_block_side",
		"overlay": "block/grass_block_side_overlay"
	},
	"elements": [
		{
			"from": [0, 0, 0],
			"to": [16, 16, 16],
			"faces": {
				"north": {"uv": [0, 0, 16, 16], "texture": "#side", "cullface": "north"},
				"east": {"uv": [0, 0, 16, 16], "texture": "#side", "cullface": "east"},
				"south": {"uv": [0, 0, 16, 16], "texture": "#side", "cullface": "south"},
				"west": {"uv": [0, 0, 16, 16], "texture": "#side", "cullface": "west"},
				"up": {"uv": [0, 0, 16, 16], "texture": "#top", "cullface": "up", "tintindex": 0},
				"down": {"uv": [0, 0, 16, 16], "texture": "#bottom", "cullface": "down"}
			}
		},
		{
			"from": [0, 0, 0],
			"to": [16, 16, 16],
			"faces": {
				"north": {"uv": [0, 0, 16, 16], "texture": "#overlay", "cullface": "north", "tintindex": 0},
				"east": {"uv": [0, 0, 16, 16], "texture": "#overlay", "cullface": "east", "tintindex": 0},
				"south": {"uv": [0, 0, 16, 16], "texture": "#overlay", "cullface": "south", "tintindex": 0},
				"west": {"uv": [0, 0, 16, 16], "texture": "#overlay", "cullface": "west", "tintindex": 0}
			}
		},
		{
			"from": [9.75, 14.5, 10.75],
			"to": [11.75, 16.5, 12.75],
			"rotation": {"angle": -22.5, "axis": "y", "origin": [10.75, 15.25, 11.75]},
			"faces": {
				"north": {"uv": [1, 7, 3, 9], "texture": "#4"},
				"east": {"uv": [1, 7, 3, 9], "texture": "#4"},
				"south": {"uv": [1, 7, 3, 9], "texture": "#4"},
				"west": {"uv": [1, 7, 3, 9], "texture": "#4"},
				"up": {"uv": [1, 7, 3, 9], "rotation": 270, "texture": "#4"},
				"down": {"uv": [1, 7, 3, 9], "rotation": 90, "texture": "#4"}
			}
		},
		{
			"from": [7.25, 15.25, 7],
			"to": [9.25, 17.25, 9],
			"rotation": {"angle": 22.5, "axis": "y", "origin": [8.25, 16, 8]},
			"faces": {
				"north": {"uv": [1, 7, 3, 9], "texture": "#4"},
				"east": {"uv": [1, 7, 3, 9], "texture": "#4"},
				"south": {"uv": [1, 7, 3, 9], "texture": "#4"},
				"west": {"uv": [1, 7, 3, 9], "texture": "#4"},
				"up": {"uv": [1, 7, 3, 9], "rotation": 270, "texture": "#4"},
				"down": {"uv": [1, 7, 3, 9], "rotation": 90, "texture": "#4"}
			}
		},
		{
			"from": [4, 13.75, 3],
			"to": [7, 16.75, 6],
			"rotation": {"angle": -22.5, "axis": "y", "origin": [5, 14.5, 4]},
			"faces": {
				"north": {"uv": [1, 11, 4, 14], "texture": "#4"},
				"east": {"uv": [1, 11, 4, 14], "texture": "#4"},
				"south": {"uv": [1, 11, 4, 14], "texture": "#4"},
				"west": {"uv": [1, 11, 4, 14], "texture": "#4"},
				"up": {"uv": [1, 11, 4, 14], "rotation": 180, "texture": "#4"},
				"down": {"uv": [1, 11, 4, 14], "rotation": 180, "texture": "#4"}
			}
		},
		{
			"from": [5, 15.25, 5],
			"to": [12, 16.25, 12],
			"rotation": {"angle": 0, "axis": "y", "origin": [12, 23.25, 12]},
			"faces": {
				"north": {"uv": [0, 0, 7, 1], "texture": "#bottom"},
				"east": {"uv": [0, 0, 7, 1], "texture": "#bottom"},
				"south": {"uv": [0, 0, 7, 1], "texture": "#bottom"},
				"west": {"uv": [0, 0, 7, 1], "texture": "#bottom"},
				"up": {"uv": [0, 0, 7, 7], "texture": "#bottom"},
				"down": {"uv": [0, 0, 7, 7], "texture": "#bottom"}
			}
		},
		{
			"from": [6, 15.75, 6],
			"to": [11, 16.75, 11],
			"rotation": {"angle": 0, "axis": "y", "origin": [12, 23.75, 12]},
			"faces": {
				"north": {"uv": [0, 0, 5, 1], "texture": "#bottom"},
				"east": {"uv": [0, 0, 5, 1], "texture": "#bottom"},
				"south": {"uv": [0, 0, 5, 1], "texture": "#bottom"},
				"west": {"uv": [0, 0, 5, 1], "texture": "#bottom"},
				"up": {"uv": [0, 0, 5, 5], "texture": "#bottom"},
				"down": {"uv": [0, 0, 5, 5], "texture": "#bottom"}
			}
		}
	]
}