{
	"credit": "Made with Blockbench",
	"ambientocclusion": false,
	"textures": {
		"0": "block/grass_weed1",
		"particle": "block/grass_weed1"
	},
	"elements": [
		{
			"from": [0.8, 0, 8],
			"to": [15.2, 13, 8],
			"shade": false,
			"rotation": {"angle": 45, "axis": "y", "origin": [8, 8, 8], "rescale": true},
			"faces": {
				"north": {"uv": [0, 3, 16, 16], "texture": "#0", "tintindex": 0},
				"east": {"uv": [0, 6, 16, 16], "texture": "#0", "tintindex": 0},
				"south": {"uv": [0, 3, 16, 16], "texture": "#0", "tintindex": 0},
				"west": {"uv": [0, 6, 16, 16], "texture": "#0", "tintindex": 0},
				"up": {"uv": [0.8, 8, 15.2, 8], "texture": "#0", "tintindex": 0},
				"down": {"uv": [0.8, 8, 15.2, 8], "texture": "#0", "tintindex": 0}
			}
		},
		{
			"from": [8, 0, 0.8],
			"to": [8, 13, 15.2],
			"shade": false,
			"rotation": {"angle": 45, "axis": "y", "origin": [8, 8, 8], "rescale": true},
			"faces": {
				"north": {"uv": [0, 6, 16, 16], "texture": "#0", "tintindex": 0},
				"east": {"uv": [0, 3, 16, 16], "texture": "#0", "tintindex": 0},
				"south": {"uv": [0, 6, 16, 16], "texture": "#0", "tintindex": 0},
				"west": {"uv": [0, 3, 16, 16], "texture": "#0", "tintindex": 0},
				"up": {"uv": [8, 0.8, 8, 15.2], "texture": "#0", "tintindex": 0},
				"down": {"uv": [8, 0.8, 8, 15.2], "texture": "#0", "tintindex": 0}
			}
		}
	]
}