{
	"credit": "Beautiful.",
	"ambientocclusion": false,
	"textures": {
		"1": "block/butterfly",
		"particle": "block/poppy",
		"cross": "block/poppy"
	},
	"elements": [
		{
			"from": [6.75, 7, 6.2],
			"to": [9.25, 7, 9.8],
			"shade": false,
			"rotation": {"angle": 0, "axis": "z", "origin": [8, 7, 8], "rescale": true},
			"faces": {
				"north": {"uv": [0, 5, 1, 16], "rotation": 270, "texture": "#cross"},
				"east": {"uv": [15, 5, 16, 16], "rotation": 90, "texture": "#cross"},
				"south": {"uv": [0, 5, 1, 16], "rotation": 90, "texture": "#cross"},
				"west": {"uv": [15, 5, 16, 16], "rotation": 90, "texture": "#cross"},
				"up": {"uv": [7, 6, 10, 9], "rotation": 90, "texture": "#cross"},
				"down": {"uv": [7, 6, 10, 9], "rotation": 90, "texture": "#cross"}
			}
		},
		{
			"from": [0.8, 0, 8],
			"to": [15.2, 11, 8],
			"shade": false,
			"rotation": {"angle": 45, "axis": "y", "origin": [8, 8, 8], "rescale": true},
			"faces": {
				"north": {"uv": [0, 5, 16, 16], "texture": "#cross"},
				"east": {"uv": [0, 5, 1, 16], "texture": "#cross"},
				"south": {"uv": [0, 5, 16, 16], "texture": "#cross"},
				"west": {"uv": [0, 5, 2, 16], "texture": "#cross"},
				"up": {"uv": [0, 5, 1, 16], "texture": "#cross"},
				"down": {"uv": [0, 5, 2, 16], "texture": "#cross"}
			}
		},
		{
			"from": [8, 0, 0.8],
			"to": [8, 11, 15.2],
			"shade": false,
			"rotation": {"angle": 45, "axis": "y", "origin": [8, 8, 8], "rescale": true},
			"faces": {
				"north": {"uv": [0, 5, 1, 16], "texture": "#cross"},
				"east": {"uv": [0, 5, 16, 16], "texture": "#cross"},
				"south": {"uv": [0, 5, 1, 16], "texture": "#cross"},
				"west": {"uv": [0, 5, 16, 16], "texture": "#cross"},
				"up": {"uv": [15, 5, 16, 16], "texture": "#cross"},
				"down": {"uv": [15, 5, 16, 16], "texture": "#cross"}
			}
		},
		{
			"from": [6.8, 7, 9.75],
			"to": [9.2, 11, 9.75],
			"shade": false,
			"rotation": {"angle": 0, "axis": "y", "origin": [8, 5.5, 9.75], "rescale": true},
			"faces": {
				"north": {"uv": [7, 5, 10, 9], "texture": "#cross"},
				"east": {"uv": [0, 5, 1, 16], "texture": "#cross"},
				"south": {"uv": [7, 5, 10, 9], "texture": "#cross"},
				"west": {"uv": [0, 5, 1, 16], "texture": "#cross"},
				"up": {"uv": [15, 5, 16, 16], "rotation": 270, "texture": "#cross"},
				"down": {"uv": [15, 5, 16, 16], "rotation": 90, "texture": "#cross"}
			}
		},
		{
			"from": [7, 7, 6.8],
			"to": [7, 11, 9.2],
			"shade": false,
			"rotation": {"angle": 0, "axis": "y", "origin": [8.75, 5.5, 8], "rescale": true},
			"faces": {
				"north": {"uv": [0, 5, 1, 16], "texture": "#cross"},
				"east": {"uv": [7, 5, 10, 9], "texture": "#cross"},
				"south": {"uv": [0, 5, 1, 16], "texture": "#cross"},
				"west": {"uv": [7, 5, 10, 9], "texture": "#cross"},
				"up": {"uv": [15, 5, 16, 16], "texture": "#cross"},
				"down": {"uv": [15, 5, 16, 16], "texture": "#cross"}
			}
		},
		{
			"from": [6.8, 7, 6.25],
			"to": [9.2, 11, 6.25],
			"shade": false,
			"rotation": {"angle": 0, "axis": "y", "origin": [8, 9, 6.25], "rescale": true},
			"faces": {
				"north": {"uv": [7, 5, 10, 9], "texture": "#cross"},
				"east": {"uv": [0, 5, 1, 16], "texture": "#cross"},
				"south": {"uv": [7, 5, 10, 9], "texture": "#cross"},
				"west": {"uv": [0, 5, 1, 16], "texture": "#cross"},
				"up": {"uv": [15, 5, 16, 16], "rotation": 270, "texture": "#cross"},
				"down": {"uv": [15, 5, 16, 16], "rotation": 90, "texture": "#cross"}
			}
		},
		{
			"from": [9, 7, 6.8],
			"to": [9, 11, 9.2],
			"shade": false,
			"rotation": {"angle": 0, "axis": "y", "origin": [7.25, 9, 8], "rescale": true},
			"faces": {
				"north": {"uv": [0, 5, 1, 16], "texture": "#cross"},
				"east": {"uv": [7, 5, 10, 9], "texture": "#cross"},
				"south": {"uv": [0, 5, 1, 16], "texture": "#cross"},
				"west": {"uv": [7, 5, 10, 9], "texture": "#cross"},
				"up": {"uv": [15, 5, 16, 16], "texture": "#cross"},
				"down": {"uv": [15, 5, 16, 16], "texture": "#cross"}
			}
		},
		{
			"from": [5.75, 11.1, 6.5],
			"to": [7.75, 11.1, 9.5],
			"rotation": {"angle": -45, "axis": "z", "origin": [8, 11.1, 8]},
			"faces": {
				"north": {"uv": [7, 5, 9, 8], "texture": "#1"},
				"east": {"uv": [7, 5, 9, 8], "texture": "#1"},
				"south": {"uv": [7, 5, 9, 8], "texture": "#1"},
				"west": {"uv": [7, 5, 9, 8], "texture": "#1"},
				"up": {"uv": [7, 5, 9, 8], "texture": "#1"},
				"down": {"uv": [7, 5, 9, 8], "texture": "#1"}
			}
		},
		{
			"from": [5.75, 11.1, 6.5],
			"to": [7.75, 11.1, 9.5],
			"rotation": {"angle": -22.5, "axis": "z", "origin": [8, 11.1, 8]},
			"faces": {
				"north": {"uv": [4, 5, 6, 8], "texture": "#1"},
				"east": {"uv": [4, 5, 6, 8], "texture": "#1"},
				"south": {"uv": [4, 5, 6, 8], "texture": "#1"},
				"west": {"uv": [4, 5, 6, 8], "texture": "#1"},
				"up": {"uv": [4, 5, 6, 8], "texture": "#1"},
				"down": {"uv": [4, 5, 6, 8], "texture": "#1"}
			}
		},
		{
			"from": [5.75, 11.1, 6.5],
			"to": [7.75, 11.1, 9.5],
			"rotation": {"angle": -22.5, "axis": "z", "origin": [8, 11.1, 8]},
			"faces": {
				"north": {"uv": [10, 5, 12, 8], "texture": "#1"},
				"east": {"uv": [10, 5, 12, 8], "texture": "#1"},
				"south": {"uv": [10, 5, 12, 8], "texture": "#1"},
				"west": {"uv": [10, 5, 12, 8], "texture": "#1"},
				"up": {"uv": [10, 5, 12, 8], "texture": "#1"},
				"down": {"uv": [10, 5, 12, 8], "texture": "#1"}
			}
		},
		{
			"from": [5.75, 11.1, 6.5],
			"to": [7.75, 11.1, 9.5],
			"rotation": {"angle": 0, "axis": "y", "origin": [13.75, 19.1, 15.5]},
			"faces": {
				"north": {"uv": [3, 5, 1, 8], "texture": "#1"},
				"east": {"uv": [3, 5, 1, 8], "texture": "#1"},
				"south": {"uv": [3, 5, 1, 8], "texture": "#1"},
				"west": {"uv": [3, 5, 1, 8], "texture": "#1"},
				"up": {"uv": [3, 5, 1, 8], "texture": "#1"},
				"down": {"uv": [3, 5, 1, 8], "texture": "#1"}
			}
		},
		{
			"from": [8.25, 11.1, 6.5],
			"to": [10.25, 11.1, 9.5],
			"rotation": {"angle": 45, "axis": "z", "origin": [8, 11.1, 8]},
			"faces": {
				"north": {"uv": [7, 5, 9, 8], "texture": "#1"},
				"east": {"uv": [7, 5, 9, 8], "texture": "#1"},
				"south": {"uv": [7, 5, 9, 8], "texture": "#1"},
				"west": {"uv": [7, 5, 9, 8], "texture": "#1"},
				"up": {"uv": [7, 5, 9, 8], "texture": "#1"},
				"down": {"uv": [7, 5, 9, 8], "texture": "#1"}
			}
		},
		{
			"from": [8.25, 11.1, 6.5],
			"to": [10.25, 11.1, 9.5],
			"rotation": {"angle": 22.5, "axis": "z", "origin": [8, 11.1, 8]},
			"faces": {
				"north": {"uv": [4, 5, 6, 8], "texture": "#1"},
				"east": {"uv": [4, 5, 6, 8], "texture": "#1"},
				"south": {"uv": [4, 5, 6, 8], "texture": "#1"},
				"west": {"uv": [4, 5, 6, 8], "texture": "#1"},
				"up": {"uv": [4, 5, 6, 8], "texture": "#1"},
				"down": {"uv": [4, 5, 6, 8], "texture": "#1"}
			}
		},
		{
			"from": [8.25, 11.1, 6.5],
			"to": [10.25, 11.1, 9.5],
			"rotation": {"angle": 22.5, "axis": "z", "origin": [8, 11.1, 8]},
			"faces": {
				"north": {"uv": [10, 5, 12, 8], "texture": "#1"},
				"east": {"uv": [10, 5, 12, 8], "texture": "#1"},
				"south": {"uv": [10, 5, 12, 8], "texture": "#1"},
				"west": {"uv": [10, 5, 12, 8], "texture": "#1"},
				"up": {"uv": [10, 5, 12, 8], "texture": "#1"},
				"down": {"uv": [10, 5, 12, 8], "texture": "#1"}
			}
		},
		{
			"from": [8.25, 11.1, 6.5],
			"to": [10.25, 11.1, 9.5],
			"rotation": {"angle": 0, "axis": "y", "origin": [16.25, 19.1, 15.5]},
			"faces": {
				"north": {"uv": [3, 5, 1, 8], "texture": "#1"},
				"east": {"uv": [3, 5, 1, 8], "texture": "#1"},
				"south": {"uv": [3, 5, 1, 8], "texture": "#1"},
				"west": {"uv": [3, 5, 1, 8], "texture": "#1"},
				"up": {"uv": [3, 5, 1, 8], "texture": "#1"},
				"down": {"uv": [3, 5, 1, 8], "texture": "#1"}
			}
		},
		{
			"from": [7.5, 11, 6],
			"to": [8.5, 11.25, 9.5],
			"rotation": {"angle": 0, "axis": "y", "origin": [15.75, 19.25, 15.5]},
			"faces": {
				"north": {"uv": [15, 1, 13, 4], "texture": "#1"},
				"east": {"uv": [15, 1, 13, 4], "texture": "#1"},
				"south": {"uv": [15, 1, 13, 4], "texture": "#1"},
				"west": {"uv": [15, 1, 13, 4], "texture": "#1"},
				"up": {"uv": [15, 1, 13, 4], "texture": "#1"},
				"down": {"uv": [15, 1, 13, 4], "texture": "#1"}
			}
		}
	],
	"groups": [
		{
			"name": "group",
			"origin": [7.25, 9, 8],
			"children": [0, 1, 2, 3, 4, 5, 6]
		},
		{
			"name": "butterfly_purple",
			"origin": [8, 8, 8],
			"children": [
				{
					"name": "Purple",
					"origin": [5, 8, 17],
					"children": [7, 8, 9, 10, 11, 12, 13, 14, 15]
				}
			]
		}
	]
}