{
	"credit": "Made with Blockbench",
	"parent": "block/block",
	"ambientocclusion": false,
	"textures": {
		"0": "block/tall_grass_bottom_wheat",
		"particle": "block/tall_grass_bottom_wheat"
	},
	"elements": [
		{
			"from": [0, 0, 4],
			"to": [16, 16, 4],
			"shade": false,
			"faces": {
				"north": {"uv": [0, 0, 16, 16], "texture": "#0"},
				"east": {"uv": [12, 0, 12, 16], "texture": "#0", "tintindex": 0},
				"south": {"uv": [0, 0, 16, 16], "texture": "#0"},
				"west": {"uv": [4, 0, 4, 16], "texture": "#0", "tintindex": 0},
				"up": {"uv": [0, 4, 16, 4], "texture": "#0", "tintindex": 0},
				"down": {"uv": [0, 12, 16, 12], "texture": "#0", "tintindex": 0}
			}
		},
		{
			"from": [0, 0, 12],
			"to": [16, 16, 12],
			"shade": false,
			"rotation": {"angle": 0, "axis": "y", "origin": [8, 8, 16]},
			"faces": {
				"north": {"uv": [0, 0, 16, 16], "texture": "#0"},
				"east": {"uv": [12, 0, 12, 16], "texture": "#0", "tintindex": 0},
				"south": {"uv": [0, 0, 16, 16], "texture": "#0"},
				"west": {"uv": [4, 0, 4, 16], "texture": "#0", "tintindex": 0},
				"up": {"uv": [0, 4, 16, 4], "texture": "#0", "tintindex": 0},
				"down": {"uv": [0, 12, 16, 12], "texture": "#0", "tintindex": 0}
			}
		},
		{
			"from": [12, 0, 0],
			"to": [12, 16, 16],
			"shade": false,
			"faces": {
				"north": {"uv": [4, 0, 4, 16], "texture": "#0"},
				"east": {"uv": [0, 0, 16, 16], "texture": "#0"},
				"south": {"uv": [12, 0, 12, 16], "texture": "#0"},
				"west": {"uv": [0, 0, 16, 16], "texture": "#0"},
				"up": {"uv": [12, 0, 12, 16], "texture": "#0"},
				"down": {"uv": [12, 0, 12, 16], "texture": "#0"}
			}
		},
		{
			"from": [4, 0, 0],
			"to": [4, 16, 16],
			"shade": false,
			"rotation": {"angle": 0, "axis": "y", "origin": [0, 8, 8]},
			"faces": {
				"north": {"uv": [4, 0, 4, 16], "texture": "#0"},
				"east": {"uv": [0, 0, 16, 16], "texture": "#0"},
				"south": {"uv": [12, 0, 12, 16], "texture": "#0"},
				"west": {"uv": [0, 0, 16, 16], "texture": "#0"},
				"up": {"uv": [12, 0, 12, 16], "texture": "#0"},
				"down": {"uv": [12, 0, 12, 16], "texture": "#0"}
			}
		}
	]
}