{
	"credit": "Made with Blockbench",
	"textures": {
		"front": "block/furnace/furnace_front",
		"side": "block/furnace/furnace_side",
		"top": "block/furnace/furnace_top",
		"particle": "block/furnace/furnace_front_on",
		"front_on": "block/furnace/furnace_front_on"
	},
	"elements": [
		{
			"name": "border_nw",
			"from": [0, 0, 0],
			"to": [1, 16, 1],
			"faces": {
				"north": {"uv": [15, 0, 16, 16], "texture": "#front", "cullface": "north"},
				"east": {"uv": [15, 0, 16, 16], "texture": "#front", "cullface": "north"},
				"south": {"uv": [0, 0, 1, 16], "texture": "#side", "cullface": "west"},
				"west": {"uv": [0, 0, 1, 16], "texture": "#side", "cullface": "west"},
				"up": {"uv": [0, 0, 1, 1], "texture": "#top", "cullface": "up"},
				"down": {"uv": [0, 0, 1, 1], "texture": "#top", "cullface": "down"}
			}
		},
		{
			"name": "border_ne",
			"from": [15, 0, 0],
			"to": [16, 16, 1],
			"rotation": {"angle": 0, "axis": "y", "origin": [15, 0, 0]},
			"faces": {
				"north": {"uv": [0, 0, 1, 16], "texture": "#front", "cullface": "north"},
				"east": {"uv": [15, 0, 16, 16], "texture": "#side", "cullface": "east"},
				"south": {"uv": [15, 0, 16, 16], "texture": "#side", "cullface": "east"},
				"west": {"uv": [0, 0, 1, 16], "texture": "#front", "cullface": "north"},
				"up": {"uv": [15, 0, 16, 1], "texture": "#top", "cullface": "up"},
				"down": {"uv": [15, 0, 16, 1], "texture": "#top", "cullface": "down"}
			}
		},
		{
			"name": "border_sw",
			"from": [0, 0, 15],
			"to": [1, 16, 16],
			"rotation": {"angle": 0, "axis": "y", "origin": [0, 0, 15]},
			"faces": {
				"north": {"uv": [15, 0, 16, 16], "texture": "#side", "cullface": "west"},
				"east": {"uv": [0, 0, 1, 16], "texture": "#side", "cullface": "south"},
				"south": {"uv": [0, 0, 1, 16], "texture": "#side", "cullface": "south"},
				"west": {"uv": [15, 0, 16, 16], "texture": "#side", "cullface": "west"},
				"up": {"uv": [0, 15, 1, 16], "texture": "#top", "cullface": "up"},
				"down": {"uv": [0, 15, 1, 16], "texture": "#top", "cullface": "down"}
			}
		},
		{
			"name": "border_se",
			"from": [15, 0, 15],
			"to": [16, 16, 16],
			"rotation": {"angle": 0, "axis": "y", "origin": [15, 0, 15]},
			"faces": {
				"north": {"uv": [0, 0, 1, 16], "texture": "#side", "cullface": "east"},
				"east": {"uv": [0, 0, 1, 16], "texture": "#side", "cullface": "east"},
				"south": {"uv": [15, 0, 16, 16], "texture": "#side", "cullface": "south"},
				"west": {"uv": [15, 0, 16, 16], "texture": "#side", "cullface": "south"},
				"up": {"uv": [15, 15, 16, 16], "texture": "#top", "cullface": "up"},
				"down": {"uv": [15, 15, 16, 16], "texture": "#top", "cullface": "down"}
			}
		},
		{
			"name": "border_top_north",
			"from": [1, 15, 0],
			"to": [15, 16, 1],
			"rotation": {"angle": 0, "axis": "y", "origin": [1, 15, 0]},
			"faces": {
				"north": {"uv": [1, 0, 15, 1], "texture": "#front", "cullface": "north"},
				"south": {"uv": [1, 0, 15, 1], "texture": "#top", "cullface": "up"},
				"up": {"uv": [1, 0, 15, 1], "texture": "#top", "cullface": "up"},
				"down": {"uv": [1, 0, 15, 1], "rotation": 180, "texture": "#front", "cullface": "north"}
			}
		},
		{
			"name": "border_top_east",
			"from": [15, 15, 1],
			"to": [16, 16, 15],
			"rotation": {"angle": 0, "axis": "y", "origin": [15, 15, 1]},
			"faces": {
				"east": {"uv": [1, 0, 15, 1], "texture": "#side", "cullface": "east"},
				"west": {"uv": [15, 1, 16, 15], "rotation": 270, "texture": "#top", "cullface": "up"},
				"up": {"uv": [15, 1, 16, 15], "texture": "#top", "cullface": "up"},
				"down": {"uv": [1, 0, 15, 1], "rotation": 90, "texture": "#side", "cullface": "east"}
			}
		},
		{
			"name": "border_top_south",
			"from": [1, 15, 15],
			"to": [15, 16, 16],
			"rotation": {"angle": 0, "axis": "y", "origin": [1, 15, 15]},
			"faces": {
				"north": {"uv": [1, 15, 15, 16], "rotation": 180, "texture": "#top", "cullface": "up"},
				"south": {"uv": [1, 0, 15, 1], "texture": "#side", "cullface": "south"},
				"up": {"uv": [1, 15, 15, 16], "texture": "#top", "cullface": "up"},
				"down": {"uv": [1, 0, 15, 1], "texture": "#side", "cullface": "south"}
			}
		},
		{
			"name": "border_top_west",
			"from": [0, 15, 1],
			"to": [1, 16, 15],
			"rotation": {"angle": 0, "axis": "y", "origin": [0, 15, 1]},
			"faces": {
				"east": {"uv": [0, 1, 1, 15], "rotation": 90, "texture": "#top", "cullface": "up"},
				"west": {"uv": [1, 0, 15, 1], "texture": "#side", "cullface": "west"},
				"up": {"uv": [0, 1, 1, 15], "texture": "#top", "cullface": "up"},
				"down": {"uv": [1, 0, 15, 1], "rotation": 270, "texture": "#side", "cullface": "west"}
			}
		},
		{
			"name": "border_bottom_north",
			"from": [1, 0, 0],
			"to": [15, 1, 1],
			"rotation": {"angle": 0, "axis": "y", "origin": [1, 0, 0]},
			"faces": {
				"north": {"uv": [1, 15, 15, 16], "texture": "#front", "cullface": "north"},
				"south": {"uv": [1, 15, 15, 16], "texture": "#top", "cullface": "down"},
				"up": {"uv": [1, 15, 15, 16], "texture": "#front", "cullface": "north"},
				"down": {"uv": [1, 15, 15, 16], "texture": "#top", "cullface": "down"}
			}
		},
		{
			"name": "border_bottom_east",
			"from": [15, 0, 1],
			"to": [16, 1, 15],
			"rotation": {"angle": 0, "axis": "y", "origin": [15, 0, 1]},
			"faces": {
				"east": {"uv": [1, 15, 15, 16], "texture": "#side", "cullface": "east"},
				"west": {"uv": [15, 1, 16, 15], "rotation": 90, "texture": "#top", "cullface": "down"},
				"up": {"uv": [1, 15, 15, 16], "rotation": 270, "texture": "#side", "cullface": "east"},
				"down": {"uv": [15, 1, 16, 15], "texture": "#top", "cullface": "down"}
			}
		},
		{
			"name": "border_bottom_south",
			"from": [1, 0, 15],
			"to": [15, 1, 16],
			"rotation": {"angle": 0, "axis": "y", "origin": [1, 0, 15]},
			"faces": {
				"north": {"uv": [1, 0, 15, 1], "rotation": 180, "texture": "#top", "cullface": "down"},
				"south": {"uv": [1, 15, 15, 16], "texture": "#side", "cullface": "south"},
				"up": {"uv": [1, 15, 15, 16], "texture": "#side", "cullface": "south"},
				"down": {"uv": [1, 0, 15, 1], "texture": "#top", "cullface": "down"}
			}
		},
		{
			"name": "border_bottom_west",
			"from": [0, 0, 1],
			"to": [1, 1, 15],
			"rotation": {"angle": 0, "axis": "y", "origin": [0, 0, 1]},
			"faces": {
				"east": {"uv": [0, 1, 1, 15], "rotation": 270, "texture": "#top", "cullface": "down"},
				"west": {"uv": [1, 15, 15, 16], "texture": "#side", "cullface": "west"},
				"up": {"uv": [1, 15, 15, 16], "rotation": 90, "texture": "#side", "cullface": "west"},
				"down": {"uv": [0, 1, 1, 15], "texture": "#top", "cullface": "down"}
			}
		},
		{
			"name": "opening_top",
			"from": [3, 9, 1.75],
			"to": [13, 13, 1.75],
			"rotation": {"angle": 0, "axis": "y", "origin": [13, 9, 1]},
			"faces": {
				"north": {"uv": [3, 3, 13, 7], "texture": "#front", "cullface": "north"}
			}
		},
		{
			"from": [1, 13, 0.75],
			"to": [15, 15, 1.75],
			"rotation": {"angle": 0, "axis": "y", "origin": [1, 13, 0]},
			"faces": {
				"north": {"uv": [1, 1, 15, 3], "texture": "#front", "cullface": "north"},
				"down": {"uv": [1, 2, 15, 3], "rotation": 180, "texture": "#front", "cullface": "north"}
			}
		},
		{
			"from": [12, 12, 0.75],
			"to": [15, 13, 1.75],
			"rotation": {"angle": 0, "axis": "y", "origin": [13, 12, 0]},
			"faces": {
				"north": {"uv": [1, 3, 4, 4], "texture": "#front", "cullface": "north"},
				"west": {"uv": [3, 3, 4, 4], "texture": "#front", "cullface": "north"},
				"down": {"uv": [1, 3, 4, 4], "rotation": 180, "texture": "#front", "cullface": "north"}
			}
		},
		{
			"from": [1, 12, 0.75],
			"to": [4, 13, 1.75],
			"rotation": {"angle": 0, "axis": "y", "origin": [1, 12, 0]},
			"faces": {
				"north": {"uv": [12, 3, 15, 4], "texture": "#front", "cullface": "north"},
				"east": {"uv": [12, 3, 13, 4], "texture": "#front", "cullface": "north"},
				"down": {"uv": [12, 3, 15, 4], "rotation": 180, "texture": "#front", "cullface": "north"}
			}
		},
		{
			"from": [13, 9, 0.75],
			"to": [15, 12, 1.75],
			"rotation": {"angle": 0, "axis": "y", "origin": [13, 9, 0]},
			"faces": {
				"north": {"uv": [1, 4, 3, 7], "texture": "#front", "cullface": "north"},
				"west": {"uv": [2, 4, 3, 7], "texture": "#front", "cullface": "north"}
			}
		},
		{
			"from": [1, 9, 0.75],
			"to": [3, 12, 1.75],
			"rotation": {"angle": 0, "axis": "y", "origin": [1, 9, 0]},
			"faces": {
				"north": {"uv": [13, 4, 15, 7], "texture": "#front", "cullface": "north"},
				"east": {"uv": [13, 4, 14, 7], "texture": "#front", "cullface": "north"}
			}
		},
		{
			"from": [1, 7, 0.75],
			"to": [15, 9, 1.75],
			"rotation": {"angle": 0, "axis": "y", "origin": [1, 7, 0]},
			"faces": {
				"north": {"uv": [1, 7, 15, 9], "texture": "#front", "cullface": "north"},
				"up": {"uv": [1, 7, 15, 8], "rotation": 180, "texture": "#front", "cullface": "north"}
			}
		},
		{
			"name": "top",
			"from": [0.75, 7, 0.75],
			"to": [15.25, 15.5, 15.25],
			"rotation": {"angle": 0, "axis": "y", "origin": [0, 8, 0]},
			"faces": {
				"east": {"uv": [0.75, 0.5, 15.25, 9], "texture": "#side", "cullface": "east"},
				"south": {"uv": [0.75, 0.5, 15.25, 9], "texture": "#side", "cullface": "south"},
				"west": {"uv": [0.75, 0.5, 15.25, 9], "texture": "#side", "cullface": "west"},
				"up": {"uv": [0.75, 0.75, 15.25, 15.25], "texture": "#top", "cullface": "up"}
			}
		},
		{
			"name": "opening_bottom",
			"from": [3, 1, 1.25],
			"to": [13, 5, 1.25],
			"rotation": {"angle": 0, "axis": "y", "origin": [13, 1, 1]},
			"faces": {
				"north": {"uv": [3, 11, 13, 15], "texture": "#front_on", "cullface": "north"}
			}
		},
		{
			"from": [1, 5, 0.25],
			"to": [15, 7, 1.25],
			"faces": {
				"north": {"uv": [1, 9, 15, 11], "texture": "#front", "cullface": "north"},
				"up": {"uv": [1, 10, 15, 9], "rotation": 180, "texture": "#front", "cullface": "north"},
				"down": {"uv": [1, 10, 15, 11], "rotation": 180, "texture": "#front", "cullface": "north"}
			}
		},
		{
			"from": [11, 4, 0.25],
			"to": [15, 5, 1.25],
			"rotation": {"angle": 0, "axis": "y", "origin": [13, 3, 0]},
			"faces": {
				"north": {"uv": [1, 11, 5, 12], "texture": "#front", "cullface": "north"},
				"west": {"uv": [4, 11, 5, 12], "texture": "#front", "cullface": "north"},
				"down": {"uv": [1, 11, 5, 12], "rotation": 180, "texture": "#front", "cullface": "north"}
			}
		},
		{
			"from": [1, 4, 0.25],
			"to": [5, 5, 1.25],
			"rotation": {"angle": 0, "axis": "y", "origin": [1, 3, 0]},
			"faces": {
				"north": {"uv": [11, 11, 15, 12], "texture": "#front", "cullface": "north"},
				"east": {"uv": [11, 11, 12, 12], "texture": "#front", "cullface": "north"},
				"down": {"uv": [11, 11, 15, 12], "rotation": 180, "texture": "#front", "cullface": "north"}
			}
		},
		{
			"from": [12, 3, 0.25],
			"to": [15, 4, 1.25],
			"rotation": {"angle": 0, "axis": "y", "origin": [13, 2, 0]},
			"faces": {
				"north": {"uv": [1, 12, 4, 13], "texture": "#front", "cullface": "north"},
				"west": {"uv": [3, 12, 4, 13], "texture": "#front", "cullface": "north"},
				"down": {"uv": [1, 12, 4, 13], "rotation": 180, "texture": "#front", "cullface": "north"}
			}
		},
		{
			"from": [1, 3, 0.25],
			"to": [4, 4, 1.25],
			"rotation": {"angle": 0, "axis": "y", "origin": [1, 2, 0]},
			"faces": {
				"north": {"uv": [12, 12, 15, 13], "texture": "#front", "cullface": "north"},
				"east": {"uv": [12, 12, 13, 13], "texture": "#front", "cullface": "north"},
				"down": {"uv": [12, 12, 15, 13], "rotation": 180, "texture": "#front", "cullface": "north"}
			}
		},
		{
			"from": [13, 1, 0.25],
			"to": [15, 3, 1.25],
			"rotation": {"angle": 0, "axis": "y", "origin": [13, 1, 0]},
			"faces": {
				"north": {"uv": [1, 13, 3, 15], "texture": "#front", "cullface": "north"},
				"west": {"uv": [2, 13, 3, 15], "texture": "#front", "cullface": "north"}
			}
		},
		{
			"from": [1, 1, 0.25],
			"to": [3, 3, 1.25],
			"rotation": {"angle": 0, "axis": "y", "origin": [1, 1, 0]},
			"faces": {
				"north": {"uv": [13, 13, 15, 15], "texture": "#front", "cullface": "north"},
				"east": {"uv": [13, 13, 14, 15], "texture": "#front", "cullface": "north"}
			}
		},
		{
			"from": [3, 1, 1],
			"to": [13, 1, 1.25],
			"rotation": {"angle": 0, "axis": "y", "origin": [3, 1, 0]},
			"faces": {
				"up": {"uv": [3, 15, 13, 16], "texture": "#front", "cullface": "north"}
			}
		},
		{
			"name": "bottom_east",
			"from": [15.25, 1, 1],
			"to": [15.75, 7, 15],
			"rotation": {"angle": 0, "axis": "y", "origin": [14, 0, 0]},
			"faces": {
				"east": {"uv": [1, 9, 15, 15], "texture": "#side", "cullface": "east"},
				"up": {"uv": [1, 9, 15, 10], "rotation": 270, "texture": "#side", "cullface": "east"}
			}
		},
		{
			"name": "bottom_south",
			"from": [1, 1, 15.25],
			"to": [15, 7, 15.75],
			"rotation": {"angle": 0, "axis": "y", "origin": [1, 1, 15]},
			"faces": {
				"south": {"uv": [1, 9, 15, 15], "texture": "#side", "cullface": "south"},
				"up": {"uv": [1, 9, 15, 10], "texture": "#side", "cullface": "south"}
			}
		},
		{
			"name": "bottom_west",
			"from": [0.25, 1, 1],
			"to": [0.75, 7, 15],
			"rotation": {"angle": 0, "axis": "y", "origin": [0, 1, 0]},
			"faces": {
				"west": {"uv": [1, 9, 15, 15], "texture": "#side", "cullface": "west"},
				"up": {"uv": [1, 9, 15, 10], "rotation": 90, "texture": "#side", "cullface": "west"}
			}
		},
		{
			"name": "down",
			"from": [1, 0.5, 1],
			"to": [15, 0.5, 15],
			"rotation": {"angle": 0, "axis": "y", "origin": [1, 0, 1]},
			"faces": {
				"down": {"uv": [1, 1, 15, 15], "texture": "#top", "cullface": "down"}
			}
		}
	],
	"display": {
		"thirdperson_righthand": {
			"rotation": [75, 45, 0],
			"translation": [0, 2.5, 0],
			"scale": [0.375, 0.375, 0.375]
		},
		"thirdperson_lefthand": {
			"rotation": [75, 45, 0],
			"translation": [0, 2.5, 0],
			"scale": [0.375, 0.375, 0.375]
		},
		"firstperson_righthand": {
			"rotation": [0, 45, 0],
			"scale": [0.4, 0.4, 0.4]
		},
		"firstperson_lefthand": {
			"rotation": [0, 225, 0],
			"scale": [0.4, 0.4, 0.4]
		},
		"ground": {
			"translation": [0, 3, 0],
			"scale": [0.25, 0.25, 0.25]
		},
		"gui": {
			"rotation": [30, 225, 0],
			"scale": [0.625, 0.625, 0.625]
		},
		"fixed": {
			"scale": [0.5, 0.5, 0.5]
		}
	},
	"groups": [
		{
			"name": "border",
			"origin": [15, 15, 1],
			"color": 0,
			"children": [0, 1, 2, 3, 4, 5, 6, 7, 8, 9, 10, 11]
		},
		{
			"name": "top_half",
			"origin": [1, 13, 0],
			"color": 0,
			"children": [
				{
					"name": "top_north",
					"origin": [1, 13, 0],
					"color": 0,
					"children": [12, 13, 14, 15, 16, 17, 18]
				},
				19
			]
		},
		{
			"name": "bottom_half",
			"origin": [1, 2, 0],
			"color": 0,
			"children": [
				{
					"name": "bottom_north",
					"origin": [1, 2, 0],
					"color": 0,
					"children": [20, 21, 22, 23, 24, 25, 26, 27, 28]
				},
				29,
				30,
				31,
				32
			]
		}
	]
}