{
    "credit": "Made by TheWaschtlPlays using Blockbench",
    "ambientocclusion": false,
    "textures": {
        "particle": "iron_trapdoor/iron_trapdoor",
        "side": "iron_trapdoor/iron_trapdoor_side"
    },
    "elements": [
        {
            "name": "Cube",
            "from": [0, 13, 0],
            "to": [16, 16, 1],
            "rotation": {"angle": 0, "axis": "y", "origin": [8, 21, 8]},
            "faces": {
                "north": {"uv": [0, 3, 16, 0], "texture": "#side", "cullface": "north"},
                "east": {"uv": [15, 3, 16, 0], "texture": "#side", "cullface": "east"},
                "south": {"uv": [0, 0, 16, 1], "texture": "#particle"},
                "west": {"uv": [0, 3, 1, 0], "texture": "#side", "cullface": "west"},
                "up": {"uv": [0, 0, 16, 1], "texture": "#particle", "cullface": "up"},
                "down": {"uv": [0, 15, 16, 16], "texture": "#particle"}
            }
        },
        {
            "name": "Cube",
            "from": [3, 13.5, 6],
            "to": [13, 15.5, 10],
            "rotation": {"angle": 0, "axis": "y", "origin": [8, 21, 8]},
            "faces": {
                "north": {"uv": [3, 6, 13, 7], "rotation": 180, "texture": "#particle"},
                "south": {"uv": [3, 9, 13, 10], "texture": "#particle"},
                "up": {"uv": [3, 6, 13, 10], "texture": "#particle", "cullface": "up"},
                "down": {"uv": [13, 6, 3, 10], "rotation": 180, "texture": "#particle"}
            }
        },
        {
            "name": "Cube",
            "from": [1, 13.5, 1],
            "to": [15, 15.5, 3],
            "rotation": {"angle": 0, "axis": "y", "origin": [8, 21, 4]},
            "faces": {
                "south": {"uv": [1, 2, 15, 3], "texture": "#particle"},
                "up": {"uv": [1, 1, 15, 3], "texture": "#particle", "cullface": "up"},
                "down": {"uv": [15, 1, 1, 3], "rotation": 180, "texture": "#particle"}
            }
        },
        {
            "name": "Cube",
            "from": [1, 13.5, 13],
            "to": [15, 15.5, 15],
            "rotation": {"angle": 0, "axis": "y", "origin": [8, 21, 15]},
            "faces": {
                "north": {"uv": [1, 13, 15, 14], "rotation": 180, "texture": "#particle"},
                "up": {"uv": [1, 13, 15, 15], "texture": "#particle", "cullface": "up"},
                "down": {"uv": [15, 13, 1, 15], "rotation": 180, "texture": "#particle"}
            }
        },
        {
            "name": "Cube",
            "from": [0, 13, 15],
            "to": [16, 16, 16],
            "rotation": {"angle": 0, "axis": "y", "origin": [8, 21, 8]},
            "faces": {
                "north": {"uv": [0, 15, 16, 16], "rotation": 180, "texture": "#particle"},
                "east": {"uv": [0, 3, 1, 0], "texture": "#side", "cullface": "east"},
                "south": {"uv": [0, 3, 16, 0], "texture": "#side", "cullface": "south"},
                "west": {"uv": [15, 3, 16, 0], "texture": "#side", "cullface": "west"},
                "up": {"uv": [0, 15, 16, 16], "texture": "#particle", "cullface": "up"},
                "down": {"uv": [0, 0, 16, 1], "texture": "#particle"}
            }
        },
        {
            "name": "Cube",
            "from": [0, 13, 1],
            "to": [1, 16, 15],
            "rotation": {"angle": 0, "axis": "y", "origin": [8, 21, 8]},
            "faces": {
                "east": {"uv": [0, 1, 1, 15], "rotation": 90, "texture": "#particle"},
                "west": {"uv": [1, 3, 15, 0], "texture": "#side", "cullface": "west"},
                "up": {"uv": [0, 1, 1, 15], "texture": "#particle", "cullface": "up"},
                "down": {"uv": [16, 1, 15, 15], "rotation": 180, "texture": "#particle"}
            }
        },
        {
            "name": "Cube",
            "from": [15, 13, 1],
            "to": [16, 16, 15],
            "rotation": {"angle": 0, "axis": "y", "origin": [8, 21, 8]},
            "faces": {
                "east": {"uv": [1, 3, 15, 0], "texture": "#side", "cullface": "east"},
                "west": {"uv": [15, 1, 16, 15], "rotation": 270, "texture": "#particle"},
                "up": {"uv": [15, 1, 16, 15], "texture": "#particle", "cullface": "up"},
                "down": {"uv": [1, 1, 0, 15], "rotation": 180, "texture": "#particle"}
            }
        },
        {
            "name": "Cube",
            "from": [6, 13.5, 3],
            "to": [10, 15.5, 13],
            "rotation": {"angle": 0, "axis": "y", "origin": [8, 21, 8]},
            "faces": {
                "east": {"uv": [9, 3, 10, 13], "rotation": 90, "texture": "#particle"},
                "west": {"uv": [6, 3, 7, 13], "rotation": 270, "texture": "#particle"},
                "up": {"uv": [6, 3, 10, 13], "texture": "#particle", "cullface": "up"},
                "down": {"uv": [10, 3, 6, 13], "rotation": 180, "texture": "#particle"}
            }
        },
        {
            "name": "Cube",
            "from": [1, 13.5, 3],
            "to": [3, 15.5, 13],
            "rotation": {"angle": 0, "axis": "y", "origin": [4, 21, 8]},
            "faces": {
                "east": {"uv": [2, 3, 3, 13], "rotation": 90, "texture": "#particle"},
                "up": {"uv": [1, 3, 3, 13], "texture": "#particle", "cullface": "up"},
                "down": {"uv": [3, 3, 1, 13], "rotation": 180, "texture": "#particle"}
            }
        },
        {
            "name": "Cube",
            "from": [13, 13.5, 3],
            "to": [15, 15.5, 13],
            "rotation": {"angle": 0, "axis": "y", "origin": [15, 21, 8]},
            "faces": {
                "west": {"uv": [13, 3, 14, 13], "rotation": 270, "texture": "#particle"},
                "up": {"uv": [13, 3, 15, 13], "texture": "#particle", "cullface": "up"},
                "down": {"uv": [15, 3, 13, 13], "rotation": 180, "texture": "#particle"}
            }
        }
    ],
    "display": {
        "thirdperson_righthand": {
            "rotation": [75, 45, 0],
            "translation": [0, 2.5, 2],
            "scale": [0.375, 0.375, 0.375]
        },
        "thirdperson_lefthand": {
            "rotation": [75, 45, 0],
            "translation": [0, 2.5, 2],
            "scale": [0.375, 0.375, 0.375]
        },
        "firstperson_righthand": {
            "rotation": [0, 45, 0],
            "translation": [0, 4.2, 0],
            "scale": [0.4, 0.4, 0.4]
        },
        "firstperson_lefthand": {
            "rotation": [0, 45, 0],
            "translation": [0, 4.2, 0],
            "scale": [0.4, 0.4, 0.4]
        },
        "ground": {
            "translation": [0, 3, 0],
            "scale": [0.25, 0.25, 0.25]
        },
        "gui": {
            "rotation": [30, 45, 0],
            "scale": [0.625, 0.625, 0.625]
        },
        "head": {
            "rotation": [0, 180, 0]
        },
        "fixed": {
            "rotation": [0, 180, 0]
        }
    }
}