{
	"credit": "Made with Blockbench",
	"textures": {
		"bottom": "block/smoker/smoker_bottom",
		"front": "block/smoker/smoker_front",
		"particle": "block/smoker/smoker_front_on",
		"front_on": "block/smoker/smoker_front_on",
		"side": "block/smoker/smoker_side",
		"top": "block/smoker/smoker_top"
	},
	"elements": [
		{
			"name": "frame_nw",
			"from": [0, 0, 0],
			"to": [2, 16, 2],
			"rotation": {"angle": 0, "axis": "y", "origin": [0, 8, 0]},
			"faces": {
				"north": {"uv": [14, 0, 16, 16], "texture": "#front", "cullface": "north"},
				"east": {"uv": [14, 0, 16, 16], "texture": "#front"},
				"south": {"uv": [0, 0, 2, 16], "texture": "#side"},
				"west": {"uv": [0, 0, 2, 16], "texture": "#side", "cullface": "west"},
				"up": {"uv": [0, 0, 2, 2], "texture": "#top", "cullface": "up"},
				"down": {"uv": [0, 14, 2, 16], "texture": "#bottom", "cullface": "down"}
			}
		},
		{
			"name": "frame_ne",
			"from": [14, 0, 0],
			"to": [16, 16, 2],
			"rotation": {"angle": 0, "axis": "y", "origin": [14, 8, 0]},
			"faces": {
				"north": {"uv": [0, 0, 2, 16], "texture": "#front", "cullface": "north"},
				"east": {"uv": [14, 0, 16, 16], "texture": "#side", "cullface": "east"},
				"south": {"uv": [14, 0, 16, 16], "texture": "#side"},
				"west": {"uv": [0, 0, 2, 16], "texture": "#front"},
				"up": {"uv": [14, 0, 16, 2], "texture": "#top", "cullface": "up"},
				"down": {"uv": [14, 14, 16, 16], "texture": "#bottom", "cullface": "down"}
			}
		},
		{
			"name": "frame_sw",
			"from": [0, 0, 14],
			"to": [2, 16, 16],
			"rotation": {"angle": 0, "axis": "y", "origin": [0, 8, 14]},
			"faces": {
				"north": {"uv": [14, 0, 16, 16], "texture": "#side"},
				"east": {"uv": [0, 0, 2, 16], "texture": "#side"},
				"south": {"uv": [0, 0, 2, 16], "texture": "#side", "cullface": "south"},
				"west": {"uv": [14, 0, 16, 16], "texture": "#side", "cullface": "west"},
				"up": {"uv": [0, 14, 2, 16], "texture": "#top", "cullface": "up"},
				"down": {"uv": [0, 0, 2, 2], "texture": "#bottom", "cullface": "down"}
			}
		},
		{
			"name": "frame_se",
			"from": [14, 0, 14],
			"to": [16, 16, 16],
			"rotation": {"angle": 0, "axis": "y", "origin": [14, 8, 14]},
			"faces": {
				"north": {"uv": [0, 0, 2, 16], "texture": "#side"},
				"east": {"uv": [0, 0, 2, 16], "texture": "#side", "cullface": "east"},
				"south": {"uv": [14, 0, 16, 16], "texture": "#side", "cullface": "south"},
				"west": {"uv": [14, 0, 16, 16], "texture": "#side"},
				"up": {"uv": [14, 14, 16, 16], "texture": "#top", "cullface": "up"},
				"down": {"uv": [14, 0, 16, 2], "texture": "#bottom", "cullface": "down"}
			}
		},
		{
			"name": "frame_bottom_north",
			"from": [2, 0, 0],
			"to": [14, 1, 1],
			"rotation": {"angle": 0, "axis": "y", "origin": [2, 0, 0]},
			"faces": {
				"north": {"uv": [2, 15, 14, 16], "rotation": 180, "texture": "#bottom", "cullface": "north"},
				"south": {"uv": [2, 15, 14, 16], "texture": "#bottom", "cullface": "down"},
				"up": {"uv": [2, 15, 14, 16], "texture": "#bottom", "cullface": "north"},
				"down": {"uv": [2, 15, 14, 16], "texture": "#bottom", "cullface": "down"}
			}
		},
		{
			"name": "frame_bottom_east",
			"from": [15, 0, 2],
			"to": [16, 1, 14],
			"rotation": {"angle": 0, "axis": "y", "origin": [15, 0, 2]},
			"faces": {
				"east": {"uv": [15, 2, 16, 14], "rotation": 270, "texture": "#bottom", "cullface": "east"},
				"west": {"uv": [15, 2, 16, 14], "rotation": 90, "texture": "#bottom", "cullface": "down"},
				"up": {"uv": [15, 2, 16, 14], "rotation": 180, "texture": "#bottom", "cullface": "east"},
				"down": {"uv": [15, 2, 16, 14], "texture": "#bottom", "cullface": "down"}
			}
		},
		{
			"name": "frame_bottom_south",
			"from": [2, 0, 15],
			"to": [14, 1, 16],
			"rotation": {"angle": 0, "axis": "y", "origin": [2, 0, 15]},
			"faces": {
				"north": {"uv": [2, 0, 14, 1], "rotation": 180, "texture": "#bottom", "cullface": "down"},
				"south": {"uv": [2, 0, 14, 1], "texture": "#bottom", "cullface": "south"},
				"up": {"uv": [2, 0, 14, 1], "texture": "#bottom", "cullface": "south"},
				"down": {"uv": [2, 0, 14, 1], "texture": "#bottom", "cullface": "down"}
			}
		},
		{
			"name": "frame_bottom_west",
			"from": [0, 0, 2],
			"to": [1, 1, 14],
			"rotation": {"angle": 0, "axis": "y", "origin": [0, 0, 2]},
			"faces": {
				"east": {"uv": [0, 2, 1, 14], "rotation": 270, "texture": "#bottom", "cullface": "down"},
				"west": {"uv": [0, 2, 1, 14], "rotation": 90, "texture": "#bottom", "cullface": "west"},
				"up": {"uv": [0, 2, 1, 14], "rotation": 180, "texture": "#bottom", "cullface": "west"},
				"down": {"uv": [0, 2, 1, 14], "texture": "#bottom", "cullface": "down"}
			}
		},
		{
			"name": "frame_top_north",
			"from": [2, 15, 0],
			"to": [14, 16, 1],
			"rotation": {"angle": 0, "axis": "y", "origin": [2, 15, 0]},
			"faces": {
				"north": {"uv": [2, 0, 14, 1], "rotation": 180, "texture": "#top", "cullface": "north"},
				"south": {"uv": [2, 0, 14, 1], "texture": "#top", "cullface": "up"},
				"up": {"uv": [2, 0, 14, 1], "texture": "#top", "cullface": "up"},
				"down": {"uv": [2, 0, 14, 1], "texture": "#top", "cullface": "north"}
			}
		},
		{
			"name": "frame_top_east",
			"from": [15, 15, 2],
			"to": [16, 16, 14],
			"rotation": {"angle": 0, "axis": "y", "origin": [15, 15, 2]},
			"faces": {
				"east": {"uv": [15, 2, 16, 14], "rotation": 90, "texture": "#top", "cullface": "east"},
				"west": {"uv": [15, 2, 16, 14], "rotation": 270, "texture": "#top", "cullface": "up"},
				"up": {"uv": [15, 2, 16, 14], "texture": "#top", "cullface": "up"},
				"down": {"uv": [15, 2, 16, 14], "rotation": 180, "texture": "#top", "cullface": "east"}
			}
		},
		{
			"name": "frame_top_south",
			"from": [2, 15, 15],
			"to": [14, 16, 16],
			"rotation": {"angle": 0, "axis": "y", "origin": [2, 15, 15]},
			"faces": {
				"north": {"uv": [2, 15, 14, 16], "rotation": 180, "texture": "#top", "cullface": "up"},
				"south": {"uv": [2, 15, 14, 16], "texture": "#top", "cullface": "south"},
				"up": {"uv": [2, 15, 14, 16], "texture": "#top", "cullface": "up"},
				"down": {"uv": [2, 15, 14, 16], "texture": "#top", "cullface": "south"}
			}
		},
		{
			"name": "frame_top_west",
			"from": [0, 15, 2],
			"to": [1, 16, 14],
			"rotation": {"angle": 0, "axis": "y", "origin": [0, 15, 2]},
			"faces": {
				"east": {"uv": [0, 2, 1, 14], "rotation": 90, "texture": "#top", "cullface": "up"},
				"west": {"uv": [0, 2, 1, 14], "rotation": 270, "texture": "#top", "cullface": "west"},
				"up": {"uv": [0, 2, 1, 14], "texture": "#top", "cullface": "up"},
				"down": {"uv": [0, 2, 1, 14], "rotation": 180, "texture": "#top", "cullface": "west"}
			}
		},
		{
			"name": "north_1",
			"from": [2, 13, 0.5],
			"to": [14, 15, 1],
			"rotation": {"angle": 0, "axis": "y", "origin": [2, 13, 0]},
			"faces": {
				"north": {"uv": [2, 1, 14, 3], "texture": "#front", "cullface": "north"},
				"down": {"uv": [2, 2, 14, 3], "rotation": 180, "texture": "#front", "cullface": "north"}
			}
		},
		{
			"name": "north_frame_top",
			"from": [2, 12, 1],
			"to": [14, 13, 2],
			"rotation": {"angle": 0, "axis": "y", "origin": [2, 12, 0]},
			"faces": {
				"north": {"uv": [2, 3, 14, 4], "texture": "#front", "cullface": "north"},
				"down": {"uv": [2, 3, 14, 4], "rotation": 180, "texture": "#front", "cullface": "north"}
			}
		},
		{
			"name": "north_frame_left",
			"from": [13, 8, 1],
			"to": [14, 12, 2],
			"rotation": {"angle": 0, "axis": "y", "origin": [12, 8, 0]},
			"faces": {
				"north": {"uv": [2, 4, 3, 8], "texture": "#front", "cullface": "north"},
				"west": {"uv": [2, 4, 3, 8], "texture": "#front", "cullface": "north"}
			}
		},
		{
			"name": "north_frame_right",
			"from": [2, 8, 1],
			"to": [3, 12, 2],
			"rotation": {"angle": 0, "axis": "y", "origin": [1, 8, 0]},
			"faces": {
				"north": {"uv": [13, 4, 14, 8], "texture": "#front", "cullface": "north"},
				"east": {"uv": [13, 4, 14, 8], "texture": "#front", "cullface": "north"}
			}
		},
		{
			"name": "north_frame_bottom",
			"from": [2, 7, 1],
			"to": [14, 8, 2],
			"rotation": {"angle": 0, "axis": "y", "origin": [2, 7, 0]},
			"faces": {
				"north": {"uv": [2, 8, 14, 9], "texture": "#front", "cullface": "north"},
				"up": {"uv": [2, 8, 14, 9], "rotation": 180, "texture": "#front", "cullface": "north"},
				"down": {"uv": [2, 8, 14, 9], "rotation": 180, "texture": "#front", "cullface": "north"}
			}
		},
		{
			"name": "door",
			"from": [3, 8, 1.5],
			"to": [13, 12, 1.5],
			"rotation": {"angle": 0, "axis": "y", "origin": [2, 7, 0]},
			"faces": {
				"north": {"uv": [3, 4, 13, 8], "texture": "#front_on", "cullface": "north"}
			}
		},
		{
			"name": "handle",
			"from": [3, 9, 1],
			"to": [4, 11, 1.5],
			"rotation": {"angle": 0, "axis": "y", "origin": [3, 9, 0]},
			"faces": {
				"north": {"uv": [12, 5, 13, 7], "texture": "#front_on", "cullface": "north"},
				"east": {"uv": [12, 5, 13, 7], "texture": "#front_on", "cullface": "north"},
				"west": {"uv": [12, 5, 13, 7], "texture": "#front_on", "cullface": "north"},
				"up": {"uv": [12, 5, 13, 6], "texture": "#front_on", "cullface": "north"},
				"down": {"uv": [12, 6, 13, 7], "texture": "#front_on", "cullface": "north"}
			}
		},
		{
			"name": "north_3",
			"from": [2, 2, 2],
			"to": [14, 7, 2],
			"rotation": {"angle": 0, "axis": "y", "origin": [2, 2, 0]},
			"faces": {
				"north": {"uv": [2, 9, 14, 14], "texture": "#front_on", "cullface": "north"}
			}
		},
		{
			"name": "north_4",
			"from": [2, 1, 1],
			"to": [14, 2, 2],
			"rotation": {"angle": 0, "axis": "y", "origin": [2, 1, 1]},
			"faces": {
				"north": {"uv": [2, 14, 14, 15], "texture": "#front", "cullface": "north"},
				"up": {"uv": [2, 14, 14, 15], "rotation": 180, "texture": "#front", "cullface": "north"}
			}
		},
		{
			"name": "east_1",
			"from": [15, 13, 2],
			"to": [15.5, 15, 14],
			"rotation": {"angle": 0, "axis": "y", "origin": [15, 12, 2]},
			"faces": {
				"east": {"uv": [2, 1, 14, 3], "texture": "#side", "cullface": "east"},
				"down": {"uv": [2, 2, 14, 3], "rotation": 270, "texture": "#side", "cullface": "east"}
			}
		},
		{
			"name": "east_2",
			"from": [15, 7, 2],
			"to": [15, 13, 14],
			"rotation": {"angle": 0, "axis": "y", "origin": [14, 14, 8]},
			"faces": {
				"east": {"uv": [2, 3, 14, 9], "texture": "#side", "cullface": "east"}
			}
		},
		{
			"name": "east_3",
			"from": [15, 4, 2],
			"to": [15.5, 7, 14],
			"rotation": {"angle": 0, "axis": "y", "origin": [15, 4, 2]},
			"faces": {
				"east": {"uv": [2, 9, 14, 12], "texture": "#side", "cullface": "east"},
				"up": {"uv": [2, 9, 14, 10], "rotation": 90, "texture": "#side", "cullface": "east"},
				"down": {"uv": [2, 11, 14, 12], "rotation": 270, "texture": "#side", "cullface": "east"}
			}
		},
		{
			"name": "east_4",
			"from": [15, 1, 2],
			"to": [15, 4, 14],
			"rotation": {"angle": 0, "axis": "y", "origin": [14, 8, 8]},
			"faces": {
				"east": {"uv": [2, 12, 14, 15], "texture": "#side", "cullface": "east"}
			}
		},
		{
			"name": "south_1",
			"from": [2, 13, 15],
			"to": [14, 15, 15.5],
			"rotation": {"angle": 0, "axis": "y", "origin": [2, 12, 15]},
			"faces": {
				"south": {"uv": [2, 1, 14, 3], "texture": "#side", "cullface": "south"},
				"down": {"uv": [2, 2, 14, 3], "texture": "#side", "cullface": "south"}
			}
		},
		{
			"name": "south_2",
			"from": [2, 7, 15],
			"to": [14, 13, 15],
			"rotation": {"angle": 0, "axis": "y", "origin": [12, 7, 13]},
			"faces": {
				"south": {"uv": [2, 3, 14, 9], "texture": "#side", "cullface": "south"}
			}
		},
		{
			"name": "south_3",
			"from": [2, 4, 15],
			"to": [14, 7, 15.5],
			"rotation": {"angle": 0, "axis": "y", "origin": [2, 4, 15]},
			"faces": {
				"south": {"uv": [2, 9, 14, 12], "texture": "#side", "cullface": "south"},
				"up": {"uv": [2, 9, 14, 10], "texture": "#side", "cullface": "south"},
				"down": {"uv": [2, 11, 14, 12], "texture": "#side", "cullface": "south"}
			}
		},
		{
			"name": "south_4",
			"from": [2, 1, 15],
			"to": [14, 4, 15],
			"rotation": {"angle": 0, "axis": "y", "origin": [12, 1, 13]},
			"faces": {
				"south": {"uv": [2, 12, 14, 15], "texture": "#side", "cullface": "south"}
			}
		},
		{
			"name": "west_1",
			"from": [0.5, 13, 2],
			"to": [1, 15, 14],
			"rotation": {"angle": 0, "axis": "y", "origin": [0, 12, 2]},
			"faces": {
				"west": {"uv": [2, 1, 14, 3], "texture": "#side", "cullface": "west"},
				"down": {"uv": [2, 2, 14, 3], "rotation": 270, "texture": "#side", "cullface": "west"}
			}
		},
		{
			"name": "west_2",
			"from": [1, 7, 2],
			"to": [1, 13, 14],
			"rotation": {"angle": 0, "axis": "y", "origin": [0, 14, 8]},
			"faces": {
				"west": {"uv": [2, 3, 14, 9], "texture": "#side", "cullface": "west"}
			}
		},
		{
			"name": "west_3",
			"from": [0.5, 4, 2],
			"to": [1, 7, 14],
			"rotation": {"angle": 0, "axis": "y", "origin": [0, 4, 2]},
			"faces": {
				"west": {"uv": [2, 9, 14, 12], "texture": "#side", "cullface": "west"},
				"up": {"uv": [2, 9, 14, 10], "rotation": 90, "texture": "#side", "cullface": "west"},
				"down": {"uv": [2, 11, 14, 12], "rotation": 270, "texture": "#side", "cullface": "west"}
			}
		},
		{
			"name": "west_4",
			"from": [1, 1, 2],
			"to": [1, 4, 14],
			"rotation": {"angle": 0, "axis": "y", "origin": [0, 8, 8]},
			"faces": {
				"west": {"uv": [2, 12, 14, 15], "texture": "#side", "cullface": "west"}
			}
		},
		{
			"name": "top_north",
			"from": [1, 14.5, 1],
			"to": [15, 15.5, 4],
			"rotation": {"angle": 0, "axis": "y", "origin": [1, 15, 1]},
			"faces": {
				"south": {"uv": [1, 3, 15, 4], "texture": "#top", "cullface": "up"},
				"up": {"uv": [1, 1, 15, 4], "texture": "#top", "cullface": "up"}
			}
		},
		{
			"name": "top_west",
			"from": [1, 14.5, 4],
			"to": [4, 15.5, 12],
			"rotation": {"angle": 0, "axis": "y", "origin": [2, 15, 4]},
			"faces": {
				"east": {"uv": [3, 4, 4, 12], "rotation": 90, "texture": "#top", "cullface": "up"},
				"up": {"uv": [1, 4, 4, 12], "texture": "#top", "cullface": "up"}
			}
		},
		{
			"name": "top_east",
			"from": [12, 14.5, 4],
			"to": [15, 15.5, 12],
			"rotation": {"angle": 0, "axis": "y", "origin": [13, 15, 4]},
			"faces": {
				"west": {"uv": [12, 4, 13, 12], "rotation": 270, "texture": "#top", "cullface": "up"},
				"up": {"uv": [12, 4, 15, 12], "texture": "#top", "cullface": "up"}
			}
		},
		{
			"name": "top_south",
			"from": [1, 14.5, 12],
			"to": [15, 15.5, 15],
			"rotation": {"angle": 0, "axis": "y", "origin": [1, 14, 13]},
			"faces": {
				"north": {"uv": [1, 12, 15, 13], "rotation": 180, "texture": "#top", "cullface": "up"},
				"up": {"uv": [1, 12, 15, 15], "texture": "#top", "cullface": "up"}
			}
		},
		{
			"name": "top_nw",
			"from": [4, 14.5, 4],
			"to": [5, 15.5, 5],
			"rotation": {"angle": 0, "axis": "y", "origin": [3, 15, 4]},
			"faces": {
				"east": {"uv": [4, 4, 5, 5], "texture": "#top", "cullface": "up"},
				"south": {"uv": [4, 4, 5, 5], "texture": "#top", "cullface": "up"},
				"up": {"uv": [4, 4, 5, 5], "texture": "#top", "cullface": "up"}
			}
		},
		{
			"name": "top_ne",
			"from": [11, 14.5, 4],
			"to": [12, 15.5, 5],
			"rotation": {"angle": 0, "axis": "y", "origin": [10, 15, 4]},
			"faces": {
				"south": {"uv": [11, 4, 12, 5], "texture": "#top", "cullface": "up"},
				"west": {"uv": [11, 4, 12, 5], "texture": "#top", "cullface": "up"},
				"up": {"uv": [11, 4, 12, 5], "texture": "#top", "cullface": "up"}
			}
		},
		{
			"name": "top_sw",
			"from": [4, 14.5, 11],
			"to": [5, 15.5, 12],
			"rotation": {"angle": 0, "axis": "y", "origin": [3, 15, 11]},
			"faces": {
				"north": {"uv": [4, 11, 5, 12], "texture": "#top", "cullface": "up"},
				"east": {"uv": [4, 11, 5, 12], "texture": "#top", "cullface": "up"},
				"up": {"uv": [4, 11, 5, 12], "texture": "#top", "cullface": "up"}
			}
		},
		{
			"name": "top_se",
			"from": [11, 14.5, 11],
			"to": [12, 15.5, 12],
			"rotation": {"angle": 0, "axis": "y", "origin": [10, 15, 11]},
			"faces": {
				"north": {"uv": [11, 11, 12, 12], "texture": "#top", "cullface": "up"},
				"west": {"uv": [11, 11, 12, 12], "texture": "#top", "cullface": "up"},
				"up": {"uv": [11, 11, 12, 12], "texture": "#top", "cullface": "up"}
			}
		},
		{
			"name": "top_middle",
			"from": [4, 14.5, 4],
			"to": [12, 14.5, 12],
			"rotation": {"angle": 0, "axis": "y", "origin": [4, 15, 4]},
			"faces": {
				"up": {"uv": [4, 4, 12, 12], "texture": "#top", "cullface": "up"}
			}
		},
		{
			"name": "bottom",
			"from": [1, 0.5, 1],
			"to": [15, 0.5, 15],
			"rotation": {"angle": 0, "axis": "y", "origin": [1, 0, 1]},
			"faces": {
				"down": {"uv": [1, 1, 15, 15], "texture": "#bottom", "cullface": "down"}
			}
		}
	],
	"display": {
		"thirdperson_righthand": {
			"rotation": [75, 45, 0],
			"translation": [0, 2.5, 0],
			"scale": [0.375, 0.375, 0.375]
		},
		"thirdperson_lefthand": {
			"rotation": [75, 45, 0],
			"translation": [0, 2.5, 0],
			"scale": [0.375, 0.375, 0.375]
		},
		"firstperson_righthand": {
			"rotation": [0, 45, 0],
			"scale": [0.4, 0.4, 0.4]
		},
		"firstperson_lefthand": {
			"rotation": [0, 225, 0],
			"scale": [0.4, 0.4, 0.4]
		},
		"ground": {
			"translation": [0, 3, 0],
			"scale": [0.25, 0.25, 0.25]
		},
		"gui": {
			"rotation": [30, 225, 0],
			"scale": [0.625, 0.625, 0.625]
		},
		"fixed": {
			"scale": [0.5, 0.5, 0.5]
		}
	},
	"groups": [
		{
			"name": "frame",
			"origin": [0, 15, 2],
			"color": 0,
			"children": [0, 1, 2, 3, 4, 5, 6, 7, 8, 9, 10, 11]
		},
		{
			"name": "north",
			"origin": [11, 9, 0],
			"color": 0,
			"children": [
				12,
				{
					"name": "north_2",
					"origin": [2, 7, 0],
					"color": 0,
					"children": [13, 14, 15, 16, 17, 18]
				},
				19,
				20
			]
		},
		{
			"name": "east",
			"origin": [15, 12, 2],
			"color": 0,
			"children": [21, 22, 23, 24]
		},
		{
			"name": "south",
			"origin": [2, 4, 15],
			"color": 0,
			"children": [25, 26, 27, 28]
		},
		{
			"name": "west",
			"origin": [0, 8, 8],
			"color": 0,
			"children": [29, 30, 31, 32]
		},
		{
			"name": "top",
			"origin": [4, 15, 4],
			"color": 0,
			"children": [33, 34, 35, 36, 37, 38, 39, 40, 41]
		},
		42
	]
}