{
	"credit": "Made by TheWaschtlPlays using Blockbench",
	"textures": {
		"particle": "block/barrel/barrel_side",
		"bottom": "block/barrel/barrel_bottom",
		"planks": "block/barrel/dark_oak_planks",
		"side": "block/barrel/barrel_side",
		"top": "block/barrel/barrel_top"
	},
	"elements": [
		{
			"name": "Cube",
			"from": [15, 0, 0],
			"to": [16, 16, 16],
			"faces": {
				"north": {"uv": [15, 0, 16, 16], "texture": "#side", "cullface": "north"},
				"east": {"uv": [0, 0, 16, 16], "texture": "#side", "cullface": "east"},
				"south": {"uv": [0, 0, 1, 16], "texture": "#side", "cullface": "south"},
				"west": {"uv": [0, 0, 16, 16], "texture": "#planks"},
				"up": {"uv": [0, 0, 16, 1], "rotation": 90, "texture": "#top", "cullface": "up"},
				"down": {"uv": [0, 0, 16, 1], "rotation": 90, "texture": "#top", "cullface": "down"}
			}
		},
		{
			"name": "Cube",
			"from": [0, 0, 0],
			"to": [1, 16, 16],
			"faces": {
				"north": {"uv": [15, 0, 16, 16], "texture": "#side", "cullface": "north"},
				"east": {"uv": [0, 0, 16, 16], "texture": "#planks"},
				"south": {"uv": [0, 0, 1, 16], "texture": "#side", "cullface": "south"},
				"west": {"uv": [0, 0, 16, 16], "texture": "#side", "cullface": "west"},
				"up": {"uv": [0, 0, 16, 1], "rotation": 90, "texture": "#top", "cullface": "up"},
				"down": {"uv": [0, 0, 16, 1], "rotation": 90, "texture": "#top", "cullface": "down"}
			}
		},
		{
			"name": "Cube",
			"from": [1, 0, 0],
			"to": [15, 16, 1],
			"faces": {
				"north": {"uv": [1, 0, 15, 16], "texture": "#side", "cullface": "north"},
				"east": {"uv": [0, 0, 1, 16], "texture": "#side"},
				"south": {"uv": [1, 0, 15, 16], "texture": "#planks"},
				"west": {"uv": [0, 0, 1, 16], "texture": "#side"},
				"up": {"uv": [0, 1, 1, 15], "rotation": 90, "texture": "#top", "cullface": "up"},
				"down": {"uv": [0, 1, 1, 15], "rotation": 90, "texture": "#top", "cullface": "down"}
			}
		},
		{
			"name": "Cube",
			"from": [1, 0, 15],
			"to": [15, 16, 16],
			"faces": {
				"north": {"uv": [1, 0, 15, 16], "texture": "#planks"},
				"east": {"uv": [0, 0, 1, 16], "texture": "#side"},
				"south": {"uv": [1, 0, 15, 16], "texture": "#side", "cullface": "south"},
				"west": {"uv": [0, 0, 1, 16], "texture": "#side"},
				"up": {"uv": [0, 1, 1, 15], "rotation": 90, "texture": "#top", "cullface": "up"},
				"down": {"uv": [0, 1, 1, 15], "rotation": 90, "texture": "#top", "cullface": "down"}
			}
		},
		{
			"name": "Cube",
			"from": [1, 1, 1],
			"to": [15, 2, 15],
			"faces": {
				"north": {"uv": [1, 0, 15, 1], "texture": "#bottom"},
				"east": {"uv": [1, 0, 15, 1], "texture": "#bottom"},
				"south": {"uv": [1, 0, 15, 1], "texture": "#bottom"},
				"west": {"uv": [1, 0, 15, 1], "texture": "#bottom"},
				"up": {"uv": [1, 1, 15, 15], "rotation": 90, "texture": "#planks", "cullface": "up"},
				"down": {"uv": [1, 1, 15, 15], "rotation": 90, "texture": "#bottom", "cullface": "down"}
			}
		},
		{
			"name": "Cube",
			"from": [15.5, 3, -0.5],
			"to": [16.5, 5, 16.5],
			"faces": {
				"north": {"uv": [15, 3, 16, 5], "texture": "#side"},
				"east": {"uv": [0, 3, 16, 5], "texture": "#side"},
				"south": {"uv": [0, 3, 1, 5], "texture": "#side"},
				"up": {"uv": [0, 3, 16, 4], "rotation": 90, "texture": "#side"},
				"down": {"uv": [0, 4, 16, 5], "rotation": 90, "texture": "#side"}
			}
		},
		{
			"name": "Cube",
			"from": [-0.5, 3, -0.5],
			"to": [0.5, 5, 16.5],
			"faces": {
				"north": {"uv": [15, 3, 16, 5], "texture": "#side"},
				"south": {"uv": [0, 3, 1, 5], "texture": "#side"},
				"west": {"uv": [0, 3, 16, 5], "texture": "#side"},
				"up": {"uv": [0, 3, 16, 4], "rotation": 90, "texture": "#side"},
				"down": {"uv": [0, 4, 16, 5], "rotation": 90, "texture": "#side"}
			}
		},
		{
			"name": "Cube",
			"from": [-0.5, 11, -0.5],
			"to": [0.5, 13, 16.5],
			"faces": {
				"north": {"uv": [15, 3, 16, 5], "texture": "#side"},
				"south": {"uv": [0, 3, 1, 5], "texture": "#side"},
				"west": {"uv": [0, 3, 16, 5], "texture": "#side"},
				"up": {"uv": [0, 3, 16, 4], "rotation": 90, "texture": "#side"},
				"down": {"uv": [0, 4, 16, 5], "rotation": 90, "texture": "#side"}
			}
		},
		{
			"name": "Cube",
			"from": [15.5, 11, -0.5],
			"to": [16.5, 13, 16.5],
			"faces": {
				"north": {"uv": [15, 3, 16, 5], "texture": "#side"},
				"east": {"uv": [0, 3, 16, 5], "texture": "#side"},
				"south": {"uv": [0, 3, 1, 5], "texture": "#side"},
				"up": {"uv": [0, 3, 16, 4], "rotation": 90, "texture": "#side"},
				"down": {"uv": [0, 4, 16, 5], "rotation": 90, "texture": "#side"}
			}
		},
		{
			"name": "Cube",
			"from": [0.5, 3, -0.5],
			"to": [15.5, 5, 0.5],
			"faces": {
				"north": {"uv": [1, 3, 16, 5], "texture": "#side", "cullface": "north"},
				"up": {"uv": [1, 3, 16, 4], "rotation": 180, "texture": "#side", "cullface": "north"},
				"down": {"uv": [1, 4, 16, 5], "rotation": 180, "texture": "#side", "cullface": "north"}
			}
		},
		{
			"name": "Cube",
			"from": [0.5, 3, 15.5],
			"to": [15.5, 5, 16.5],
			"faces": {
				"south": {"uv": [0, 3, 15, 5], "texture": "#side", "cullface": "south"},
				"up": {"uv": [1, 3, 16, 4], "rotation": 180, "texture": "#side", "cullface": "south"},
				"down": {"uv": [1, 4, 16, 5], "rotation": 180, "texture": "#side", "cullface": "south"}
			}
		},
		{
			"name": "Cube",
			"from": [0.5, 11, 15.5],
			"to": [15.5, 13, 16.5],
			"faces": {
				"south": {"uv": [0, 3, 15, 5], "texture": "#side", "cullface": "south"},
				"up": {"uv": [1, 3, 16, 4], "rotation": 180, "texture": "#side", "cullface": "south"},
				"down": {"uv": [1, 4, 16, 5], "rotation": 180, "texture": "#side", "cullface": "south"}
			}
		},
		{
			"name": "Cube",
			"from": [0.5, 11, -0.5],
			"to": [15.5, 13, 0.5],
			"faces": {
				"north": {"uv": [1, 3, 16, 5], "texture": "#side", "cullface": "north"},
				"up": {"uv": [1, 3, 16, 4], "rotation": 180, "texture": "#side", "cullface": "north"},
				"down": {"uv": [1, 4, 16, 5], "rotation": 180, "texture": "#side", "cullface": "north"}
			}
		},
		{
			"name": "Cube",
			"from": [14, 14, 1],
			"to": [15, 15, 15],
			"faces": {
				"west": {"uv": [1, 1, 15, 2], "texture": "#top", "cullface": "up"},
				"up": {"uv": [1, 1, 15, 2], "rotation": 90, "texture": "#top", "cullface": "up"},
				"down": {"uv": [0, 1, 1, 15], "texture": "#bottom", "cullface": "up"}
			}
		},
		{
			"name": "Cube",
			"from": [1, 14, 1],
			"to": [2, 15, 15],
			"faces": {
				"east": {"uv": [1, 1, 15, 2], "texture": "#top", "cullface": "up"},
				"up": {"uv": [1, 14, 15, 15], "rotation": 90, "texture": "#top", "cullface": "up"},
				"down": {"uv": [15, 1, 16, 15], "texture": "#bottom", "cullface": "up"}
			}
		},
		{
			"name": "Cube",
			"from": [2, 14, 1],
			"to": [14, 15, 2],
			"faces": {
				"south": {"uv": [2, 1, 14, 2], "texture": "#top", "cullface": "up"},
				"up": {"uv": [1, 2, 2, 14], "rotation": 90, "texture": "#top", "cullface": "up"},
				"down": {"uv": [2, 0, 14, 1], "texture": "#bottom", "cullface": "up"}
			}
		},
		{
			"name": "Cube",
			"from": [2, 14, 14],
			"to": [14, 15, 15],
			"faces": {
				"north": {"uv": [2, 1, 14, 2], "texture": "#top", "cullface": "up"},
				"up": {"uv": [14, 2, 15, 14], "rotation": 90, "texture": "#top", "cullface": "up"},
				"down": {"uv": [2, 15, 14, 16], "texture": "#bottom", "cullface": "up"}
			}
		},
		{
			"name": "Cube",
			"from": [12, 14, 2],
			"to": [14, 15, 4],
			"faces": {
				"south": {"uv": [2, 2, 4, 3], "texture": "#top", "cullface": "up"},
				"west": {"uv": [2, 2, 4, 3], "texture": "#top", "cullface": "up"},
				"up": {"uv": [2, 2, 4, 4], "rotation": 90, "texture": "#top", "cullface": "up"},
				"down": {"uv": [3, 3, 1, 1], "texture": "#bottom", "cullface": "up"}
			}
		},
		{
			"name": "Cube",
			"from": [2, 14, 2],
			"to": [4, 15, 4],
			"faces": {
				"east": {"uv": [2, 2, 4, 3], "texture": "#top", "cullface": "up"},
				"south": {"uv": [2, 2, 4, 3], "texture": "#top", "cullface": "up"},
				"up": {"uv": [2, 12, 4, 14], "rotation": 90, "texture": "#top", "cullface": "up"},
				"down": {"uv": [15, 3, 13, 1], "texture": "#bottom", "cullface": "up"}
			}
		},
		{
			"name": "Cube",
			"from": [2, 14, 12],
			"to": [4, 15, 14],
			"faces": {
				"north": {"uv": [2, 2, 4, 3], "texture": "#top", "cullface": "up"},
				"east": {"uv": [2, 2, 4, 3], "texture": "#top", "cullface": "up"},
				"up": {"uv": [12, 12, 14, 14], "rotation": 90, "texture": "#top", "cullface": "up"},
				"down": {"uv": [15, 15, 13, 13], "texture": "#bottom", "cullface": "up"}
			}
		},
		{
			"name": "Cube",
			"from": [12, 14, 12],
			"to": [14, 15, 14],
			"faces": {
				"north": {"uv": [2, 2, 4, 3], "texture": "#top", "cullface": "up"},
				"west": {"uv": [2, 2, 4, 3], "texture": "#top", "cullface": "up"},
				"up": {"uv": [12, 2, 14, 4], "rotation": 90, "texture": "#top", "cullface": "up"},
				"down": {"uv": [3, 15, 1, 13], "texture": "#bottom", "cullface": "up"}
			}
		},
		{
			"name": "Cube",
			"from": [13, 14, 4],
			"to": [14, 15, 5],
			"faces": {
				"south": {"uv": [13, 4, 14, 5], "texture": "#top", "cullface": "up"},
				"west": {"uv": [13, 4, 14, 5], "texture": "#top", "cullface": "up"},
				"up": {"uv": [13, 4, 14, 5], "rotation": 90, "texture": "#top", "cullface": "up"},
				"down": {"uv": [1, 3, 2, 4], "texture": "#bottom", "cullface": "up"}
			}
		},
		{
			"name": "Cube",
			"from": [11, 14, 2],
			"to": [12, 15, 3],
			"faces": {
				"south": {"uv": [13, 4, 14, 5], "texture": "#top", "cullface": "up"},
				"west": {"uv": [13, 4, 14, 5], "texture": "#top", "cullface": "up"},
				"up": {"uv": [13, 4, 14, 5], "rotation": 90, "texture": "#top", "cullface": "up"},
				"down": {"uv": [3, 1, 4, 2], "texture": "#bottom", "cullface": "up"}
			}
		},
		{
			"name": "Cube",
			"from": [4, 14, 2],
			"to": [5, 15, 3],
			"faces": {
				"east": {"uv": [13, 4, 14, 5], "texture": "#top", "cullface": "up"},
				"south": {"uv": [13, 4, 14, 5], "texture": "#top", "cullface": "up"},
				"up": {"uv": [13, 4, 14, 5], "rotation": 90, "texture": "#top", "cullface": "up"},
				"down": {"uv": [11, 1, 12, 2], "texture": "#bottom", "cullface": "up"}
			}
		},
		{
			"name": "Cube",
			"from": [2, 14, 4],
			"to": [3, 15, 5],
			"faces": {
				"east": {"uv": [13, 4, 14, 5], "texture": "#top", "cullface": "up"},
				"south": {"uv": [13, 4, 14, 5], "texture": "#top", "cullface": "up"},
				"up": {"uv": [13, 4, 14, 5], "rotation": 90, "texture": "#top", "cullface": "up"},
				"down": {"uv": [14, 3, 15, 4], "texture": "#bottom", "cullface": "up"}
			}
		},
		{
			"name": "Cube",
			"from": [2, 14, 11],
			"to": [3, 15, 12],
			"faces": {
				"north": {"uv": [13, 4, 14, 5], "texture": "#top", "cullface": "up"},
				"east": {"uv": [13, 4, 14, 5], "texture": "#top", "cullface": "up"},
				"up": {"uv": [13, 4, 14, 5], "rotation": 90, "texture": "#top", "cullface": "up"},
				"down": {"uv": [14, 12, 15, 13], "texture": "#bottom", "cullface": "up"}
			}
		},
		{
			"name": "Cube",
			"from": [4, 14, 13],
			"to": [5, 15, 14],
			"faces": {
				"north": {"uv": [13, 4, 14, 5], "texture": "#top", "cullface": "up"},
				"east": {"uv": [13, 4, 14, 5], "texture": "#top", "cullface": "up"},
				"up": {"uv": [13, 4, 14, 5], "rotation": 90, "texture": "#top", "cullface": "up"},
				"down": {"uv": [12, 14, 13, 15], "texture": "#bottom", "cullface": "up"}
			}
		},
		{
			"name": "Cube",
			"from": [11, 14, 13],
			"to": [12, 15, 14],
			"faces": {
				"north": {"uv": [13, 4, 14, 5], "texture": "#top", "cullface": "up"},
				"west": {"uv": [13, 4, 14, 5], "texture": "#top", "cullface": "up"},
				"up": {"uv": [13, 4, 14, 5], "rotation": 90, "texture": "#top", "cullface": "up"},
				"down": {"uv": [3, 14, 4, 15], "texture": "#bottom", "cullface": "up"}
			}
		},
		{
			"name": "Cube",
			"from": [13, 14, 11],
			"to": [14, 15, 12],
			"faces": {
				"north": {"uv": [13, 4, 14, 5], "texture": "#top", "cullface": "up"},
				"west": {"uv": [13, 4, 14, 5], "texture": "#top", "cullface": "up"},
				"up": {"uv": [13, 4, 14, 5], "rotation": 90, "texture": "#top", "cullface": "up"},
				"down": {"uv": [1, 12, 2, 13], "texture": "#bottom", "cullface": "up"}
			}
		},
		{
			"name": "Cube",
			"from": [-1, 16, 7],
			"to": [9, 17, 15],
			"rotation": {"angle": -22.5, "axis": "y", "origin": [8, 8, 8]},
			"faces": {
				"north": {"uv": [3, 0, 13, 1], "texture": "#top", "cullface": "up"},
				"east": {"uv": [4, 0, 12, 1], "texture": "#top", "cullface": "up"},
				"south": {"uv": [4, 0, 14, 1], "texture": "#top"},
				"west": {"uv": [4, 0, 12, 0], "texture": "#top"},
				"up": {"uv": [4, 3, 12, 13], "rotation": 90, "texture": "#top"},
				"down": {"uv": [5, 3, 13, 13], "rotation": 90, "texture": "#top"}
			}
		},
		{
			"name": "Cube",
			"from": [0, 16, 6],
			"to": [8, 17, 7],
			"rotation": {"angle": -22.5, "axis": "y", "origin": [8, 8, 8]},
			"faces": {
				"north": {"uv": [4, 0, 12, 1], "texture": "#top", "cullface": "up"},
				"east": {"uv": [4, 0, 5, 1], "texture": "#top", "cullface": "up"},
				"west": {"uv": [6, 0, 7, 1], "texture": "#top", "cullface": "up"},
				"up": {"uv": [3, 4, 4, 12], "rotation": 90, "texture": "#top", "cullface": "up"},
				"down": {"uv": [2, 4, 3, 12], "rotation": 90, "texture": "#top", "cullface": "up"}
			}
		},
		{
			"name": "Cube",
			"from": [0, 16, 15],
			"to": [8, 17, 16],
			"rotation": {"angle": -22.5, "axis": "y", "origin": [8, 8, 8]},
			"faces": {
				"east": {"uv": [4, 0, 5, 1], "texture": "#top", "cullface": "up"},
				"south": {"uv": [4, 0, 12, 1], "texture": "#top"},
				"west": {"uv": [6, 0, 7, 1], "texture": "#top"},
				"up": {"uv": [12, 4, 13, 12], "rotation": 90, "texture": "#top"},
				"down": {"uv": [12, 4, 13, 12], "rotation": 90, "texture": "#top"}
			}
		},
		{
			"name": "Cube",
			"from": [1, 16, 5],
			"to": [7, 17, 6],
			"rotation": {"angle": -22.5, "axis": "y", "origin": [8, 8, 8]},
			"faces": {
				"north": {"uv": [5, 0, 11, 1], "texture": "#top", "cullface": "up"},
				"east": {"uv": [3, 0, 4, 1], "texture": "#top", "cullface": "up"},
				"west": {"uv": [5, 0, 6, 1], "texture": "#top", "cullface": "up"},
				"up": {"uv": [2, 5, 3, 11], "rotation": 90, "texture": "#top", "cullface": "up"},
				"down": {"uv": [2, 5, 3, 11], "rotation": 90, "texture": "#top", "cullface": "up"}
			}
		},
		{
			"name": "Cube",
			"from": [1, 16, 16],
			"to": [7, 17, 17],
			"rotation": {"angle": -22.5, "axis": "y", "origin": [8, 8, 8]},
			"faces": {
				"east": {"uv": [3, 0, 4, 1], "texture": "#top", "cullface": "up"},
				"south": {"uv": [5, 0, 11, 1], "texture": "#top"},
				"west": {"uv": [5, 0, 6, 1], "texture": "#top"},
				"up": {"uv": [13, 5, 14, 11], "rotation": 90, "texture": "#top"},
				"down": {"uv": [13, 5, 14, 11], "rotation": 90, "texture": "#top"}
			}
		},
		{
			"name": "Cube",
			"from": [9, 16, 8],
			"to": [10, 17, 14],
			"rotation": {"angle": -22.5, "axis": "y", "origin": [8, 8, 8]},
			"faces": {
				"north": {"uv": [8, 0, 9, 1], "texture": "#top", "cullface": "up"},
				"east": {"uv": [3, 0, 9, 1], "texture": "#top", "cullface": "up"},
				"south": {"uv": [5, 0, 6, 1], "texture": "#top", "cullface": "up"},
				"up": {"uv": [5, 2, 11, 3], "rotation": 90, "texture": "#top", "cullface": "up"},
				"down": {"uv": [5, 2, 11, 3], "rotation": 90, "texture": "#top", "cullface": "up"}
			}
		},
		{
			"name": "Cube",
			"from": [-2, 16, 8],
			"to": [-1, 17, 14],
			"rotation": {"angle": -22.5, "axis": "y", "origin": [8, 8, 8]},
			"faces": {
				"north": {"uv": [8, 0, 9, 1], "texture": "#top"},
				"south": {"uv": [5, 0, 6, 1], "texture": "#top"},
				"west": {"uv": [4, 0, 10, 1], "texture": "#top"},
				"up": {"uv": [5, 13, 11, 14], "rotation": 90, "texture": "#top"},
				"down": {"uv": [5, 13, 11, 14], "rotation": 90, "texture": "#top"}
			}
		},
		{
			"name": "Cube",
			"from": [2, 17, 6],
			"to": [4, 18, 8],
			"rotation": {"angle": -22.5, "axis": "y", "origin": [8, 8, 8]},
			"faces": {
				"north": {"uv": [3, 9, 5, 10], "texture": "#top", "cullface": "up"},
				"east": {"uv": [3, 8, 5, 9], "rotation": 180, "texture": "#top", "cullface": "up"},
				"south": {"uv": [3, 8, 5, 9], "texture": "#top", "cullface": "up"},
				"west": {"uv": [3, 9, 5, 10], "texture": "#top", "cullface": "up"},
				"up": {"uv": [3, 8, 5, 10], "rotation": 90, "texture": "#top", "cullface": "up"}
			}
		}
	],
	"display": {
		"thirdperson_righthand": {
			"rotation": [75, 45, 0],
			"scale": [0.375, 0.375, 0.375]
		},
		"firstperson_righthand": {
			"rotation": [0, 45, 0],
			"scale": [0.4, 0.4, 0.4]
		},
		"ground": {
			"translation": [0, 3, 0],
			"scale": [0.25, 0.25, 0.25]
		},
		"gui": {
			"rotation": [30, 225, 0],
			"scale": [0.625, 0.625, 0.625]
		},
		"fixed": {
			"scale": [0.5, 0.5, 0.5]
		}
	}
}