{
	"credit": "Made by TheWaschtlPlays using Blockbench",
	"parent": "block/block",
	"textures": {
		"soul_lantern": "block/lantern/lantern_empty",
		"particle": "#texture",
		"lantern": "#texture"
	},
	"elements": [
		{
			"name": "base",
			"from": [5, 1, 5],
			"to": [11, 2, 11],
			"faces": {
				"north": {"uv": [0, 8, 6, 9], "texture": "#soul_lantern"},
				"east": {"uv": [0, 8, 6, 9], "texture": "#soul_lantern"},
				"south": {"uv": [0, 8, 6, 9], "texture": "#soul_lantern"},
				"west": {"uv": [0, 8, 6, 9], "texture": "#soul_lantern"},
				"up": {"uv": [0, 9, 6, 15], "texture": "#soul_lantern"},
				"down": {"uv": [0, 9, 6, 15], "texture": "#soul_lantern"}
			}
		},
		{
			"name": "sides",
			"from": [5, 2, 5],
			"to": [6, 7, 6],
			"faces": {
				"north": {"uv": [0, 3, 1, 8], "texture": "#soul_lantern"},
				"east": {"uv": [5, 6, 6, 11], "texture": "#soul_lantern"},
				"south": {"uv": [0, 3, 1, 8], "texture": "#soul_lantern"},
				"west": {"uv": [0, 3, 1, 8], "texture": "#soul_lantern"}
			}
		},
		{
			"name": "sides",
			"from": [5, 2, 10],
			"to": [6, 7, 11],
			"faces": {
				"north": {"uv": [0, 3, 1, 8], "texture": "#soul_lantern"},
				"east": {"uv": [5, 6, 6, 11], "texture": "#soul_lantern"},
				"south": {"uv": [0, 3, 1, 8], "texture": "#soul_lantern"},
				"west": {"uv": [0, 3, 1, 8], "texture": "#soul_lantern"}
			}
		},
		{
			"name": "sides",
			"from": [10, 2, 10],
			"to": [11, 7, 11],
			"faces": {
				"north": {"uv": [0, 3, 1, 8], "texture": "#soul_lantern"},
				"east": {"uv": [0, 3, 1, 8], "texture": "#soul_lantern"},
				"south": {"uv": [5, 3, 6, 8], "texture": "#soul_lantern"},
				"west": {"uv": [5, 3, 6, 8], "texture": "#soul_lantern"}
			}
		},
		{
			"name": "sides",
			"from": [10, 2, 5],
			"to": [11, 7, 6],
			"faces": {
				"north": {"uv": [0, 3, 1, 8], "texture": "#soul_lantern"},
				"east": {"uv": [5, 3, 6, 8], "texture": "#soul_lantern"},
				"south": {"uv": [0, 3, 1, 8], "texture": "#soul_lantern"},
				"west": {"uv": [0, 3, 1, 8], "texture": "#soul_lantern"}
			}
		},
		{
			"name": "top",
			"from": [5, 7, 5],
			"to": [11, 8, 11],
			"faces": {
				"north": {"uv": [0, 2, 6, 3], "texture": "#soul_lantern"},
				"east": {"uv": [0, 2, 6, 3], "texture": "#soul_lantern"},
				"south": {"uv": [0, 2, 6, 3], "texture": "#soul_lantern"},
				"west": {"uv": [0, 2, 6, 3], "texture": "#soul_lantern"},
				"up": {"uv": [0, 9, 6, 15], "texture": "#soul_lantern"},
				"down": {"uv": [0, 9, 6, 15], "texture": "#soul_lantern"}
			}
		},
		{
			"name": "toptop",
			"from": [6, 9, 6],
			"to": [10, 10, 10],
			"faces": {
				"north": {"uv": [1, 0, 5, 1], "texture": "#soul_lantern"},
				"east": {"uv": [1, 0, 5, 1], "texture": "#soul_lantern"},
				"south": {"uv": [1, 0, 5, 1], "texture": "#soul_lantern"},
				"west": {"uv": [1, 0, 5, 1], "texture": "#soul_lantern"},
				"up": {"uv": [1, 10, 5, 14], "texture": "#soul_lantern"},
				"down": {"uv": [1, 10, 5, 14], "texture": "#soul_lantern"}
			}
		},
		{
			"name": "thing",
			"from": [6, 8, 6],
			"to": [7, 9, 7],
			"faces": {
				"north": {"uv": [4, 1, 5, 2], "texture": "#soul_lantern"},
				"east": {"uv": [4, 1, 5, 2], "texture": "#soul_lantern"},
				"south": {"uv": [1, 1, 2, 2], "texture": "#soul_lantern"},
				"west": {"uv": [5, 5, 6, 6], "texture": "#soul_lantern"}
			}
		},
		{
			"name": "thing",
			"from": [6, 8, 9],
			"to": [7, 9, 10],
			"faces": {
				"north": {"uv": [4, 1, 5, 2], "texture": "#soul_lantern"},
				"east": {"uv": [1, 1, 2, 2], "texture": "#soul_lantern"},
				"south": {"uv": [1, 1, 2, 2], "texture": "#soul_lantern"},
				"west": {"uv": [5, 5, 6, 6], "texture": "#soul_lantern"}
			}
		},
		{
			"name": "thing",
			"from": [9, 8, 9],
			"to": [10, 9, 10],
			"faces": {
				"north": {"uv": [1, 1, 2, 2], "texture": "#soul_lantern"},
				"east": {"uv": [1, 1, 2, 2], "texture": "#soul_lantern"},
				"south": {"uv": [4, 1, 5, 2], "texture": "#soul_lantern"},
				"west": {"uv": [5, 5, 6, 6], "texture": "#soul_lantern"}
			}
		},
		{
			"name": "thing",
			"from": [9, 8, 6],
			"to": [10, 9, 7],
			"faces": {
				"north": {"uv": [1, 1, 2, 2], "texture": "#soul_lantern"},
				"east": {"uv": [4, 1, 5, 2], "texture": "#soul_lantern"},
				"south": {"uv": [4, 1, 5, 2], "texture": "#soul_lantern"},
				"west": {"uv": [5, 5, 6, 6], "texture": "#soul_lantern"}
			}
		},
		{
			"name": "inside",
			"from": [6, 2, 6],
			"to": [10, 7, 10],
			"rotation": {"angle": 0, "axis": "y", "origin": [9, 8, 9.25]},
			"faces": {
				"north": {"uv": [1, 3, 5, 8], "texture": "#lantern"},
				"east": {"uv": [1, 3, 5, 8], "texture": "#lantern"},
				"south": {"uv": [1, 3, 5, 8], "texture": "#lantern"},
				"west": {"uv": [1, 3, 5, 8], "texture": "#lantern"}
			}
		},
		{
			"name": "inside",
			"from": [6.75, 8, 6.75],
			"to": [9.25, 9, 9.25],
			"faces": {
				"north": {"uv": [2, 1, 4, 2], "texture": "#lantern"},
				"east": {"uv": [2, 1, 4, 2], "texture": "#lantern"},
				"south": {"uv": [2, 1, 4, 2], "texture": "#lantern"},
				"west": {"uv": [2, 1, 4, 2], "texture": "#lantern"}
			}
		},
		{
			"name": "hook",
			"from": [7.5, 11.25, 7.75],
			"to": [8.5, 12, 8.25],
			"rotation": {"angle": -45, "axis": "y", "origin": [8, 8.25, 8]},
			"faces": {
				"north": {"uv": [12, 1, 13, 1.5], "texture": "#soul_lantern"},
				"south": {"uv": [12, 1, 13, 1.75], "texture": "#soul_lantern"},
				"up": {"uv": [12, 1, 13, 1.5], "texture": "#soul_lantern"},
				"down": {"uv": [12, 1, 13, 1.5], "texture": "#soul_lantern"}
			}
		},
		{
			"name": "hook",
			"from": [6.75, 10, 7.75],
			"to": [7.5, 12, 8.25],
			"rotation": {"angle": -45, "axis": "y", "origin": [8, 8, 8]},
			"faces": {
				"north": {"uv": [11, 10, 11.75, 12], "texture": "#soul_lantern"},
				"east": {"uv": [11, 10, 11.5, 11.5], "texture": "#soul_lantern"},
				"south": {"uv": [11, 10, 11.75, 12], "texture": "#soul_lantern"},
				"west": {"uv": [11, 10, 11.5, 12], "texture": "#soul_lantern"},
				"up": {"uv": [11, 10, 11.5, 10.5], "texture": "#soul_lantern"}
			}
		},
		{
			"name": "hook",
			"from": [8.5, 10, 7.75],
			"to": [9.25, 12, 8.25],
			"rotation": {"angle": -45, "axis": "y", "origin": [8, 8, 8]},
			"faces": {
				"north": {"uv": [13, 10, 13.75, 12], "texture": "#soul_lantern"},
				"east": {"uv": [13, 10, 13.5, 12], "texture": "#soul_lantern"},
				"south": {"uv": [13, 10, 13.75, 12], "texture": "#soul_lantern"},
				"west": {"uv": [13, 10, 13.5, 12], "texture": "#soul_lantern"},
				"up": {"uv": [13, 10, 13.5, 10.5], "texture": "#soul_lantern"}
			}
		},
		{
			"name": "chainlink",
			"from": [7.75, 13, 8.5],
			"to": [8.25, 16, 9.5],
			"rotation": {"angle": 45, "axis": "y", "origin": [8, 7.5, 8]},
			"faces": {
				"north": {"uv": [13, 1, 13.5, 4.5], "texture": "#soul_lantern"},
				"east": {"uv": [13, 1, 13.75, 4.5], "texture": "#soul_lantern"},
				"south": {"uv": [13, 1, 13.5, 4.5], "texture": "#soul_lantern"},
				"west": {"uv": [13, 1, 13.75, 4.5], "texture": "#soul_lantern"},
				"down": {"uv": [13, 4, 13.5, 4.5], "texture": "#soul_lantern"}
			}
		},
		{
			"name": "chainlink",
			"from": [6.5, 13, 7.75],
			"to": [7.5, 16, 8.25],
			"rotation": {"angle": -45, "axis": "y", "origin": [8, 9, 8]},
			"faces": {
				"north": {"uv": [13, 2, 14, 5], "texture": "#soul_lantern"},
				"east": {"uv": [13, 2, 13.5, 5], "texture": "#soul_lantern"},
				"south": {"uv": [13, 2, 14, 5], "texture": "#soul_lantern"},
				"west": {"uv": [13, 2, 13.5, 5], "texture": "#soul_lantern"},
				"down": {"uv": [13, 4, 14, 4.5], "texture": "#soul_lantern"}
			}
		},
		{
			"name": "chainlink",
			"from": [7.75, 13, 7.5],
			"to": [8.25, 13.75, 8.5],
			"rotation": {"angle": 45, "axis": "y", "origin": [8, 7.5, 8]},
			"faces": {
				"east": {"uv": [12, 4, 13, 4.75], "texture": "#soul_lantern"},
				"west": {"uv": [12, 4, 13, 4.75], "texture": "#soul_lantern"},
				"up": {"uv": [12, 4, 13, 4.75], "texture": "#soul_lantern"},
				"down": {"uv": [12, 4, 13, 4.75], "texture": "#soul_lantern"}
			}
		},
		{
			"name": "chainlink",
			"from": [7.75, 10.5, 7.5],
			"to": [8.25, 11.25, 8.5],
			"rotation": {"angle": -45, "axis": "y", "origin": [8, 5.25, 8]},
			"faces": {
				"east": {"uv": [12, 4, 13, 4.75], "texture": "#soul_lantern"},
				"west": {"uv": [12, 4, 13, 4.75], "texture": "#soul_lantern"},
				"up": {"uv": [12, 4, 13, 4.75], "texture": "#soul_lantern"},
				"down": {"uv": [12, 4, 13, 4.75], "texture": "#soul_lantern"}
			}
		},
		{
			"name": "chainlink",
			"from": [7.75, 10.5, 6.75],
			"to": [8.25, 14.5, 7.5],
			"rotation": {"angle": -45, "axis": "y", "origin": [8, 8.25, 8]},
			"faces": {
				"north": {"uv": [11, 1, 11.5, 5], "texture": "#soul_lantern"},
				"east": {"uv": [11, 1, 11.75, 5], "texture": "#soul_lantern"},
				"south": {"uv": [11, 1, 11.5, 5], "texture": "#soul_lantern"},
				"west": {"uv": [11, 1, 11.75, 5], "texture": "#soul_lantern"},
				"up": {"uv": [11, 1, 11.5, 1.5], "texture": "#soul_lantern"},
				"down": {"uv": [11, 2, 11.5, 2.5], "texture": "#soul_lantern"}
			}
		},
		{
			"name": "chainlink",
			"from": [7.75, 10.5, 8.5],
			"to": [8.25, 14.5, 9.25],
			"rotation": {"angle": -45, "axis": "y", "origin": [8, 5.25, 8]},
			"faces": {
				"north": {"uv": [13, 1, 13.5, 5], "texture": "#soul_lantern"},
				"east": {"uv": [13, 1, 13.75, 5], "texture": "#soul_lantern"},
				"south": {"uv": [13, 1, 13.5, 5], "texture": "#soul_lantern"},
				"west": {"uv": [13, 1, 13.75, 5], "texture": "#soul_lantern"},
				"up": {"uv": [11, 1, 11.5, 1.5], "texture": "#soul_lantern", "cullface": "up"},
				"down": {"uv": [13, 4, 13.5, 4.5], "texture": "#soul_lantern"}
			}
		},
		{
			"name": "chainlink",
			"from": [7.75, 13.75, 7.5],
			"to": [8.25, 14.5, 8.5],
			"rotation": {"angle": -45, "axis": "y", "origin": [8, 9.25, 8]},
			"faces": {
				"east": {"uv": [11, 1, 12, 1.5], "texture": "#soul_lantern"},
				"west": {"uv": [11, 1, 12, 1.5], "texture": "#soul_lantern"},
				"up": {"uv": [11, 1, 12, 1.5], "texture": "#soul_lantern"},
				"down": {"uv": [11, 1, 12, 1.5], "texture": "#soul_lantern"}
			}
		}
	],
	"groups": [
		{
			"name": "Lantern",
			"origin": [8, 8, 8],
			"children": [0, 1, 2, 3, 4, 5, 6, 7, 8, 9, 10, 11, 12,
				{
					"name": "Hook",
					"origin": [8, 8, 8],
					"children": [13, 14, 15]
				}
			]
		},
		{
			"name": "Chain",
			"origin": [8, 7.5, 8],
			"children": [
				{
					"name": "Element",
					"origin": [8, 7.5, 8],
					"children": [16, 17, 18]
				},
				{
					"name": "Element",
					"origin": [8, 9.25, 8],
					"children": [19, 20, 21, 22]
				}
			]
		}
	]
}