{
	"__comment":"Designed by GeForceLegend",
	"textures":{
		"bottle":"block/brewing_stand/brewing_stand_bottle",
		"particle":"block/brewing_stand/brewing_stand",
		"texture":"block/brewing_stand/brewing_stand"
	},
	"elements":[
		{
			"from":[9,2,7.5],
			"to":[11,14,8.5],
			"faces":{
				"north":{"uv":[5,2,7,14],"texture":"#texture"},
				"east":{"uv":[5,2,6,14],"texture":"#texture"},
				"south":{"uv":[7,2,5,14],"texture":"#texture"},
				"up":{"uv":[7,2,5,3],"texture":"#texture"},
				"down":{"uv":[7,13,5,14],"texture":"#texture"}
			}
		},
		{
			"from":[11,12,7.5],
			"to":[12,15,8.5],
			"faces":{
				"north":{"uv":[4,1,5,4],"texture":"#texture"},
				"south":{"uv":[4,1,5,4],"texture":"#texture"},
				"west":{"uv":[4,1,5,4],"texture":"#texture"},
				"up":{"uv":[4,1,5,2],"texture":"#texture"},
				"down":{"uv":[4,3,5,4],"texture":"#texture"}
			}
		},
		{
			"from":[13,11,7.5],
			"to":[14,13,8.5],
			"faces":{
				"north":{"uv":[2,3,3,5],"texture":"#texture"},
				"east":{"uv":[2,3,3,5],"texture":"#texture"},
				"south":{"uv":[2,3,3,5],"texture":"#texture"},
				"up":{"uv":[2,3,3,4],"texture":"#texture"},
				"down":{"uv":[2,4,3,5],"texture":"#texture"}
			}
		},
		{
			"from":[12,10,7.5],
			"to":[13,16,8.5],
			"faces":{
				"north":{"uv":[3,0,4,6],"texture":"#texture"},
				"east":{"uv":[3,0,4,6],"texture":"#texture"},
				"south":{"uv":[3,0,4,6],"texture":"#texture"},
				"west":{"uv":[3,0,4,6],"texture":"#texture"},
				"up":{"uv":[3,0,4,1],"texture":"#texture","cullface":"up"},
				"down":{"uv":[3,5,4,6],"texture":"#texture"}
			}
		},
		{
			"from":[12.5,6,7.5],
			"to":[13.5,10,8.5],
			"faces":{
				"north":{"uv":[12,6,13,10],"texture":"#texture"},
				"east":{"uv":[12,6,13,10],"texture":"#texture"},
				"south":{"uv":[12,6,13,10],"texture":"#texture"},
				"west":{"uv":[12,6,13,10],"texture":"#texture"},
				"up":{"uv":[12,6,13,7],"texture":"#texture"},
				"down":{"uv":[12,9,13,10],"texture":"#texture"}
			}
		},
		{
			"from":[11,2,6],
			"to":[15,6,10],
			"faces":{
				"north":{"uv":[0,0,10,10],"texture":"#bottle"},
				"east":{"uv":[0,0,10,10],"texture":"#bottle"},
				"south":{"uv":[0,0,10,10],"texture":"#bottle"},
				"west":{"uv":[0,0,10,10],"texture":"#bottle"},
				"up":{"uv":[0,0,10,10],"texture":"#bottle"}
			}
		},
		{
			"from":[11.01,6.01,6.01],
			"to":[14.99,2.03,9.99],
			"faces":{
				"north":{"uv":[0,10,10,0],"texture":"#bottle"},
				"east":{"uv":[0,10,10,0],"texture":"#bottle"},
				"south":{"uv":[0,10,10,0],"texture":"#bottle"},
				"west":{"uv":[0,10,10,0],"texture":"#bottle"},
				"up":{"uv":[0,0,10,10],"texture":"#bottle"},
				"down":{"uv":[0,0,10,10],"texture":"#bottle"}
			}
		},
		{
			"from":[11.3,2.3,6.3],
			"to":[14.7,4.9,9.7],
			"faces":{
				"north":{"uv":[10,5,16,10],"texture":"#bottle"},
				"east":{"uv":[10,5,16,10],"texture":"#bottle"},
				"south":{"uv":[10,5,16,10],"texture":"#bottle"},
				"west":{"uv":[10,5,16,10],"texture":"#bottle"},
				"up":{"uv":[10,0,16,6],"texture":"#bottle"},
				"down":{"uv":[10,9,16,10],"texture":"#bottle"}
			}
		},
		{
			"from":[12,6,7],
			"to":[14,7,9],
			"faces":{
				"north":{"uv":[6,11,12,12],"texture":"#bottle"},
				"east":{"uv":[6,11,12,12],"texture":"#bottle"},
				"south":{"uv":[6,11,12,12],"texture":"#bottle"},
				"west":{"uv":[6,11,12,12],"texture":"#bottle"}
			}
		},
		{
			"from":[12,7,7],
			"to":[14,6,9],
			"faces":{
				"north":{"uv":[6,11,12,12],"texture":"#bottle"},
				"east":{"uv":[6,11,12,12],"texture":"#bottle"},
				"south":{"uv":[6,11,12,12],"texture":"#bottle"},
				"west":{"uv":[6,11,12,12],"texture":"#bottle"}
			}
		},
		{
			"from":[11.5,7,6.5],
			"to":[14.5,8,9.5],
			"faces":{
				"north":{"uv":[0,10,6,16],"texture":"#bottle"},
				"east":{"uv":[0,10,6,16],"texture":"#bottle"},
				"south":{"uv":[0,10,6,16],"texture":"#bottle"},
				"west":{"uv":[0,10,6,16],"texture":"#bottle"},
				"up":{"uv":[6,10,12,16],"texture":"#bottle"},
				"down":{"uv":[6,10,12,16],"texture":"#bottle"}
			}
		},
		{
			"from":[11.5,8,6.5],
			"to":[14.5,7,9.5],
			"faces":{
				"north":{"uv":[0,16,6,10],"texture":"#bottle"},
				"east":{"uv":[0,16,6,10],"texture":"#bottle"},
				"south":{"uv":[0,16,6,10],"texture":"#bottle"},
				"west":{"uv":[0,16,6,10],"texture":"#bottle"},
				"up":{"uv":[6,10,12,16],"texture":"#bottle"},
				"down":{"uv":[6,10,12,16],"texture":"#bottle"}
			}
		},
		{
			"from":[12,8,7],
			"to":[14,8.5,9],
			"faces":{
				"north":{"uv":[12,13,16,14],"texture":"#bottle"},
				"east":{"uv":[12,12,16,13],"texture":"#bottle"},
				"south":{"uv":[12,13,16,14],"texture":"#bottle"},
				"west":{"uv":[12,12,16,13],"texture":"#bottle"},
				"up":{"uv":[12,12,16,16],"texture":"#bottle"},
				"down":{"uv":[12,16,16,12],"texture":"#bottle"}
			}
		},
		{
			"from":[12.3,7,7.3],
			"to":[13.7,8,8.7],
			"faces":{
				"north":{"uv":[12,12,15,14],"texture":"#bottle"},
				"east":{"uv":[12,12,15,14],"texture":"#bottle"},
				"south":{"uv":[12,12,15,14],"texture":"#bottle"},
				"west":{"uv":[12,12,15,14],"texture":"#bottle"},
				"down":{"uv":[13,12,16,15],"texture":"#bottle"}
			}
		}
	]
}