{
	"__comment":"Designed by GeForceLegend",
	"textures":{
		"particle":"block/chiseled_bookshelf/chiseled_bookshelf_side",
		"front":"block/chiseled_bookshelf/chiseled_bookshelf_occupied",
		"side":"block/chiseled_bookshelf/chiseled_bookshelf_side"
	},
	"elements":[
		{
			"from":[0,15,0],
			"to":[16,16,16],
			"faces":{
				"north":{"uv":[0,0,16,1],"texture":"#front","cullface":"north"},
				"down":{"uv":[0,0,16,16],"texture":"#side","cullface":"north"}
			}
		},
		{
			"from":[0,0,0],
			"to":[16,1,16],
			"faces":{
				"north":{"uv":[0,15,16,16],"texture":"#front","cullface":"north"},
				"up":{"uv":[0,0,16,16],"texture":"#side","cullface":"north"}
			}
		},
		{
			"from":[15,1,0],
			"to":[16,15,16],
			"faces":{
				"north":{"uv":[0,1,1,15],"texture":"#front","cullface":"north"},
				"west":{"uv":[0,1,16,15],"texture":"#side","cullface":"north"}
			}
		},
		{
			"from":[0,1,0],
			"to":[1,15,16],
			"faces":{
				"north":{"uv":[15,1,16,15],"texture":"#front","cullface":"north"},
				"east":{"uv":[0,1,16,15],"texture":"#side","cullface":"north"}
			}
		},
		{
			"from":[0,0,6],
			"to":[16,16,16],
			"faces":{
				"north":{"uv":[0,0,16,16],"texture":"#side","cullface":"north"},
				"south":{"uv":[0,0,16,16],"texture":"#side","cullface":"south"}
			}
		},
		{
			"from":[1,7,0],
			"to":[15,9,6],
			"faces":{
				"north":{"uv":[1,7,15,9],"texture":"#front","cullface":"north"},
				"up":{"uv":[1,0,15,6],"texture":"#side","cullface":"north"},
				"down":{"uv":[1,10,15,16],"texture":"#side","cullface":"north"}
			}
		},
		{
			"from":[10,1,2],
			"to":[11,15,6],
			"faces":{
				"north":{"uv":[4,1,5,15],"texture":"#side","cullface":"north"},
				"east":{"uv":[1,1,5,15],"texture":"#side","cullface":"north"},
				"west":{"uv":[6,1,10,15],"texture":"#side","cullface":"north"}
			}
		},
		{
			"from":[5,1,2],
			"to":[6,15,6],
			"faces":{
				"north":{"uv":[4,1,5,15],"texture":"#side","cullface":"north"},
				"east":{"uv":[1,1,5,15],"texture":"#side","cullface":"north"},
				"west":{"uv":[6,1,10,15],"texture":"#side","cullface":"north"}
			}
		}
	]
}