{
	"credit": "Made with Blockbench",
	"textures": {
		"particle": "block/crafting_table/crafting_table_front",
		"bottom": "block/crafting_table/oak_planks",
		"front": "block/crafting_table/crafting_table_front",
		"side": "block/crafting_table/crafting_table_side",
		"top": "block/crafting_table/crafting_table_top"
	},
	"elements": [
		{
			"name": "base",
			"from": [0.5, 0.25, 0.5],
			"to": [15.5, 15.75, 15.5],
			"faces": {
				"north": {"uv": [0.5, 0.25, 15.5, 15.75], "texture": "#front", "cullface": "north"},
				"east": {"uv": [0.5, 0.25, 15.5, 15.75], "texture": "#side", "cullface": "east"},
				"south": {"uv": [0.5, 0.25, 15.5, 15.75], "texture": "#side", "cullface": "south"},
				"west": {"uv": [0.5, 0.25, 15.5, 15.75], "texture": "#front", "cullface": "west"},
				"up": {"uv": [0.5, 0.5, 15.5, 15.5], "texture": "#top", "cullface": "up"},
				"down": {"uv": [0.5, 0.5, 15.5, 15.5], "texture": "#bottom", "cullface": "down"}
			}
		},
		{
			"name": "frame_nw",
			"from": [0, 0, 0],
			"to": [1, 16, 1],
			"rotation": {"angle": 0, "axis": "y", "origin": [0, 1, 0]},
			"faces": {
				"north": {"uv": [15, 1, 16, 15], "texture": "#front", "cullface": "north"},
				"east": {"uv": [15, 1, 16, 15], "texture": "#front", "cullface": "north"},
				"south": {"uv": [0, 1, 1, 15], "texture": "#front", "cullface": "west"},
				"west": {"uv": [0, 1, 1, 15], "texture": "#front", "cullface": "west"},
				"up": {"uv": [0, 0, 1, 1], "texture": "#top", "cullface": "up"},
				"down": {"uv": [0, 0, 1, 1], "texture": "#top", "cullface": "down"}
			}
		},
		{
			"name": "frame_ne",
			"from": [15, 0, 0],
			"to": [16, 16, 1],
			"rotation": {"angle": 0, "axis": "y", "origin": [14, 0, 0]},
			"faces": {
				"north": {"uv": [0, 1, 1, 15], "texture": "#front", "cullface": "north"},
				"east": {"uv": [15, 1, 16, 15], "texture": "#side", "cullface": "east"},
				"south": {"uv": [15, 1, 16, 15], "texture": "#side", "cullface": "east"},
				"west": {"uv": [0, 1, 1, 15], "texture": "#front", "cullface": "north"},
				"up": {"uv": [15, 0, 16, 1], "texture": "#top", "cullface": "up"},
				"down": {"uv": [15, 0, 16, 1], "texture": "#top", "cullface": "down"}
			}
		},
		{
			"name": "frame_sw",
			"from": [0, 0, 15],
			"to": [1, 16, 16],
			"rotation": {"angle": 0, "axis": "y", "origin": [0, 1, 15]},
			"faces": {
				"north": {"uv": [15, 1, 16, 15], "texture": "#front", "cullface": "west"},
				"east": {"uv": [0, 1, 1, 15], "texture": "#side", "cullface": "south"},
				"south": {"uv": [0, 1, 1, 15], "texture": "#side", "cullface": "south"},
				"west": {"uv": [15, 1, 16, 15], "texture": "#front", "cullface": "west"},
				"up": {"uv": [0, 15, 1, 16], "texture": "#top", "cullface": "up"},
				"down": {"uv": [0, 15, 1, 16], "texture": "#top", "cullface": "down"}
			}
		},
		{
			"name": "frame_se",
			"from": [15, 0, 15],
			"to": [16, 16, 16],
			"rotation": {"angle": 0, "axis": "y", "origin": [14, 0, 15]},
			"faces": {
				"north": {"uv": [0, 1, 1, 15], "texture": "#side", "cullface": "east"},
				"east": {"uv": [0, 1, 1, 15], "texture": "#side", "cullface": "east"},
				"south": {"uv": [15, 1, 16, 15], "texture": "#side", "cullface": "south"},
				"west": {"uv": [15, 1, 16, 15], "texture": "#side", "cullface": "south"},
				"up": {"uv": [15, 15, 16, 16], "texture": "#top", "cullface": "up"},
				"down": {"uv": [15, 15, 16, 16], "texture": "#top", "cullface": "down"}
			}
		},
		{
			"name": "frame_top_north",
			"from": [1, 15, 0],
			"to": [15, 16, 1],
			"rotation": {"angle": 0, "axis": "y", "origin": [1, 14, 0]},
			"faces": {
				"north": {"uv": [1, 0, 15, 1], "texture": "#top", "cullface": "north"},
				"south": {"uv": [1, 0, 15, 1], "texture": "#top", "cullface": "up"},
				"up": {"uv": [1, 0, 15, 1], "texture": "#top", "cullface": "up"},
				"down": {"uv": [1, 0, 15, 1], "texture": "#top", "cullface": "north"}
			}
		},
		{
			"name": "frame_top_east",
			"from": [15, 15, 1],
			"to": [16, 16, 15],
			"rotation": {"angle": 0, "axis": "y", "origin": [15, 15, 1]},
			"faces": {
				"east": {"uv": [15, 1, 16, 15], "rotation": 90, "texture": "#top", "cullface": "east"},
				"west": {"uv": [15, 1, 16, 15], "rotation": 90, "texture": "#top", "cullface": "up"},
				"up": {"uv": [15, 1, 16, 15], "texture": "#top", "cullface": "up"},
				"down": {"uv": [15, 1, 16, 15], "texture": "#top", "cullface": "east"}
			}
		},
		{
			"name": "frame_top_south",
			"from": [1, 15, 15],
			"to": [15, 16, 16],
			"rotation": {"angle": 0, "axis": "y", "origin": [1, 15, 15]},
			"faces": {
				"north": {"uv": [1, 15, 15, 16], "texture": "#top", "cullface": "up"},
				"south": {"uv": [1, 15, 15, 16], "texture": "#top", "cullface": "south"},
				"up": {"uv": [1, 15, 15, 16], "texture": "#top", "cullface": "up"},
				"down": {"uv": [1, 15, 15, 16], "texture": "#top", "cullface": "south"}
			}
		},
		{
			"name": "frame_top_west",
			"from": [0, 15, 1],
			"to": [1, 16, 15],
			"rotation": {"angle": 0, "axis": "y", "origin": [0, 14, 1]},
			"faces": {
				"east": {"uv": [0, 1, 1, 15], "rotation": 90, "texture": "#top", "cullface": "up"},
				"west": {"uv": [0, 1, 1, 15], "rotation": 90, "texture": "#top", "cullface": "west"},
				"up": {"uv": [0, 1, 1, 15], "texture": "#top", "cullface": "up"},
				"down": {"uv": [0, 1, 1, 15], "texture": "#top", "cullface": "west"}
			}
		},
		{
			"name": "frame_bottom_north",
			"from": [1, 0, 0],
			"to": [15, 1, 1],
			"rotation": {"angle": 0, "axis": "y", "origin": [1, 0, 0]},
			"faces": {
				"north": {"uv": [15, 1, 16, 15], "rotation": 90, "texture": "#front", "cullface": "north"},
				"south": {"uv": [15, 1, 16, 15], "rotation": 90, "texture": "#front", "cullface": "down"},
				"up": {"uv": [15, 1, 16, 15], "rotation": 90, "texture": "#front", "cullface": "north"},
				"down": {"uv": [15, 1, 16, 15], "rotation": 90, "texture": "#front", "cullface": "down"}
			}
		},
		{
			"name": "frame_bottom_east",
			"from": [15, 0, 1],
			"to": [16, 1, 15],
			"rotation": {"angle": 0, "axis": "y", "origin": [14, 0, 1]},
			"faces": {
				"east": {"uv": [15, 1, 16, 15], "rotation": 90, "texture": "#side", "cullface": "east"},
				"west": {"uv": [15, 1, 16, 15], "rotation": 90, "texture": "#side", "cullface": "down"},
				"up": {"uv": [15, 1, 16, 15], "texture": "#side", "cullface": "east"},
				"down": {"uv": [15, 1, 16, 15], "texture": "#side", "cullface": "down"}
			}
		},
		{
			"name": "frame_bottom_south",
			"from": [1, 0, 15],
			"to": [15, 1, 16],
			"rotation": {"angle": 0, "axis": "y", "origin": [1, 0, 14]},
			"faces": {
				"north": {"uv": [15, 1, 16, 15], "rotation": 90, "texture": "#side", "cullface": "down"},
				"south": {"uv": [15, 1, 16, 15], "rotation": 90, "texture": "#side", "cullface": "south"},
				"up": {"uv": [15, 1, 16, 15], "rotation": 90, "texture": "#side", "cullface": "south"},
				"down": {"uv": [15, 1, 16, 15], "rotation": 90, "texture": "#side", "cullface": "down"}
			}
		},
		{
			"name": "frame_bottom_west",
			"from": [0, 0, 1],
			"to": [1, 1, 15],
			"rotation": {"angle": 0, "axis": "y", "origin": [0, 0, 1]},
			"faces": {
				"east": {"uv": [15, 1, 16, 15], "rotation": 90, "texture": "#front", "cullface": "down"},
				"west": {"uv": [15, 1, 16, 15], "rotation": 90, "texture": "#front", "cullface": "west"},
				"up": {"uv": [15, 1, 16, 15], "texture": "#front", "cullface": "west"},
				"down": {"uv": [15, 1, 16, 15], "texture": "#front", "cullface": "down"}
			}
		},
		{
			"name": "cloth_base",
			"from": [2, 15.75, 2],
			"to": [14, 16.25, 14],
			"rotation": {"angle": 0, "axis": "y", "origin": [2, 16, 2]},
			"faces": {
				"north": {"uv": [2, 13, 14, 13.25], "texture": "#top", "cullface": "up"},
				"east": {"uv": [2, 2, 2.25, 14], "rotation": 90, "texture": "#top", "cullface": "up"},
				"south": {"uv": [2, 2, 14, 2.25], "texture": "#top", "cullface": "up"},
				"west": {"uv": [13, 2, 13.25, 14], "rotation": 90, "texture": "#top", "cullface": "up"},
				"up": {"uv": [2, 2, 14, 14], "texture": "#top", "cullface": "up"}
			}
		},
		{
			"name": "cloth_north_10",
			"from": [3, 15.75, 1],
			"to": [13, 16.25, 2],
			"rotation": {"angle": 0, "axis": "y", "origin": [11, 15, 0]},
			"faces": {
				"north": {"uv": [3, 1, 13, 2], "texture": "#top", "cullface": "up"},
				"east": {"uv": [12, 1, 13, 2], "texture": "#top", "cullface": "up"},
				"west": {"uv": [3, 1, 4, 2], "texture": "#top", "cullface": "up"},
				"up": {"uv": [3, 1, 13, 2], "texture": "#top", "cullface": "up"}
			}
		},
		{
			"name": "cloth_north_8",
			"from": [4, 15, -0.25],
			"to": [12, 16.25, 1],
			"rotation": {"angle": 0, "axis": "y", "origin": [4, 14, 0]},
			"faces": {
				"north": {"uv": [4, 0, 12, 1], "texture": "#top"},
				"east": {"uv": [11, 0, 12, 1], "texture": "#top"},
				"west": {"uv": [4, 0, 5, 1], "texture": "#top"},
				"up": {"uv": [4, 0, 12, 1], "texture": "#top"},
				"down": {"uv": [4, 0, 12, 1], "texture": "#top", "cullface": "north"}
			}
		},
		{
			"name": "cloth_north_6",
			"from": [5, 14, -0.25],
			"to": [11, 15, 0.5],
			"rotation": {"angle": 0, "axis": "y", "origin": [7, 13, 0]},
			"faces": {
				"north": {"uv": [5, 0, 11, 1], "texture": "#front", "cullface": "north"},
				"east": {"uv": [10, 0, 11, 1], "texture": "#front", "cullface": "north"},
				"west": {"uv": [5, 0, 6, 1], "texture": "#front", "cullface": "north"},
				"down": {"uv": [0, 0, 6, 0.75], "texture": "#front", "cullface": "north"}
			}
		},
		{
			"name": "cloth_north_4",
			"from": [6, 13, -0.25],
			"to": [10, 14, 0.5],
			"rotation": {"angle": 0, "axis": "y", "origin": [7, 12, 0]},
			"faces": {
				"north": {"uv": [6, 1, 10, 2], "texture": "#front", "cullface": "north"},
				"east": {"uv": [9, 1, 10, 2], "texture": "#front", "cullface": "north"},
				"west": {"uv": [6, 1, 7, 2], "texture": "#front", "cullface": "north"},
				"down": {"uv": [6, 1, 10, 2], "texture": "#front", "cullface": "north"}
			}
		},
		{
			"name": "cloth_north_2",
			"from": [7, 12, -0.25],
			"to": [9, 13, 0.5],
			"rotation": {"angle": 0, "axis": "y", "origin": [7, 11, 0]},
			"faces": {
				"north": {"uv": [7, 2, 9, 3], "texture": "#front", "cullface": "north"},
				"east": {"uv": [8, 2, 9, 3], "texture": "#front", "cullface": "north"},
				"west": {"uv": [7, 2, 8, 3], "texture": "#front", "cullface": "north"},
				"down": {"uv": [7, 2, 9, 3], "texture": "#front", "cullface": "north"}
			}
		},
		{
			"name": "cloth_east_10",
			"from": [14, 15.75, 3],
			"to": [15, 16.25, 13],
			"rotation": {"angle": 0, "axis": "y", "origin": [14, 15, 3]},
			"faces": {
				"north": {"uv": [14, 3, 15, 4], "texture": "#top", "cullface": "up"},
				"east": {"uv": [14, 3, 15, 13], "rotation": 90, "texture": "#top", "cullface": "up"},
				"south": {"uv": [14, 12, 15, 13], "texture": "#top", "cullface": "up"},
				"up": {"uv": [14, 3, 15, 13], "texture": "#top", "cullface": "up"}
			}
		},
		{
			"name": "cloth_east_8",
			"from": [15, 15, 4],
			"to": [16.25, 16.25, 12],
			"rotation": {"angle": 0, "axis": "y", "origin": [15, 15, 4]},
			"faces": {
				"north": {"uv": [15, 4, 16, 5], "texture": "#top"},
				"east": {"uv": [15, 4, 16, 12], "rotation": 90, "texture": "#top"},
				"south": {"uv": [15, 11, 16, 12], "texture": "#top"},
				"up": {"uv": [15, 4, 16, 12], "texture": "#top"},
				"down": {"uv": [15, 4, 16, 12], "texture": "#top", "cullface": "east"}
			}
		},
		{
			"name": "cloth_east_6",
			"from": [15.5, 14, 5],
			"to": [16.25, 15, 11],
			"rotation": {"angle": 0, "axis": "y", "origin": [14, 13, 5]},
			"faces": {
				"north": {"uv": [10, 0, 11, 1], "texture": "#side", "cullface": "east"},
				"east": {"uv": [5, 0, 11, 1], "texture": "#side", "cullface": "east"},
				"south": {"uv": [5, 0, 6, 1], "texture": "#side", "cullface": "east"},
				"down": {"uv": [5, 0, 11, 1], "rotation": 90, "texture": "#side", "cullface": "east"}
			}
		},
		{
			"name": "cloth_east_4",
			"from": [15.5, 13, 6],
			"to": [16.25, 14, 10],
			"rotation": {"angle": 0, "axis": "y", "origin": [15, 12, 6]},
			"faces": {
				"north": {"uv": [9, 1, 10, 2], "texture": "#side", "cullface": "east"},
				"east": {"uv": [6, 1, 10, 2], "texture": "#side", "cullface": "east"},
				"south": {"uv": [6, 1, 7, 2], "texture": "#side", "cullface": "east"},
				"down": {"uv": [6, 1, 10, 2], "rotation": 90, "texture": "#side", "cullface": "east"}
			}
		},
		{
			"name": "cloth_east_2",
			"from": [15.5, 12, 7],
			"to": [16.25, 13, 9],
			"rotation": {"angle": 0, "axis": "y", "origin": [14, 11, 7]},
			"faces": {
				"north": {"uv": [0, 0, 0.75, 1], "texture": "#side", "cullface": "east"},
				"east": {"uv": [7, 2, 9, 3], "texture": "#side", "cullface": "east"},
				"south": {"uv": [7, 2, 8, 3], "texture": "#side", "cullface": "east"},
				"down": {"uv": [7, 2, 9, 3], "rotation": 90, "texture": "#side", "cullface": "east"}
			}
		},
		{
			"name": "cloth_south_10",
			"from": [3, 15.75, 14],
			"to": [13, 16.25, 15],
			"rotation": {"angle": 0, "axis": "y", "origin": [3, 15, 14]},
			"faces": {
				"east": {"uv": [12, 14, 13, 15], "texture": "#top", "cullface": "up"},
				"south": {"uv": [3, 14, 13, 15], "texture": "#top", "cullface": "up"},
				"west": {"uv": [3, 14, 4, 15], "texture": "#top", "cullface": "up"},
				"up": {"uv": [3, 14, 13, 15], "texture": "#top", "cullface": "up"}
			}
		},
		{
			"name": "cloth_south_8",
			"from": [4, 15, 15],
			"to": [12, 16.25, 16.25],
			"rotation": {"angle": 0, "axis": "y", "origin": [4, 15, 15]},
			"faces": {
				"east": {"uv": [11, 15, 12, 16], "texture": "#top"},
				"south": {"uv": [4, 15, 12, 16], "texture": "#top"},
				"west": {"uv": [4, 15, 5, 16], "texture": "#top"},
				"up": {"uv": [4, 15, 12, 16], "texture": "#top"},
				"down": {"uv": [4, 15, 12, 16], "texture": "#top", "cullface": "south"}
			}
		},
		{
			"name": "cloth_south_6",
			"from": [5, 14, 15.5],
			"to": [11, 15, 16.25],
			"rotation": {"angle": 0, "axis": "y", "origin": [5, 13, 15]},
			"faces": {
				"east": {"uv": [10, 0, 11, 1], "texture": "#side", "cullface": "south"},
				"south": {"uv": [5, 0, 11, 1], "texture": "#side", "cullface": "south"},
				"west": {"uv": [5, 0, 6, 1], "texture": "#side", "cullface": "south"},
				"down": {"uv": [5, 0, 11, 1], "texture": "#side", "cullface": "south"}
			}
		},
		{
			"name": "cloth_south_4",
			"from": [6, 13, 15.5],
			"to": [10, 14, 16.25],
			"rotation": {"angle": 0, "axis": "y", "origin": [6, 12, 15]},
			"faces": {
				"east": {"uv": [9, 1, 10, 2], "texture": "#side", "cullface": "south"},
				"south": {"uv": [6, 1, 10, 2], "texture": "#side", "cullface": "south"},
				"west": {"uv": [6, 1, 7, 2], "texture": "#side", "cullface": "south"},
				"down": {"uv": [6, 1, 10, 2], "texture": "#side", "cullface": "south"}
			}
		},
		{
			"name": "cloth_south_2",
			"from": [7, 12, 15.5],
			"to": [9, 13, 16.25],
			"rotation": {"angle": 0, "axis": "y", "origin": [7, 11, 15]},
			"faces": {
				"east": {"uv": [8, 2, 9, 3], "texture": "#side", "cullface": "south"},
				"south": {"uv": [7, 2, 9, 3], "texture": "#side", "cullface": "south"},
				"west": {"uv": [7, 2, 8, 3], "texture": "#side", "cullface": "south"},
				"down": {"uv": [7, 2, 9, 3], "texture": "#side", "cullface": "south"}
			}
		},
		{
			"name": "cloth_west_10",
			"from": [1, 15.75, 3],
			"to": [2, 16.25, 13],
			"rotation": {"angle": 0, "axis": "y", "origin": [0, 15, 3]},
			"faces": {
				"north": {"uv": [1, 3, 2, 4], "texture": "#top", "cullface": "up"},
				"south": {"uv": [1, 12, 2, 13], "texture": "#top", "cullface": "up"},
				"west": {"uv": [1, 3, 2, 13], "rotation": 90, "texture": "#top", "cullface": "up"},
				"up": {"uv": [1, 3, 2, 13], "texture": "#top", "cullface": "up"}
			}
		},
		{
			"name": "cloth_west_8",
			"from": [-0.25, 15, 4],
			"to": [1, 16.25, 12],
			"rotation": {"angle": 0, "axis": "y", "origin": [-1, 15, 4]},
			"faces": {
				"north": {"uv": [0, 4, 1, 5], "texture": "#top"},
				"south": {"uv": [0, 11, 1, 12], "texture": "#top"},
				"west": {"uv": [0, 4, 1, 12], "rotation": 90, "texture": "#top"},
				"up": {"uv": [0, 4, 1, 12], "texture": "#top"},
				"down": {"uv": [0, 4, 1, 12], "texture": "#top", "cullface": "west"}
			}
		},
		{
			"name": "cloth_west_6",
			"from": [-0.25, 14, 5],
			"to": [0.5, 15, 11],
			"rotation": {"angle": 0, "axis": "y", "origin": [0, 13, 5]},
			"faces": {
				"north": {"uv": [5, 0, 6, 1], "texture": "#front", "cullface": "west"},
				"south": {"uv": [10, 0, 11, 1], "texture": "#front", "cullface": "west"},
				"west": {"uv": [5, 0, 11, 1], "texture": "#front", "cullface": "west"},
				"down": {"uv": [5, 0, 11, 1], "rotation": 90, "texture": "#front", "cullface": "west"}
			}
		},
		{
			"name": "cloth_west_4",
			"from": [-0.25, 13, 6],
			"to": [0.5, 14, 10],
			"rotation": {"angle": 0, "axis": "y", "origin": [0, 12, 6]},
			"faces": {
				"north": {"uv": [6, 1, 7, 2], "texture": "#front", "cullface": "west"},
				"south": {"uv": [9, 1, 10, 2], "texture": "#front", "cullface": "west"},
				"west": {"uv": [6, 1, 10, 2], "texture": "#front", "cullface": "west"},
				"down": {"uv": [6, 1, 10, 2], "rotation": 90, "texture": "#front", "cullface": "west"}
			}
		},
		{
			"name": "cloth_west_2",
			"from": [-0.25, 12, 7],
			"to": [0.5, 13, 9],
			"rotation": {"angle": 0, "axis": "y", "origin": [-1, 11, 7]},
			"faces": {
				"north": {"uv": [7, 2, 8, 3], "texture": "#front", "cullface": "west"},
				"south": {"uv": [8, 2, 9, 3], "texture": "#front", "cullface": "west"},
				"west": {"uv": [7, 2, 9, 3], "texture": "#front", "cullface": "west"},
				"down": {"uv": [7, 2, 9, 3], "rotation": 90, "texture": "#front", "cullface": "west"}
			}
		},
		{
			"name": "hammer_shaft_north",
			"from": [12, 7, 0],
			"to": [13, 11, 0.5],
			"rotation": {"angle": 0, "axis": "y", "origin": [12, 7, 0]},
			"faces": {
				"north": {"uv": [3, 5, 4, 9], "texture": "#front", "cullface": "north"},
				"east": {"uv": [3, 5, 4, 9], "texture": "#front", "cullface": "north"},
				"west": {"uv": [3, 5, 4, 9], "texture": "#front", "cullface": "north"},
				"up": {"uv": [3, 5, 4, 6], "texture": "#front", "cullface": "north"}
			}
		},
		{
			"name": "hammer_head_north",
			"from": [11, 5, -0.5],
			"to": [14, 7, 0.5],
			"rotation": {"angle": 0, "axis": "y", "origin": [12, 5, -1]},
			"faces": {
				"north": {"uv": [2, 9, 5, 11], "texture": "#front", "cullface": "north"},
				"east": {"uv": [2, 9, 3, 11], "texture": "#front", "cullface": "north"},
				"west": {"uv": [4, 9, 5, 11], "texture": "#front", "cullface": "north"},
				"up": {"uv": [2, 9, 5, 10], "texture": "#front", "cullface": "north"},
				"down": {"uv": [2, 10, 5, 11], "rotation": 180, "texture": "#front", "cullface": "north"}
			}
		},
		{
			"name": "saw_handle_top_north",
			"from": [2, 12, 0],
			"to": [5, 13, 0.5],
			"rotation": {"angle": 0, "axis": "y", "origin": [2, 12, 0]},
			"faces": {
				"north": {"uv": [11, 3, 14, 4], "texture": "#front", "cullface": "north"},
				"east": {"uv": [11, 3, 12, 4], "texture": "#front", "cullface": "north"},
				"west": {"uv": [13, 3, 14, 4], "texture": "#front", "cullface": "north"},
				"up": {"uv": [11, 3, 14, 4], "texture": "#front", "cullface": "north"},
				"down": {"uv": [11, 3, 14, 4], "texture": "#front", "cullface": "north"}
			}
		},
		{
			"name": "saw_handle_left_north",
			"from": [4, 11, 0],
			"to": [5, 12, 0.5],
			"rotation": {"angle": 0, "axis": "y", "origin": [2, 11, 0]},
			"faces": {
				"north": {"uv": [11, 4, 12, 5], "texture": "#front", "cullface": "north"},
				"east": {"uv": [11, 4, 12, 5], "texture": "#front", "cullface": "north"},
				"west": {"uv": [11, 4, 12, 5], "texture": "#front", "cullface": "north"}
			}
		},
		{
			"name": "saw_handle_right_north",
			"from": [2, 11, 0],
			"to": [3, 12, 0.5],
			"rotation": {"angle": 0, "axis": "y", "origin": [0, 11, 0]},
			"faces": {
				"north": {"uv": [13, 4, 14, 5], "texture": "#front", "cullface": "north"},
				"east": {"uv": [13, 4, 14, 5], "texture": "#front", "cullface": "north"},
				"west": {"uv": [13, 4, 14, 5], "texture": "#front", "cullface": "north"}
			}
		},
		{
			"name": "saw_handle_bottom_north",
			"from": [2, 10, 0],
			"to": [5, 11, 0.5],
			"rotation": {"angle": 0, "axis": "y", "origin": [2, 10, 0]},
			"faces": {
				"north": {"uv": [11, 5, 14, 6], "texture": "#front", "cullface": "north"},
				"east": {"uv": [11, 5, 12, 6], "texture": "#front", "cullface": "north"},
				"west": {"uv": [13, 5, 14, 6], "texture": "#front", "cullface": "north"},
				"up": {"uv": [11, 5, 14, 6], "texture": "#front", "cullface": "north"},
				"down": {"uv": [11, 5, 14, 6], "texture": "#front", "cullface": "north"}
			}
		},
		{
			"name": "saw_blade_top_north",
			"from": [2, 7, 0.25],
			"to": [5, 10, 0.5],
			"rotation": {"angle": 0, "axis": "y", "origin": [3, 8, 0]},
			"faces": {
				"north": {"uv": [11, 6, 14, 9], "texture": "#front", "cullface": "north"},
				"east": {"uv": [11, 6, 12, 9], "texture": "#front", "cullface": "north"},
				"west": {"uv": [13, 6, 14, 9], "texture": "#front", "cullface": "north"},
				"down": {"uv": [11, 8, 14, 9], "rotation": 180, "texture": "#front", "cullface": "north"}
			}
		},
		{
			"name": "saw_blade_middle_north",
			"from": [2, 5, 0.25],
			"to": [4, 7, 0.5],
			"rotation": {"angle": 0, "axis": "y", "origin": [3, 5, 0]},
			"faces": {
				"north": {"uv": [12, 9, 14, 11], "texture": "#front", "cullface": "north"},
				"east": {"uv": [12, 9, 13, 11], "texture": "#front", "cullface": "north"},
				"west": {"uv": [13, 9, 14, 11], "texture": "#front", "cullface": "north"},
				"down": {"uv": [12, 10, 14, 11], "rotation": 180, "texture": "#front", "cullface": "north"}
			}
		},
		{
			"name": "saw_blade_bottom_north",
			"from": [2, 3, 0.25],
			"to": [3, 5, 0.5],
			"rotation": {"angle": 0, "axis": "y", "origin": [3, 3, 0]},
			"faces": {
				"north": {"uv": [13, 11, 14, 13], "texture": "#front", "cullface": "north"},
				"east": {"uv": [13, 11, 14, 13], "texture": "#front", "cullface": "north"},
				"west": {"uv": [13, 11, 14, 13], "texture": "#front", "cullface": "north"},
				"down": {"uv": [13, 12, 14, 13], "texture": "#front", "cullface": "north"}
			}
		},
		{
			"name": "pliers_handle_left_east",
			"from": [15.5, 9, 12],
			"to": [16, 11, 13],
			"rotation": {"angle": 0, "axis": "y", "origin": [16, 9, 11]},
			"faces": {
				"north": {"uv": [3, 5, 4, 7], "texture": "#side", "cullface": "east"},
				"east": {"uv": [3, 5, 4, 7], "texture": "#side", "cullface": "east"},
				"south": {"uv": [3, 5, 4, 7], "texture": "#side", "cullface": "east"},
				"up": {"uv": [3, 5, 4, 6], "texture": "#side", "cullface": "east"},
				"down": {"uv": [3, 6, 4, 7], "texture": "#side", "cullface": "east"}
			}
		},
		{
			"name": "pliers_handle_right_east",
			"from": [15.5, 9, 10],
			"to": [16, 11, 11],
			"rotation": {"angle": 0, "axis": "y", "origin": [16, 9, 9]},
			"faces": {
				"north": {"uv": [5, 5, 6, 7], "texture": "#side", "cullface": "east"},
				"east": {"uv": [5, 5, 6, 7], "texture": "#side", "cullface": "east"},
				"south": {"uv": [5, 5, 6, 7], "texture": "#side", "cullface": "east"},
				"up": {"uv": [5, 5, 6, 6], "texture": "#side", "cullface": "east"},
				"down": {"uv": [5, 6, 6, 7], "texture": "#side", "cullface": "east"}
			}
		},
		{
			"name": "pliers_joint_east",
			"from": [15.5, 8, 11],
			"to": [16, 9, 12],
			"rotation": {"angle": 0, "axis": "y", "origin": [16, 8, 10]},
			"faces": {
				"north": {"uv": [4, 7, 5, 8], "texture": "#side", "cullface": "east"},
				"east": {"uv": [4, 7, 5, 8], "texture": "#side", "cullface": "east"},
				"south": {"uv": [4, 7, 5, 8], "texture": "#side", "cullface": "east"},
				"up": {"uv": [4, 7, 5, 8], "texture": "#side", "cullface": "east"},
				"down": {"uv": [4, 7, 5, 8], "texture": "#side", "cullface": "east"}
			}
		},
		{
			"name": "pliers_nose_left_east",
			"from": [15.5, 6, 12],
			"to": [16, 8, 13],
			"rotation": {"angle": 0, "axis": "y", "origin": [16, 6, 11]},
			"faces": {
				"north": {"uv": [3, 8, 4, 10], "texture": "#side", "cullface": "east"},
				"east": {"uv": [3, 8, 4, 10], "texture": "#side", "cullface": "east"},
				"south": {"uv": [3, 8, 4, 10], "texture": "#side", "cullface": "east"},
				"up": {"uv": [3, 8, 4, 9], "texture": "#side", "cullface": "east"},
				"down": {"uv": [3, 9, 4, 10], "texture": "#side", "cullface": "east"}
			}
		},
		{
			"name": "pliers_nose_right_east",
			"from": [15.5, 6, 10],
			"to": [16, 8, 11],
			"rotation": {"angle": 0, "axis": "y", "origin": [16, 6, 9]},
			"faces": {
				"north": {"uv": [5, 8, 6, 10], "texture": "#side", "cullface": "east"},
				"east": {"uv": [5, 8, 6, 10], "texture": "#side", "cullface": "east"},
				"south": {"uv": [5, 8, 6, 10], "texture": "#side", "cullface": "east"},
				"up": {"uv": [5, 8, 6, 9], "texture": "#side", "cullface": "east"},
				"down": {"uv": [5, 9, 6, 10], "texture": "#side", "cullface": "east"}
			}
		},
		{
			"name": "pliers_handle_left_south",
			"from": [3, 9, 15.5],
			"to": [4, 11, 16],
			"rotation": {"angle": 0, "axis": "y", "origin": [3, 9, 15]},
			"faces": {
				"east": {"uv": [3, 5, 4, 7], "texture": "#side", "cullface": "south"},
				"south": {"uv": [3, 5, 4, 7], "texture": "#side", "cullface": "south"},
				"west": {"uv": [3, 5, 4, 7], "texture": "#side", "cullface": "south"},
				"up": {"uv": [3, 5, 4, 6], "texture": "#side", "cullface": "south"},
				"down": {"uv": [3, 6, 4, 7], "texture": "#side", "cullface": "south"}
			}
		},
		{
			"name": "pliers_handle_right_south",
			"from": [5, 9, 15.5],
			"to": [6, 11, 16],
			"rotation": {"angle": 0, "axis": "y", "origin": [5, 9, 15]},
			"faces": {
				"east": {"uv": [5, 5, 6, 7], "texture": "#side", "cullface": "south"},
				"south": {"uv": [5, 5, 6, 7], "texture": "#side", "cullface": "south"},
				"west": {"uv": [5, 5, 6, 7], "texture": "#side", "cullface": "south"},
				"up": {"uv": [5, 5, 6, 6], "texture": "#side", "cullface": "south"},
				"down": {"uv": [5, 6, 6, 7], "texture": "#side", "cullface": "south"}
			}
		},
		{
			"name": "pliers_joint_south",
			"from": [4, 8, 15.5],
			"to": [5, 9, 16],
			"rotation": {"angle": 0, "axis": "y", "origin": [4, 8, 15]},
			"faces": {
				"east": {"uv": [4, 7, 5, 8], "texture": "#side", "cullface": "south"},
				"south": {"uv": [4, 7, 5, 8], "texture": "#side", "cullface": "south"},
				"west": {"uv": [4, 7, 5, 8], "texture": "#side", "cullface": "south"},
				"up": {"uv": [4, 7, 5, 8], "texture": "#side", "cullface": "south"},
				"down": {"uv": [4, 7, 5, 8], "texture": "#side", "cullface": "south"}
			}
		},
		{
			"name": "pliers_nose_left_south",
			"from": [3, 6, 15.5],
			"to": [4, 8, 16],
			"rotation": {"angle": 0, "axis": "y", "origin": [3, 6, 15]},
			"faces": {
				"east": {"uv": [3, 8, 4, 10], "texture": "#side", "cullface": "south"},
				"south": {"uv": [3, 8, 4, 10], "texture": "#side", "cullface": "south"},
				"west": {"uv": [3, 8, 4, 10], "texture": "#side", "cullface": "south"},
				"up": {"uv": [3, 8, 4, 9], "texture": "#side", "cullface": "south"},
				"down": {"uv": [3, 9, 4, 10], "texture": "#side", "cullface": "south"}
			}
		},
		{
			"name": "pliers_nose_right_south",
			"from": [5, 6, 15.5],
			"to": [6, 8, 16],
			"rotation": {"angle": 0, "axis": "y", "origin": [5, 6, 15]},
			"faces": {
				"east": {"uv": [5, 8, 6, 10], "texture": "#side", "cullface": "south"},
				"south": {"uv": [5, 8, 6, 10], "texture": "#side", "cullface": "south"},
				"west": {"uv": [5, 8, 6, 10], "texture": "#side", "cullface": "south"},
				"up": {"uv": [5, 8, 6, 9], "texture": "#side", "cullface": "south"},
				"down": {"uv": [5, 9, 6, 10], "texture": "#side", "cullface": "south"}
			}
		},
		{
			"name": "hammer_shaft_west",
			"from": [0, 7, 3],
			"to": [0.5, 11, 4],
			"rotation": {"angle": 0, "axis": "y", "origin": [-1, 7, 2]},
			"faces": {
				"north": {"uv": [3, 5, 4, 9], "texture": "#front", "cullface": "west"},
				"south": {"uv": [3, 5, 4, 9], "texture": "#front", "cullface": "west"},
				"west": {"uv": [3, 5, 4, 9], "texture": "#front", "cullface": "west"},
				"up": {"uv": [3, 5, 4, 6], "texture": "#front", "cullface": "west"}
			}
		},
		{
			"name": "hammer_head_west",
			"from": [-0.5, 5, 2],
			"to": [0.5, 7, 5],
			"rotation": {"angle": 0, "axis": "y", "origin": [-1, 5, 2]},
			"faces": {
				"north": {"uv": [2, 9, 3, 11], "texture": "#front", "cullface": "west"},
				"south": {"uv": [4, 9, 5, 11], "texture": "#front", "cullface": "west"},
				"west": {"uv": [2, 9, 5, 11], "texture": "#front", "cullface": "west"},
				"up": {"uv": [2, 9, 5, 10], "rotation": 90, "texture": "#front", "cullface": "west"},
				"down": {"uv": [2, 10, 5, 11], "rotation": 270, "texture": "#front", "cullface": "west"}
			}
		},
		{
			"name": "saw_handle_top_west",
			"from": [0, 12, 11],
			"to": [0.5, 13, 14],
			"rotation": {"angle": 0, "axis": "y", "origin": [-1, 11, 11]},
			"faces": {
				"north": {"uv": [11, 3, 12, 4], "texture": "#front", "cullface": "west"},
				"south": {"uv": [13, 3, 14, 4], "texture": "#front", "cullface": "west"},
				"west": {"uv": [11, 3, 14, 4], "texture": "#front", "cullface": "west"},
				"up": {"uv": [11, 3, 14, 4], "rotation": 90, "texture": "#front", "cullface": "west"},
				"down": {"uv": [11, 3, 14, 4], "rotation": 90, "texture": "#front", "cullface": "west"}
			}
		},
		{
			"name": "saw_handle_left_west",
			"from": [0, 11, 11],
			"to": [0.5, 12, 12],
			"rotation": {"angle": 0, "axis": "y", "origin": [-1, 10, 11]},
			"faces": {
				"north": {"uv": [11, 4, 12, 5], "texture": "#front", "cullface": "west"},
				"south": {"uv": [11, 4, 12, 5], "texture": "#front", "cullface": "west"},
				"west": {"uv": [11, 4, 12, 5], "texture": "#front", "cullface": "west"}
			}
		},
		{
			"name": "saw_handle_right_west",
			"from": [0, 11, 13],
			"to": [0.5, 12, 14],
			"rotation": {"angle": 0, "axis": "y", "origin": [-1, 10, 13]},
			"faces": {
				"north": {"uv": [13, 4, 14, 5], "texture": "#front", "cullface": "west"},
				"south": {"uv": [13, 4, 14, 5], "texture": "#front", "cullface": "west"},
				"west": {"uv": [13, 4, 14, 5], "texture": "#front", "cullface": "west"}
			}
		},
		{
			"name": "saw_handle_bottom_west",
			"from": [0, 10, 11],
			"to": [0.5, 11, 14],
			"rotation": {"angle": 0, "axis": "y", "origin": [-1, 9, 11]},
			"faces": {
				"north": {"uv": [11, 5, 12, 6], "texture": "#front", "cullface": "west"},
				"south": {"uv": [13, 5, 14, 6], "texture": "#front", "cullface": "west"},
				"west": {"uv": [11, 5, 14, 6], "texture": "#front", "cullface": "west"},
				"up": {"uv": [11, 5, 14, 6], "rotation": 90, "texture": "#front", "cullface": "west"},
				"down": {"uv": [11, 5, 14, 6], "rotation": 90, "texture": "#front", "cullface": "west"}
			}
		},
		{
			"name": "saw_blade_top_west",
			"from": [0.25, 7, 11],
			"to": [0.5, 10, 14],
			"rotation": {"angle": 0, "axis": "y", "origin": [-1, 8, 11]},
			"faces": {
				"north": {"uv": [11, 6, 12, 9], "texture": "#front", "cullface": "west"},
				"south": {"uv": [13, 6, 14, 9], "texture": "#front", "cullface": "west"},
				"west": {"uv": [11, 6, 14, 9], "texture": "#front", "cullface": "west"},
				"down": {"uv": [11, 8, 14, 9], "rotation": 270, "texture": "#front", "cullface": "west"}
			}
		},
		{
			"name": "saw_blade_middle_west",
			"from": [0.25, 5, 12],
			"to": [0.5, 7, 14],
			"rotation": {"angle": 0, "axis": "y", "origin": [-1, 5, 11]},
			"faces": {
				"north": {"uv": [12, 9, 13, 11], "texture": "#front", "cullface": "west"},
				"south": {"uv": [13, 9, 14, 11], "texture": "#front", "cullface": "west"},
				"west": {"uv": [12, 9, 14, 11], "texture": "#front", "cullface": "west"},
				"down": {"uv": [12, 10, 14, 11], "rotation": 270, "texture": "#front", "cullface": "west"}
			}
		},
		{
			"name": "saw_blade_bottom_west",
			"from": [0.25, 3, 13],
			"to": [0.5, 5, 14],
			"rotation": {"angle": 0, "axis": "y", "origin": [-1, 3, 11]},
			"faces": {
				"north": {"uv": [13, 11, 14, 13], "texture": "#front", "cullface": "west"},
				"south": {"uv": [13, 11, 14, 13], "texture": "#front", "cullface": "west"},
				"west": {"uv": [13, 11, 14, 13], "texture": "#front", "cullface": "west"},
				"down": {"uv": [13, 12, 14, 13], "texture": "#front", "cullface": "west"}
			}
		}
	],
	"display": {
		"thirdperson_righthand": {
			"rotation": [75, 45, 0],
			"translation": [0, 2.5, 0],
			"scale": [0.375, 0.375, 0.375]
		},
		"thirdperson_lefthand": {
			"rotation": [75, 45, 0],
			"translation": [0, 2.5, 0],
			"scale": [0.375, 0.375, 0.375]
		},
		"firstperson_righthand": {
			"rotation": [0, 45, 0],
			"scale": [0.4, 0.4, 0.4]
		},
		"firstperson_lefthand": {
			"rotation": [0, 225, 0],
			"scale": [0.4, 0.4, 0.4]
		},
		"ground": {
			"translation": [0, 3, 0],
			"scale": [0.25, 0.25, 0.25]
		},
		"gui": {
			"rotation": [30, 225, 0],
			"scale": [0.625, 0.625, 0.625]
		},
		"fixed": {
			"scale": [0.5, 0.5, 0.5]
		}
	},
	"groups": [
		0,
		{
			"name": "frame",
			"origin": [14, 0, 15],
			"color": 0,
			"children": [1, 2, 3, 4, 5, 6, 7, 8, 9, 10, 11, 12]
		},
		{
			"name": "cloth",
			"origin": [2, 16, 2],
			"color": 0,
			"children": [
				13,
				{
					"name": "cloth_north",
					"origin": [7, 11, 0],
					"color": 0,
					"children": [14, 15, 16, 17, 18]
				},
				{
					"name": "cloth_east",
					"origin": [14, 11, 7],
					"color": 0,
					"children": [19, 20, 21, 22, 23]
				},
				{
					"name": "cloth_south",
					"origin": [7, 11, 15],
					"color": 0,
					"children": [24, 25, 26, 27, 28]
				},
				{
					"name": "cloth_west",
					"origin": [-1, 11, 7],
					"color": 0,
					"children": [29, 30, 31, 32, 33]
				}
			]
		},
		{
			"name": "hammer_north",
			"origin": [12, 7, 0],
			"color": 0,
			"children": [34, 35]
		},
		{
			"name": "saw_north",
			"origin": [3, 3, 0],
			"color": 0,
			"children": [36, 37, 38, 39, 40, 41, 42]
		},
		{
			"name": "pliers_east",
			"origin": [16, 6, 9],
			"color": 0,
			"children": [43, 44, 45, 46, 47]
		},
		{
			"name": "pliers_south",
			"origin": [5, 6, 15],
			"color": 0,
			"children": [48, 49, 50, 51, 52]
		},
		{
			"name": "hammer_west",
			"origin": [-1, 5, 2],
			"color": 0,
			"children": [53, 54]
		},
		{
			"name": "saw_west",
			"origin": [-1, 3, 11],
			"color": 0,
			"children": [55, 56, 57, 58, 59, 60, 61]
		}
	]
}