{
	"format_version": "1.12.0",
	"minecraft:geometry": [
		{
			"description": {
				"identifier": "geometry.spectreon",
				"texture_width": 64,
				"texture_height": 64,
				"visible_bounds_width": 5,
				"visible_bounds_height": 3.5,
				"visible_bounds_offset": [0, 1.25, 0]
			},
			"bones": [
				{
					"name": "minereon",
					"pivot": [0, 0, 0]
				},
				{
					"name": "body",
					"parent": "minereon",
					"pivot": [0, 10.25, 0]
				},
				{
					"name": "torso",
					"parent": "body",
					"pivot": [0, 10.25, 0],
					"cubes": [
						{"origin": [-3.5, 7.25, -7], "size": [7, 6, 14], "uv": [0, 0]}
					]
				},
				{
					"name": "head",
					"parent": "torso",
					"pivot": [0, 13.4, -6],
					"cubes": [
						{"origin": [-3.5, 11.9, -11.75], "size": [7, 7, 7], "inflate": 0.01, "uv": [0, 20]},
						{"origin": [-2.5, 11.9, -13.25], "size": [5, 3, 2], "uv": [28, 9]},
						{"origin": [-0.5, 13.66997, -13.27], "size": [1, 1, 0], "uv": [36, 52]},
						{"origin": [-0.51, 14.29, -12.96], "size": [1, 1, 1], "pivot": [-0.25, 14.9, -12.75], "rotation": [-27.5, 0, 0], "uv": [0, 0]},
						{"origin": [1.44, 17.4, -13], "size": [1, 1, 3], "pivot": [2.5, 17.9, -11.5], "rotation": [-12.5, 0, 0], "uv": [48, 5]},
						{"origin": [-2.52, 17.4, -13], "size": [1, 1, 3], "pivot": [-2.5, 17.9, -11.5], "rotation": [-12.5, 0, 0], "uv": [47, 44]}
					]
				},
				{
					"name": "mouth",
					"parent": "head",
					"pivot": [0, 12.65, -13.16],
					"cubes": [
						{"origin": [-1, 12.15, -13.16], "size": [2, 1, 0], "uv": [10, 0]}
					]
				},
				{
					"name": "eyes",
					"parent": "head",
					"pivot": [0, 15.65, -9.5]
				},
				{
					"name": "eye_right",
					"parent": "eyes",
					"pivot": [-2.515, 15.9, -10.765],
					"cubes": [
						{"origin": [-3.515, 14.9, -11.765], "size": [2, 2, 2], "uv": [0, 51]}
					]
				},
				{
					"name": "eyelid_right",
					"parent": "eye_right",
					"pivot": [-2.415, 15.9, -10.665],
					"cubes": [
						{"origin": [-3.415, 14.9, -11.665], "size": [2, 2, 2], "inflate": 0.01, "uv": [50, 40]}
					]
				},
				{
					"name": "eye_left",
					"parent": "eyes",
					"pivot": [2.515, 15.9, -10.765],
					"cubes": [
						{"origin": [1.515, 14.9, -11.765], "size": [2, 2, 2], "uv": [49, 23]}
					]
				},
				{
					"name": "eyelid_left",
					"parent": "eye_left",
					"pivot": [2.415, 15.9, -10.665],
					"cubes": [
						{"origin": [1.415, 14.9, -11.665], "size": [2, 2, 2], "inflate": 0.01, "uv": [48, 48]}
					]
				},
				{
					"name": "ear_left",
					"parent": "head",
					"pivot": [2.10538, 18.2337, -8.06285],
					"rotation": [-7.5, -12.5, 0],
					"cubes": [
						{"origin": [0.48683, 16.89882, -8.19293], "size": [6, 9, 0], "pivot": [2.66001, 18.21266, -8.23434], "rotation": [-0.98448, -7.43547, 7.56397], "uv": [26, 38]}
					]
				},
				{
					"name": "ear_right",
					"parent": "head",
					"pivot": [-2.14538, 18.2337, -8.10285],
					"rotation": [-7.5, 12.5, 0],
					"cubes": [
						{"origin": [-6.49644, 16.90505, -8.18563], "size": [6, 9, 0], "pivot": [-2.66962, 18.21889, -8.22704], "rotation": [-0.98448, 7.43547, -7.56397], "uv": [26, 38], "mirror": true}
					]
				},
				{
					"name": "tail",
					"parent": "torso",
					"pivot": [0, 11.5, 6],
					"cubes": [
						{"origin": [-2, 10.22, 6], "size": [4, 3, 6], "uv": [28, 0]},
						{"origin": [0, 12.69, 7], "size": [0, 2, 2], "uv": [8, 10]},
						{"origin": [0, 12.69, 10], "size": [0, 2, 2], "uv": [10, 0]}
					]
				},
				{
					"name": "tail2",
					"parent": "tail",
					"pivot": [-0.08, 11.58, 11.75],
					"cubes": [
						{"origin": [-1.52, 10.7, 12], "size": [3, 2, 6], "inflate": 0.2, "uv": [22, 28]},
						{"origin": [0, 12.13, 12.04], "size": [0, 2, 2], "uv": [8, 8]},
						{"origin": [0, 12.13, 16], "size": [0, 2, 2], "uv": [0, 0]}
					]
				},
				{
					"name": "tail3",
					"parent": "tail2",
					"pivot": [-0.04, 11.66, 18.98],
					"cubes": [
						{"origin": [-1, 10.66, 17.78], "size": [2, 2, 5], "inflate": 0.1, "uv": [35, 31]},
						{"origin": [-2, 9.7, 21.3], "size": [4, 4, 4], "uv": [33, 20]},
						{"origin": [-0.92, 12.62, 22.3], "size": [2, 2, 2], "pivot": [0, 13.7, 23.3], "rotation": [-25.31665, -25.01686, 48.20495], "uv": [21, 23]}
					]
				},
				{
					"name": "spines",
					"parent": "torso",
					"pivot": [0, 10.25, 0],
					"cubes": [
						{"origin": [0, 13.25, -5], "size": [0, 4, 4], "uv": [0, 6]},
						{"origin": [0, 13.25, -1], "size": [0, 3, 8], "uv": [21, 12]}
					]
				},
				{
					"name": "leg_front_left",
					"parent": "torso",
					"pivot": [2.5, 9, -4.5],
					"rotation": [5, 0, 0],
					"cubes": [
						{"origin": [1, 4.5, -6], "size": [3, 6, 3], "inflate": 0.01, "uv": [42, 9]}
					]
				},
				{
					"name": "leg_front_left2",
					"parent": "leg_front_left",
					"pivot": [2.5, 4.5, -3.5],
					"rotation": [-20, 0, 0],
					"cubes": [
						{"origin": [1, 0.75, -6], "size": [3, 4, 3], "uv": [24, 47]}
					]
				},
				{
					"name": "leg_front_left3",
					"parent": "leg_front_left2",
					"pivot": [2.5, 1, -4.5],
					"rotation": [15, 0, 0],
					"cubes": [
						{"origin": [1, -0.5, -6.25], "size": [3, 2, 3], "inflate": 0.01, "uv": [36, 47]}
					]
				},
				{
					"name": "leg_front_right",
					"parent": "torso",
					"pivot": [-2.5, 9, -4.5],
					"rotation": [5, 0, 0],
					"cubes": [
						{"origin": [-4, 4.5, -6], "size": [3, 6, 3], "inflate": 0.01, "uv": [38, 38]}
					]
				},
				{
					"name": "leg_front_right2",
					"parent": "leg_front_right",
					"pivot": [-2.5, 4.5, -3.5],
					"rotation": [-20, 0, 0],
					"cubes": [
						{"origin": [-4, 0.75, -6], "size": [3, 4, 3], "uv": [12, 45]}
					]
				},
				{
					"name": "leg_front_right3",
					"parent": "leg_front_right2",
					"pivot": [-2.5, 1, -4.5],
					"rotation": [15, 0, 0],
					"cubes": [
						{"origin": [-4, -0.5, -6.25], "size": [3, 2, 3], "inflate": 0.01, "uv": [47, 35]}
					]
				},
				{
					"name": "leg_back_left",
					"parent": "torso",
					"pivot": [2.5, 9, 4.75],
					"rotation": [5, 0, 0],
					"cubes": [
						{"origin": [1, 4.5, 2.75], "size": [3, 6, 4], "inflate": 0.01, "uv": [0, 34]}
					]
				},
				{
					"name": "leg_back_left2",
					"parent": "leg_back_left",
					"pivot": [2.5, 4.5, 6.25],
					"rotation": [-12.5, 0, 0],
					"cubes": [
						{"origin": [1, 0.75, 4.25], "size": [3, 4, 3], "uv": [44, 28]}
					]
				},
				{
					"name": "leg_back_left3",
					"parent": "leg_back_left2",
					"pivot": [2.5, 1.25, 5.75],
					"rotation": [7.5, 0, 0],
					"cubes": [
						{"origin": [1, -0.25, 4], "size": [3, 2, 3], "inflate": 0.01, "uv": [45, 18]}
					]
				},
				{
					"name": "leg_back_right",
					"parent": "torso",
					"pivot": [-2.5, 9, 4.75],
					"rotation": [5, 0, 0],
					"cubes": [
						{"origin": [-4, 4.5, 2.75], "size": [3, 6, 4], "inflate": 0.01, "uv": [0, 0]}
					]
				},
				{
					"name": "leg_back_right2",
					"parent": "leg_back_right",
					"pivot": [-2.5, 4.5, 6.25],
					"rotation": [-12.5, 0, 0],
					"cubes": [
						{"origin": [-4, 0.75, 4.25], "size": [3, 4, 3], "uv": [0, 44]}
					]
				},
				{
					"name": "leg_back_right3",
					"parent": "leg_back_right2",
					"pivot": [-2.5, 1.25, 5.75],
					"rotation": [7.5, 0, 0],
					"cubes": [
						{"origin": [-4, -0.25, 4], "size": [3, 2, 3], "inflate": 0.01, "uv": [42, 0]}
					]
				}
			]
		}
	]
}