{
	"__comment":"Designed by GeForceLegend",
	"ambientocclusion":false,
	"textures":{
		"particle":"warped_door/warped_door_top",
		"top":"warped_door/warped_door_top",
		"top1":"warped_door/warped_door_top1"
	},
	"elements":[
		{
			"name": "Hinge",
			"from": [-0.25, 9.75, -0.25],
			"to": [3.25, 12.25, 1],
			"faces": {
				"north": {"uv": [0, 4, 1, 6], "texture": "#top"},
				"east": {"uv": [0, 4, 1, 6], "texture": "#top"},
				"south": {"uv": [0, 4, 1, 6], "texture": "#top"},
				"west": {"uv": [0, 4, 1, 6], "texture": "#top"},
				"up": {"uv": [0, 4, 1, 5], "texture": "#top"},
				"down": {"uv": [0, 5, 1, 6], "texture": "#top"}
			}
		},
		{
			"from":[0,0,0],
			"to":[3,16,4],
			"faces":{
				"north":{"uv":[0,0,3,16],"texture":"#top1","cullface":"north"},
				"east":{"uv":[4,0,0,16],"texture":"#top"},
				"south":{"uv":[3,0,4,16],"texture":"#top"},
				"west":{"uv":[0,0,4,16],"texture":"#top","cullface":"west"},
				"up":{"uv":[7,0,10,4],"texture":"#top1","cullface":"up"}
			}
		},
		{
			"from":[0,0,5],
			"to":[3,15,11],
			"faces":{
				"north":{"uv":[5,1,6,16],"texture":"#top"},
				"east":{"uv":[11,1,5,16],"texture":"#top"},
				"south":{"uv":[10,1,11,16],"texture":"#top"},
				"west":{"uv":[5,1,11,16],"texture":"#top","cullface":"west"}
			}
		},
		{
			"from":[0,0,12],
			"to":[3,16,16],
			"faces":{
				"north":{"uv":[12,0,13,16],"texture":"#top"},
				"east":{"uv":[16,0,12,16],"texture":"#top"},
				"south":{"uv":[13,0,16,16],"texture":"#top1","cullface":"south"},
				"west":{"uv":[12,0,16,16],"texture":"#top","cullface":"west"},
				"up":{"uv":[7,12,10,16],"texture":"#top1","cullface":"up"}
			}
		},
		{
			"from":[0.5,0,4],
			"to":[2.5,15,12],
			"faces":{
				"east":{"uv":[12,1,4,16],"texture":"#top"},
				"west":{"uv":[4,1,12,16],"texture":"#top","cullface":"west"}
			}
		},
		{
			"from":[0,15,4],
			"to":[3,16,12],
			"faces":{
				"east":{"uv":[4,1,12,0],"texture":"#top"},
				"west":{"uv":[4,0,12,1],"texture":"#top","cullface":"west"},
				"up":{"uv":[7,4,10,12],"texture":"#top1","cullface":"up"},
				"down":{"uv":[12,0,4,1],"rotation":90,"texture":"#top"}
			}
		},
		{
			"from":[-0.99,0.01,11.01],
			"to":[0,1.99,13.99],
			"faces":{
				"north":{"uv":[3,14,4,16],"texture":"#top1","cullface":"west"},
				"east":{"uv":[6,14,3,16],"texture":"#top1","cullface":"west"},
				"south":{"uv":[5,14,6,16],"texture":"#top1","cullface":"west"},
				"west":{"uv":[3,14,6,16],"texture":"#top1","cullface":"west"},
				"up":{"uv":[3,14,6,15],"rotation":90,"texture":"#top1","cullface":"west"},
				"down":{"uv":[6,15,3,16],"rotation":90,"texture":"#top1","cullface":"west"}
			}
		},
		{
			"from":[3,0,11],
			"to":[4,2,14],
			"faces":{
				"north":{"uv":[3,14,4,16],"texture":"#top1"},
				"east":{"uv":[6,14,3,16],"texture":"#top1"},
				"south":{"uv":[5,14,6,16],"texture":"#top1"},
				"west":{"uv":[3,14,6,16],"texture":"#top1"},
				"up":{"uv":[3,14,6,15],"rotation":90,"texture":"#top1"},
				"down":{"uv":[6,15,3,16],"rotation":90,"texture":"#top1"}
			}
		},
		{
			"from":[-0.49,0.01,7.01],
			"to":[3.5,4.01,8.01],
			"faces":{
				"north":{"uv":[7,12,8,16],"texture":"#top"},
				"east":{"uv":[7,12,8,16],"texture":"#top"},
				"south":{"uv":[7,12,8,16],"texture":"#top"},
				"west":{"uv":[7,12,8,16],"texture":"#top","cullface":"west"},
				"up":{"uv":[7,12,8,13],"texture":"#top"},
				"down":{"uv":[7,15,8,16],"texture":"#top"}
			}
		},
		{
			"from":[-0.49,4.01,8.01],
			"to":[3.5,5.01,9.99],
			"faces":{
				"north":{"uv":[8,11,9,12],"texture":"#top"},
				"east":{"uv":[10,11,8,12],"texture":"#top"},
				"south":{"uv":[9,11,10,12],"texture":"#top"},
				"west":{"uv":[8,11,10,12],"texture":"#top","cullface":"west"},
				"up":{"uv":[8,11,10,12],"rotation":90,"texture":"#top"},
				"down":{"uv":[10,11,8,12],"rotation":90,"texture":"#top"}
			}
		},
		{
			"from":[-0.49,5.01,8.99],
			"to":[3.5,6.01,10.99],
			"faces":{
				"north":{"uv":[9,10,11,11],"texture":"#top"},
				"east":{"uv":[9,10,11,11],"texture":"#top"},
				"south":{"uv":[9,10,11,11],"texture":"#top"},
				"west":{"uv":[9,10,11,11],"texture":"#top","cullface":"west"},
				"up":{"uv":[9,10,11,11],"texture":"#top"},
				"down":{"uv":[9,10,11,11],"texture":"#top"}
			}
		},
		{
			"from":[-0.49,4.01,10.99],
			"to":[3.5,5.01,11.99],
			"faces":{
				"north":{"uv":[11,11,12,12],"texture":"#top"},
				"east":{"uv":[11,11,12,12],"texture":"#top"},
				"south":{"uv":[11,11,12,12],"texture":"#top"},
				"west":{"uv":[11,11,12,12],"texture":"#top","cullface":"west"},
				"up":{"uv":[11,11,12,12],"texture":"#top"},
				"down":{"uv":[11,11,12,12],"texture":"#top"}
			}
		},
		{
			"from":[-0.49,3.01,11.99],
			"to":[3.5,4.01,13.99],
			"faces":{
				"north":{"uv":[12,12,13,13],"texture":"#top"},
				"east":{"uv":[14,12,12,13],"texture":"#top"},
				"south":{"uv":[13,12,14,13],"texture":"#top"},
				"west":{"uv":[12,12,14,13],"texture":"#top","cullface":"west"},
				"up":{"uv":[12,12,14,13],"rotation":90,"texture":"#top"},
				"down":{"uv":[14,12,12,13],"rotation":90,"texture":"#top"}
			}
		},
		{
			"from":[-0.49,4.01,13.99],
			"to":[3.5,5.01,14.99],
			"faces":{
				"north":{"uv":[14,11,15,12],"texture":"#top"},
				"east":{"uv":[14,11,15,12],"texture":"#top"},
				"south":{"uv":[14,11,15,12],"texture":"#top"},
				"west":{"uv":[14,11,15,12],"texture":"#top","cullface":"west"},
				"up":{"uv":[14,11,15,12],"texture":"#top"},
				"down":{"uv":[14,11,15,12],"texture":"#top"}
			}
		},
		{
			"from":[-0.49,5.01,14.99],
			"to":[3.5,6.01,15.99],
			"faces":{
				"north":{"uv":[15,10,16,11],"texture":"#top"},
				"east":{"uv":[15,10,16,11],"texture":"#top"},
				"south":{"uv":[15,10,16,11],"texture":"#top","cullface":"south"},
				"west":{"uv":[15,10,16,11],"texture":"#top","cullface":"west"},
				"up":{"uv":[15,10,16,11],"texture":"#top"},
				"down":{"uv":[15,10,16,11],"texture":"#top"}
			}
		},
		{
			"from":[-0.49,8.01,14.99],
			"to":[3.5,9.01,15.99],
			"faces":{
				"north":{"uv":[15,7,16,8],"texture":"#top"},
				"east":{"uv":[15,7,16,8],"texture":"#top"},
				"south":{"uv":[15,7,16,8],"texture":"#top","cullface":"south"},
				"west":{"uv":[15,7,16,8],"texture":"#top","cullface":"west"},
				"up":{"uv":[15,7,16,8],"texture":"#top"},
				"down":{"uv":[15,7,16,8],"texture":"#top"}
			}
		},
		{
			"from":[-0.49,7.01,12.99],
			"to":[3.5,8.01,14.99],
			"faces":{
				"north":{"uv":[13,8,14,9],"texture":"#top"},
				"east":{"uv":[15,8,13,9],"texture":"#top"},
				"south":{"uv":[14,8,15,9],"texture":"#top"},
				"west":{"uv":[13,8,15,9],"texture":"#top","cullface":"west"},
				"up":{"uv":[13,8,15,9],"rotation":90,"texture":"#top"},
				"down":{"uv":[15,8,13,9],"rotation":90,"texture":"#top"}
			}
		},
		{
			"from":[-0.49,6.01,12.01],
			"to":[3.5,7.01,12.99],
			"faces":{
				"north":{"uv":[12,9,13,10],"texture":"#top"},
				"east":{"uv":[12,9,13,10],"texture":"#top"},
				"south":{"uv":[12,9,13,10],"texture":"#top"},
				"west":{"uv":[12,9,13,10],"texture":"#top","cullface":"west"},
				"up":{"uv":[12,9,13,10],"texture":"#top"},
				"down":{"uv":[12,9,13,10],"texture":"#top"}
			}
		},
		{
			"from":[-0.49,13.01,12.99],
			"to":[3.5,14.01,15.99],
			"faces":{
				"north":{"uv":[13,2,14,3],"texture":"#top"},
				"east":{"uv":[16,2,13,3],"texture":"#top"},
				"south":{"uv":[15,2,16,3],"texture":"#top","cullface":"south"},
				"west":{"uv":[13,2,16,3],"texture":"#top","cullface":"west"},
				"up":{"uv":[13,2,16,3],"rotation":90,"texture":"#top"},
				"down":{"uv":[16,2,13,3],"rotation":90,"texture":"#top"}
			}
		},
		{
			"from":[-0.49,14.01,12.01],
			"to":[3.5,15.01,12.99],
			"faces":{
				"north":{"uv":[12,1,13,2],"texture":"#top"},
				"east":{"uv":[12,1,13,2],"texture":"#top"},
				"south":{"uv":[12,1,13,2],"texture":"#top"},
				"west":{"uv":[12,1,13,2],"texture":"#top","cullface":"west"},
				"up":{"uv":[12,1,13,2],"texture":"#top"},
				"down":{"uv":[12,1,13,2],"texture":"#top"}
			}
		},
		{
			"from":[-0.49,8.01,0.01],
			"to":[3.5,9.01,3.01],
			"faces":{
				"north":{"uv":[0,7,1,8],"texture":"#top","cullface":"north"},
				"east":{"uv":[3,7,0,8],"texture":"#top"},
				"south":{"uv":[2,7,3,8],"texture":"#top"},
				"west":{"uv":[0,7,3,8],"texture":"#top","cullface":"west"},
				"up":{"uv":[0,7,3,8],"rotation":90,"texture":"#top"},
				"down":{"uv":[3,7,0,8],"rotation":90,"texture":"#top"}
			}
		},
		{
			"from":[-0.49,9.01,3.01],
			"to":[3.5,10.01,4.01],
			"faces":{
				"north":{"uv":[3,6,4,7],"texture":"#top"},
				"east":{"uv":[3,6,4,7],"texture":"#top"},
				"south":{"uv":[3,6,4,7],"texture":"#top"},
				"west":{"uv":[3,6,4,7],"texture":"#top","cullface":"west"},
				"up":{"uv":[3,6,4,7],"texture":"#top"},
				"down":{"uv":[3,6,4,7],"texture":"#top"}
			}
		},
		{
			"from":[-0.49,10.01,4.01],
			"to":[3.5,12.01,5.01],
			"faces":{
				"north":{"uv":[4,4,5,6],"texture":"#top"},
				"east":{"uv":[4,4,5,6],"texture":"#top"},
				"south":{"uv":[4,4,5,6],"texture":"#top"},
				"west":{"uv":[4,4,5,6],"texture":"#top","cullface":"west"},
				"down":{"uv":[4,5,5,6],"texture":"#top"}
			}
		},
		{
			"from":[-0.49,13.01,0.01],
			"to":[3.5,14.01,3.01],
			"faces":{
				"north":{"uv":[0,2,1,3],"texture":"#top","cullface":"north"},
				"east":{"uv":[3,2,0,3],"texture":"#top"},
				"south":{"uv":[2,2,3,3],"texture":"#top"},
				"west":{"uv":[0,2,3,3],"texture":"#top","cullface":"west"},
				"up":{"uv":[0,2,3,3],"rotation":90,"texture":"#top"},
				"down":{"uv":[3,2,0,3],"rotation":90,"texture":"#top"}
			}
		},
		{
			"from":[-0.49,12.01,3.01],
			"to":[3.5,13.01,7.01],
			"faces":{
				"north":{"uv":[3,3,4,4],"texture":"#top"},
				"east":{"uv":[7,3,3,4],"texture":"#top"},
				"south":{"uv":[6,3,7,4],"texture":"#top"},
				"west":{"uv":[3,3,7,4],"texture":"#top","cullface":"west"},
				"up":{"uv":[3,3,7,4],"rotation":90,"texture":"#top"},
				"down":{"uv":[7,3,3,4],"rotation":90,"texture":"#top"}
			}
		},
		{
			"from":[-0.49,13.01,7.01],
			"to":[3.5,14.01,8.01],
			"faces":{
				"north":{"uv":[7,2,8,3],"texture":"#top"},
				"east":{"uv":[7,2,8,3],"texture":"#top"},
				"south":{"uv":[7,2,8,3],"texture":"#top"},
				"west":{"uv":[7,2,8,3],"texture":"#top","cullface":"west"},
				"up":{"uv":[7,2,8,3],"texture":"#top"},
				"down":{"uv":[7,2,8,3],"texture":"#top"}
			}
		},
		{
			"from":[-0.49,14.01,8.01],
			"to":[3.5,15.01,9.01],
			"faces":{
				"north":{"uv":[8,1,9,2],"texture":"#top"},
				"east":{"uv":[8,1,9,2],"texture":"#top"},
				"south":{"uv":[8,1,9,2],"texture":"#top"},
				"west":{"uv":[8,1,9,2],"texture":"#top","cullface":"west"},
				"up":{"uv":[8,1,9,2],"texture":"#top"},
				"down":{"uv":[8,1,9,2],"texture":"#top"}
			}
		},
		{
			"from":[-0.49,15.01,9.01],
			"to":[3.5,15.99,10.01],
			"faces":{
				"north":{"uv":[9,0,10,1],"texture":"#top"},
				"east":{"uv":[9,0,10,1],"texture":"#top"},
				"south":{"uv":[9,0,10,1],"texture":"#top"},
				"west":{"uv":[9,0,10,1],"texture":"#top","cullface":"west"},
				"up":{"uv":[9,0,10,1],"texture":"#top","cullface":"up"},
				"down":{"uv":[9,0,10,1],"texture":"#top"}
			}
		},
		{
			"from":[0.01,15.99,9.01],
			"to":[2.99,16.49,10.01],
			"faces":{
				"north":{"uv":[7,9,10,10],"texture":"#top1","cullface":"up"},
				"east":{"uv":[9,0,10,1],"texture":"#top","cullface":"up"},
				"south":{"uv":[7,9,10,10],"texture":"#top1","cullface":"up"},
				"west":{"uv":[9,0,10,1],"texture":"#top","cullface":"up"},
				"up":{"uv":[7,9,10,10],"texture":"#top1","cullface":"up"}
			}
		},
		{
			"from":[0.01,8.01,-0.49],
			"to":[2.99,9.01,0.01],
			"faces":{
				"north":{"uv":[0,7,3,8],"texture":"#top1","cullface":"north"},
				"east":{"uv":[0,7,1,8],"texture":"#top","cullface":"north"},
				"west":{"uv":[0,7,1,8],"texture":"#top","cullface":"north"},
				"up":{"uv":[0,7,3,8],"texture":"#top1","cullface":"north"},
				"down":{"uv":[0,7,3,8],"texture":"#top1","cullface":"north"}
			}
		},
		{
			"from":[0.01,13.01,-0.49],
			"to":[2.99,14.01,0.01],
			"faces":{
				"north":{"uv":[0,2,3,3],"texture":"#top1","cullface":"north"},
				"east":{"uv":[0,2,1,3],"texture":"#top","cullface":"north"},
				"west":{"uv":[0,2,1,3],"texture":"#top","cullface":"north"},
				"up":{"uv":[0,2,3,3],"texture":"#top1","cullface":"north"},
				"down":{"uv":[0,2,3,3],"texture":"#top1","cullface":"north"}
			}
		},
		{
			"from":[0.01,5.01,15.99],
			"to":[2.99,6.01,16.49],
			"faces":{
				"east":{"uv":[15,10,16,11],"texture":"#top","cullface":"south"},
				"south":{"uv":[13,10,16,11],"texture":"#top1","cullface":"south"},
				"west":{"uv":[15,10,16,11],"texture":"#top","cullface":"south"},
				"up":{"uv":[13,10,16,11],"texture":"#top1","cullface":"south"},
				"down":{"uv":[13,10,16,11],"texture":"#top1","cullface":"south"}
			}
		},
		{
			"from":[0.01,8.01,15.99],
			"to":[2.99,9.01,16.49],
			"faces":{
				"east":{"uv":[15,7,16,8],"texture":"#top","cullface":"south"},
				"south":{"uv":[13,7,16,8],"texture":"#top1","cullface":"south"},
				"west":{"uv":[15,7,16,8],"texture":"#top","cullface":"south"},
				"up":{"uv":[13,7,16,8],"texture":"#top1","cullface":"south"},
				"down":{"uv":[13,7,16,8],"texture":"#top1","cullface":"south"}
			}
		},
		{
			"from":[0.01,13.01,15.99],
			"to":[2.99,14.01,16.49],
			"faces":{
				"east":{"uv":[15,2,16,3],"texture":"#top","cullface":"south"},
				"south":{"uv":[13,2,16,3],"texture":"#top1","cullface":"south"},
				"west":{"uv":[15,2,16,3],"texture":"#top","cullface":"south"},
				"up":{"uv":[13,2,16,3],"texture":"#top1","cullface":"south"},
				"down":{"uv":[13,2,16,3],"texture":"#top1","cullface":"south"}
			}
		}
	]
}