{
    "sources": [
		{ "type": "directory", "source": "acacia_door", "prefix": "acacia_door/" },
        { "type": "directory", "source": "acacia_trapdoor", "prefix": "acacia_trapdoor/" },
        { "type": "directory", "source": "bamboo_door", "prefix": "bamboo_door/" },
        { "type": "directory", "source": "bamboo_trapdoor", "prefix": "bamboo_trapdoor/" },
        { "type": "directory", "source": "birch_door", "prefix": "birch_door/" },
        { "type": "directory", "source": "birch_trapdoor", "prefix": "birch_trapdoor/" },
        { "type": "directory", "source": "cherry_door", "prefix": "cherry_door/" },
        { "type": "directory", "source": "cherry_trapdoor", "prefix": "cherry_trapdoor/" },
        { "type": "directory", "source": "crimson_door", "prefix": "crimson_door/" },
        { "type": "directory", "source": "crimson_trapdoor", "prefix": "crimson_trapdoor/" },
        { "type": "directory", "source": "dark_oak_door", "prefix": "dark_oak_door/" },
        { "type": "directory", "source": "dark_oak_trapdoor", "prefix": "dark_oak_trapdoor/" },
        { "type": "directory", "source": "iron_door", "prefix": "iron_door/" },
        { "type": "directory", "source": "iron_trapdoor", "prefix": "iron_trapdoor/" },
        { "type": "directory", "source": "jungle_door", "prefix": "jungle_door/" },
        { "type": "directory", "source": "jungle_trapdoor", "prefix": "jungle_trapdoor/" },
        { "type": "directory", "source": "mangrove_door", "prefix": "mangrove_door/" },
        { "type": "directory", "source": "mangrove_trapdoor", "prefix": "mangrove_trapdoor/" },
        { "type": "directory", "source": "oak_door", "prefix": "oak_door/" },
        { "type": "directory", "source": "oak_trapdoor", "prefix": "oak_trapdoor/" },
        { "type": "directory", "source": "spruce_door", "prefix": "spruce_door/" },
        { "type": "directory", "source": "spruce_trapdoor", "prefix": "spruce_trapdoor/" },
        { "type": "directory", "source": "warped_door", "prefix": "warped_door/" },
        { "type": "directory", "source": "warped_trapdoor", "prefix": "warped_trapdoor/" }
    ]
}