{
	"credit": "Made by TheWaschtlPlays using Blockbench",
	"ambientocclusion": false,
	"textures": {
		"1": "jungle_trapdoor/jungle_trapdoor_side",
		"particle": "jungle_trapdoor/jungle_trapdoor",
		"texture": "jungle_trapdoor/jungle_trapdoor"
	},
	"elements": [
		{
			"name": "Cube",
			"from": [0, 13, 13],
			"to": [16, 16, 16],
			"faces": {
				"north": {"uv": [0, 0, 16, 3], "texture": "#texture"},
				"east": {"uv": [0, 0, 3, 3], "texture": "#1", "cullface": "east"},
				"south": {"uv": [0, 0, 16, 3], "texture": "#1", "cullface": "south"},
				"west": {"uv": [13, 0, 16, 3], "texture": "#1", "cullface": "west"},
				"up": {"uv": [0, 3, 16, 0], "texture": "#texture", "cullface": "up"},
				"down": {"uv": [0, 0, 16, 3], "texture": "#texture"}
			}
		},
		{
			"name": "Cube",
			"from": [0, 13, 0],
			"to": [16, 16, 4],
			"faces": {
				"north": {"uv": [0, 0, 16, 3], "texture": "#1", "cullface": "north"},
				"east": {"uv": [12, 0, 16, 3], "texture": "#1", "cullface": "east"},
				"south": {"uv": [0, 0, 16, 3], "texture": "#1"},
				"west": {"uv": [0, 0, 4, 3], "texture": "#1", "cullface": "west"},
				"up": {"uv": [0, 16, 16, 12], "texture": "#texture", "cullface": "up"},
				"down": {"uv": [0, 12, 16, 16], "texture": "#texture"}
			}
		},
		{
			"name": "Cube",
			"from": [4, 13, 7],
			"to": [12, 16, 9],
			"faces": {
				"north": {"uv": [4, 0, 12, 3], "texture": "#texture"},
				"south": {"uv": [4, 0, 12, 3], "texture": "#texture"},
				"up": {"uv": [4, 9, 12, 7], "texture": "#texture", "cullface": "up"},
				"down": {"uv": [4, 7, 12, 9], "texture": "#texture"}
			}
		},
		{
			"name": "Cube",
			"from": [0, 13, 4],
			"to": [4, 16, 9],
			"faces": {
				"east": {"uv": [0, 0, 5, 3], "texture": "#texture"},
				"south": {"uv": [0, 0, 4, 3], "texture": "#1"},
				"west": {"uv": [5, 0, 10, 3], "texture": "#1", "cullface": "west"},
				"up": {"uv": [0, 12, 4, 7], "texture": "#texture", "cullface": "up"},
				"down": {"uv": [0, 7, 4, 12], "texture": "#texture"}
			}
		},
		{
			"name": "Cube",
			"from": [0, 13, 9],
			"to": [3, 16, 13],
			"faces": {
				"east": {"uv": [6, 0, 10, 3], "texture": "#texture"},
				"south": {"uv": [0, 0, 0, 0], "texture": "#1"},
				"west": {"uv": [3, 0, 7, 3], "texture": "#1", "cullface": "west"},
				"up": {"uv": [0, 7, 3, 3], "texture": "#texture", "cullface": "up"},
				"down": {"uv": [0, 3, 3, 7], "texture": "#texture"}
			}
		},
		{
			"name": "Cube",
			"from": [13, 13, 9],
			"to": [16, 16, 13],
			"faces": {
				"east": {"uv": [3, 0, 7, 3], "texture": "#1", "cullface": "east"},
				"west": {"uv": [6, 0, 10, 3], "texture": "#texture"},
				"up": {"uv": [13, 7, 16, 3], "texture": "#texture", "cullface": "up"},
				"down": {"uv": [13, 3, 16, 7], "texture": "#texture"}
			}
		},
		{
			"name": "Cube",
			"from": [12, 13, 4],
			"to": [16, 16, 9],
			"faces": {
				"east": {"uv": [7, 0, 12, 3], "texture": "#1", "cullface": "east"},
				"south": {"uv": [6, 0, 10, 3], "texture": "#texture"},
				"west": {"uv": [5, 0, 10, 3], "texture": "#texture"},
				"up": {"uv": [12, 12, 16, 7], "texture": "#texture", "cullface": "up"},
				"down": {"uv": [12, 7, 16, 12], "texture": "#texture"}
			}
		},
		{
			"name": "Cube",
			"from": [4, 13, 4],
			"to": [5, 16, 5],
			"faces": {
				"east": {"uv": [1, 0, 2, 3], "texture": "#texture"},
				"south": {"uv": [1, 0, 2, 3], "texture": "#texture"},
				"up": {"uv": [11, 11, 12, 12], "texture": "#texture", "cullface": "up"},
				"down": {"uv": [4, 11, 5, 12], "texture": "#texture"}
			}
		},
		{
			"name": "Cube",
			"from": [11, 13, 4],
			"to": [12, 16, 5],
			"faces": {
				"south": {"uv": [1, 0, 2, 3], "texture": "#texture"},
				"west": {"uv": [1, 0, 2, 3], "texture": "#texture"},
				"up": {"uv": [4, 11, 5, 12], "texture": "#texture", "cullface": "up"},
				"down": {"uv": [11, 11, 12, 12], "texture": "#texture"}
			}
		},
		{
			"name": "Cube",
			"from": [12, 13, 12],
			"to": [13, 16, 13],
			"faces": {
				"north": {"uv": [1, 0, 2, 3], "texture": "#texture"},
				"west": {"uv": [1, 0, 2, 3], "texture": "#texture"},
				"up": {"uv": [3, 3, 4, 4], "texture": "#texture", "cullface": "up"},
				"down": {"uv": [12, 3, 13, 4], "texture": "#texture"}
			}
		},
		{
			"name": "Cube",
			"from": [3, 13, 12],
			"to": [4, 16, 13],
			"faces": {
				"north": {"uv": [1, 0, 2, 3], "texture": "#texture"},
				"east": {"uv": [1, 0, 2, 3], "texture": "#texture"},
				"up": {"uv": [12, 3, 13, 4], "texture": "#texture", "cullface": "up"},
				"down": {"uv": [3, 3, 4, 4], "texture": "#texture"}
			}
		},
		{
			"name": "Cube",
			"from": [9, 13.5, 4],
			"to": [10, 15.5, 13],
			"faces": {
				"east": {"uv": [3, 7, 12, 9], "texture": "#texture"},
				"west": {"uv": [3, 7, 12, 9], "texture": "#texture"},
				"up": {"uv": [6, 12, 7, 3], "texture": "#texture", "cullface": "up"},
				"down": {"uv": [9, 12, 10, 3], "texture": "#texture"}
			}
		},
		{
			"name": "Cube",
			"from": [6, 13.5, 4],
			"to": [7, 15.5, 13],
			"faces": {
				"east": {"uv": [3, 7, 12, 9], "texture": "#texture"},
				"west": {"uv": [3, 7, 12, 9], "texture": "#texture"},
				"up": {"uv": [9, 12, 10, 3], "texture": "#texture", "cullface": "up"},
				"down": {"uv": [6, 12, 7, 3], "texture": "#texture"}
			}
		},
		{
			"name": "Cube",
			"from": [5, 16, 1],
			"to": [6, 16.25, 2],
			"faces": {
				"north": {"uv": [10, 14, 11, 14.25], "texture": "#texture", "cullface": "up"},
				"east": {"uv": [10, 14, 11, 14.25], "texture": "#texture", "cullface": "up"},
				"south": {"uv": [10, 14, 11, 14.25], "texture": "#texture", "cullface": "up"},
				"west": {"uv": [10, 14, 11, 14.25], "texture": "#texture", "cullface": "up"},
				"up": {"uv": [10, 14, 11, 15], "texture": "#texture", "cullface": "up"}
			}
		},
		{
			"name": "Cube",
			"from": [6, 16.25, 1],
			"to": [10, 16.5, 2],
			"faces": {
				"north": {"uv": [10, 14, 6, 14.25], "texture": "#texture", "cullface": "up"},
				"east": {"uv": [9, 14, 10, 14.25], "texture": "#texture", "cullface": "up"},
				"south": {"uv": [6, 14, 10, 14.25], "texture": "#texture", "cullface": "up"},
				"west": {"uv": [6, 14, 7, 14.25], "texture": "#texture", "cullface": "up"},
				"up": {"uv": [6, 14, 10, 15], "texture": "#texture", "cullface": "up"},
				"down": {"uv": [6, 14, 10, 15], "texture": "#texture", "cullface": "up"}
			}
		},
		{
			"name": "Cube",
			"from": [10, 12.75, 1],
			"to": [11, 13, 2],
			"faces": {
				"north": {"uv": [10, 14, 11, 14.25], "texture": "#texture"},
				"east": {"uv": [10, 14, 11, 14.25], "texture": "#texture"},
				"south": {"uv": [10, 14, 11, 14.25], "texture": "#texture"},
				"west": {"uv": [10, 14, 11, 14.25], "texture": "#texture"},
				"down": {"uv": [5, 14, 6, 15], "texture": "#texture"}
			}
		},
		{
			"name": "Cube",
			"from": [5, 12.75, 1],
			"to": [6, 13, 2],
			"faces": {
				"north": {"uv": [10, 14, 11, 14.25], "texture": "#texture"},
				"east": {"uv": [10, 14, 11, 14.25], "texture": "#texture"},
				"south": {"uv": [10, 14, 11, 14.25], "texture": "#texture"},
				"west": {"uv": [10, 14, 11, 14.25], "texture": "#texture"},
				"down": {"uv": [5, 14, 6, 15], "texture": "#texture"}
			}
		},
		{
			"name": "Cube",
			"from": [6, 12.5, 1],
			"to": [10, 12.75, 2],
			"faces": {
				"north": {"uv": [10, 14, 6, 14.25], "texture": "#texture"},
				"east": {"uv": [9, 14, 10, 14.25], "texture": "#texture"},
				"south": {"uv": [6, 14, 10, 14.25], "texture": "#texture"},
				"west": {"uv": [6, 14, 7, 14.25], "texture": "#texture"},
				"up": {"uv": [6, 14, 10, 15], "texture": "#texture"},
				"down": {"uv": [6, 14, 10, 15], "texture": "#texture"}
			}
		},
		{
			"name": "Cube",
			"from": [10, 16, 1],
			"to": [11, 16.25, 2],
			"faces": {
				"north": {"uv": [10, 14, 11, 14.25], "texture": "#texture", "cullface": "up"},
				"east": {"uv": [10, 14, 11, 14.25], "texture": "#texture", "cullface": "up"},
				"south": {"uv": [10, 14, 11, 14.25], "texture": "#texture", "cullface": "up"},
				"west": {"uv": [10, 14, 11, 14.25], "texture": "#texture", "cullface": "up"},
				"up": {"uv": [10, 14, 11, 15], "texture": "#texture", "cullface": "up"}
			}
		}
	]
}