{
	"credit": "Made with Blockbench",
	"textures": {
		"particle": "block/end_portal_frame/end_stone",
		"bottom": "block/end_portal_frame/end_stone",
		"side": "block/end_portal_frame/end_portal_frame_side",
		"top": "block/end_portal_frame/end_portal_frame_top"
	},
	"elements": [
		{
			"name": "base",
			"from": [0, 0, 0],
			"to": [16, 8, 16],
			"faces": {
				"north": {"uv": [0, 8, 16, 16], "texture": "#side", "cullface": "north"},
				"east": {"uv": [0, 8, 16, 16], "texture": "#side", "cullface": "east"},
				"south": {"uv": [0, 8, 16, 16], "texture": "#side", "cullface": "south"},
				"west": {"uv": [0, 8, 16, 16], "texture": "#side", "cullface": "west"},
				"down": {"uv": [0, 0, 16, 16], "texture": "#bottom", "cullface": "down"}
			}
		},
		{
			"name": "base",
			"from": [0.25, 8, 0.25],
			"to": [15.75, 12.5, 15.75],
			"rotation": {"angle": 0, "axis": "y", "origin": [0, 8, 0]},
			"faces": {
				"north": {"uv": [0.25, 3.5, 15.75, 8], "texture": "#side", "cullface": "north"},
				"east": {"uv": [0.25, 3.5, 15.75, 8], "texture": "#side", "cullface": "east"},
				"south": {"uv": [0.25, 3.5, 15.75, 8], "texture": "#side", "cullface": "south"},
				"west": {"uv": [0.25, 3.5, 15.75, 8], "texture": "#side", "cullface": "west"},
				"up": {"uv": [0.25, 0.25, 15.75, 15.75], "texture": "#top"}
			}
		},
		{
			"from": [-0.25, 8, -0.25],
			"to": [1, 13, 1],
			"rotation": {"angle": 0, "axis": "y", "origin": [0, 8, 0]},
			"faces": {
				"north": {"uv": [15, 3, 16, 8], "texture": "#side"},
				"west": {"uv": [0, 3, 1, 8], "texture": "#side"},
				"up": {"uv": [0, 0, 1, 1], "texture": "#top"},
				"down": {"uv": [15, 7, 16, 8], "texture": "#side"}
			}
		},
		{
			"from": [15, 8, -0.25],
			"to": [16.25, 13, 1],
			"rotation": {"angle": 0, "axis": "y", "origin": [15, 8, 0]},
			"faces": {
				"north": {"uv": [0, 3, 1, 8], "texture": "#side"},
				"east": {"uv": [15, 3, 16, 8], "texture": "#side"},
				"up": {"uv": [15, 0, 16, 1], "texture": "#top"},
				"down": {"uv": [15, 7, 16, 8], "texture": "#side"}
			}
		},
		{
			"from": [-0.25, 8, 15],
			"to": [1, 13, 16.25],
			"rotation": {"angle": 0, "axis": "y", "origin": [0, 8, 16]},
			"faces": {
				"south": {"uv": [0, 3, 1, 8], "texture": "#side"},
				"west": {"uv": [15, 3, 16, 8], "texture": "#side"},
				"up": {"uv": [0, 15, 1, 16], "texture": "#top"},
				"down": {"uv": [15, 7, 16, 8], "texture": "#side"}
			}
		},
		{
			"from": [15, 8, 15],
			"to": [16.25, 13, 16.25],
			"rotation": {"angle": 0, "axis": "y", "origin": [15, 8, 16]},
			"faces": {
				"east": {"uv": [15, 3, 16, 8], "texture": "#side"},
				"south": {"uv": [15, 3, 16, 8], "texture": "#side"},
				"up": {"uv": [15, 15, 16, 16], "texture": "#top"},
				"down": {"uv": [15, 7, 16, 8], "texture": "#side"}
			}
		},
		{
			"from": [1, 11, -0.25],
			"to": [15, 13, 1],
			"rotation": {"angle": 0, "axis": "y", "origin": [13, 10, 0]},
			"faces": {
				"north": {"uv": [1, 3, 15, 5], "texture": "#side"},
				"south": {"uv": [1, 0, 15, 2], "texture": "#top"},
				"up": {"uv": [1, 0, 15, 1], "texture": "#top"},
				"down": {"uv": [1, 4, 15, 5], "texture": "#side"}
			}
		},
		{
			"from": [1, 11, 15],
			"to": [15, 13, 16.25],
			"rotation": {"angle": 0, "axis": "y", "origin": [13, 10, 15]},
			"faces": {
				"north": {"uv": [1, 14, 15, 16], "rotation": 180, "texture": "#top"},
				"south": {"uv": [1, 3, 15, 5], "texture": "#side"},
				"up": {"uv": [1, 15, 15, 16], "texture": "#top"},
				"down": {"uv": [1, 4, 15, 5], "texture": "#side"}
			}
		},
		{
			"from": [1, 7, -0.25],
			"to": [2, 11, 0.25],
			"rotation": {"angle": 0, "axis": "y", "origin": [1, 9, 0]},
			"faces": {
				"north": {"uv": [14, 5, 15, 9], "texture": "#side"},
				"east": {"uv": [14, 5, 15, 9], "texture": "#side"},
				"west": {"uv": [14, 5, 15, 9], "texture": "#side"},
				"down": {"uv": [14, 8, 15, 9], "texture": "#side"}
			}
		},
		{
			"from": [2, 10, -0.25],
			"to": [3, 11, 0.25],
			"rotation": {"angle": 0, "axis": "y", "origin": [2, 9, 0]},
			"faces": {
				"north": {"uv": [13, 5, 14, 6], "texture": "#side"},
				"east": {"uv": [13, 5, 14, 6], "texture": "#side"},
				"down": {"uv": [13, 5, 14, 6], "texture": "#side"}
			}
		},
		{
			"from": [2, 10, 15.75],
			"to": [3, 11, 16.25],
			"rotation": {"angle": 0, "axis": "y", "origin": [2, 9, 16]},
			"faces": {
				"east": {"uv": [2, 5, 3, 6], "texture": "#side"},
				"south": {"uv": [2, 5, 3, 6], "texture": "#side"},
				"down": {"uv": [2, 5, 3, 6], "texture": "#side"}
			}
		},
		{
			"from": [1, 7, 15.75],
			"to": [2, 11, 16.25],
			"rotation": {"angle": 0, "axis": "y", "origin": [1, 9, 16]},
			"faces": {
				"east": {"uv": [1, 5, 2, 9], "texture": "#side"},
				"south": {"uv": [1, 5, 2, 9], "texture": "#side"},
				"west": {"uv": [1, 5, 2, 9], "texture": "#side"},
				"down": {"uv": [1, 8, 2, 9], "texture": "#side"}
			}
		},
		{
			"from": [14, 7, 15.75],
			"to": [15, 11, 16.25],
			"rotation": {"angle": 0, "axis": "y", "origin": [14, 9, 16]},
			"faces": {
				"east": {"uv": [14, 5, 15, 9], "texture": "#side"},
				"south": {"uv": [14, 5, 15, 9], "texture": "#side"},
				"west": {"uv": [14, 5, 15, 9], "texture": "#side"},
				"down": {"uv": [14, 8, 15, 9], "texture": "#side"}
			}
		},
		{
			"from": [13, 10, 15.75],
			"to": [14, 11, 16.25],
			"rotation": {"angle": 0, "axis": "y", "origin": [13, 9, 16]},
			"faces": {
				"south": {"uv": [13, 5, 14, 6], "texture": "#side"},
				"west": {"uv": [13, 5, 14, 6], "texture": "#side"},
				"down": {"uv": [13, 5, 14, 6], "texture": "#side"}
			}
		},
		{
			"from": [13, 8, 15.75],
			"to": [14, 9, 16.25],
			"rotation": {"angle": 0, "axis": "y", "origin": [13, 7, 16]},
			"faces": {
				"south": {"uv": [13, 7, 14, 8], "texture": "#side"},
				"west": {"uv": [13, 7, 14, 8], "texture": "#side"},
				"up": {"uv": [13, 7, 14, 8], "texture": "#side"}
			}
		},
		{
			"from": [2, 6, 15.75],
			"to": [14, 8, 16.25],
			"rotation": {"angle": 0, "axis": "y", "origin": [13, 6, 16]},
			"faces": {
				"east": {"uv": [13, 8, 14, 10], "texture": "#side"},
				"south": {"uv": [2, 8, 14, 10], "texture": "#side"},
				"west": {"uv": [2, 8, 3, 10], "texture": "#side"},
				"up": {"uv": [2, 8, 14, 9], "texture": "#side"},
				"down": {"uv": [2, 9, 14, 10], "texture": "#side"}
			}
		},
		{
			"from": [2, 8, 15.75],
			"to": [3, 9, 16.25],
			"rotation": {"angle": 0, "axis": "y", "origin": [2, 7, 16]},
			"faces": {
				"east": {"uv": [2, 7, 3, 8], "texture": "#side"},
				"south": {"uv": [2, 7, 3, 8], "texture": "#side"},
				"up": {"uv": [2, 7, 3, 8], "texture": "#side"}
			}
		},
		{
			"from": [13, 10, -0.25],
			"to": [14, 11, 0.25],
			"rotation": {"angle": 0, "axis": "y", "origin": [13, 9, 0]},
			"faces": {
				"north": {"uv": [2, 5, 3, 6], "texture": "#side"},
				"west": {"uv": [2, 5, 3, 6], "texture": "#side"},
				"down": {"uv": [2, 5, 3, 6], "texture": "#side"}
			}
		},
		{
			"from": [13, 8, -0.25],
			"to": [14, 9, 0.25],
			"rotation": {"angle": 0, "axis": "y", "origin": [13, 7, 0]},
			"faces": {
				"north": {"uv": [2, 7, 3, 8], "texture": "#side"},
				"west": {"uv": [2, 7, 3, 8], "texture": "#side"},
				"up": {"uv": [2, 7, 3, 8], "texture": "#side"}
			}
		},
		{
			"from": [2, 8, -0.25],
			"to": [3, 9, 0.25],
			"rotation": {"angle": 0, "axis": "y", "origin": [2, 7, 0]},
			"faces": {
				"north": {"uv": [13, 7, 14, 8], "texture": "#side"},
				"east": {"uv": [13, 7, 14, 8], "texture": "#side"},
				"up": {"uv": [13, 7, 14, 8], "texture": "#side"}
			}
		},
		{
			"from": [2, 6, -0.25],
			"to": [14, 8, 0.25],
			"rotation": {"angle": 0, "axis": "y", "origin": [2, 9, 0]},
			"faces": {
				"north": {"uv": [2, 8, 14, 10], "texture": "#side"},
				"east": {"uv": [2, 8, 3, 10], "texture": "#side"},
				"west": {"uv": [13, 8, 14, 10], "texture": "#side"},
				"up": {"uv": [2, 8, 14, 9], "rotation": 180, "texture": "#side"},
				"down": {"uv": [2, 9, 14, 10], "rotation": 180, "texture": "#side"}
			}
		},
		{
			"from": [14, 7, -0.25],
			"to": [15, 11, 0.25],
			"rotation": {"angle": 0, "axis": "y", "origin": [13, 9, 0]},
			"faces": {
				"north": {"uv": [1, 5, 2, 9], "texture": "#side"},
				"east": {"uv": [1, 5, 2, 9], "texture": "#side"},
				"west": {"uv": [1, 5, 2, 9], "texture": "#side"},
				"down": {"uv": [1, 8, 2, 9], "texture": "#side"}
			}
		},
		{
			"from": [10, 12.5, 1],
			"to": [14, 13, 2],
			"rotation": {"angle": 0, "axis": "y", "origin": [-1, 12, 1]},
			"faces": {
				"south": {"uv": [10, 1, 14, 2], "texture": "#top"},
				"west": {"uv": [10, 1, 11, 2], "texture": "#top"},
				"up": {"uv": [10, 1, 14, 2], "texture": "#top"}
			}
		},
		{
			"from": [2, 12.5, 1],
			"to": [6, 13, 2],
			"rotation": {"angle": 0, "axis": "y", "origin": [-9, 12, 1]},
			"faces": {
				"east": {"uv": [5, 1, 6, 2], "texture": "#top"},
				"south": {"uv": [2, 1, 6, 2], "texture": "#top"},
				"up": {"uv": [2, 1, 6, 2], "texture": "#top"}
			}
		},
		{
			"from": [2, 12.5, 14],
			"to": [6, 13, 15],
			"rotation": {"angle": 0, "axis": "y", "origin": [-1, 12, 14]},
			"faces": {
				"north": {"uv": [2, 14, 6, 15], "rotation": 180, "texture": "#top"},
				"east": {"uv": [5, 14, 6, 15], "texture": "#top"},
				"up": {"uv": [2, 14, 6, 15], "texture": "#top"}
			}
		},
		{
			"from": [10, 12.5, 14],
			"to": [14, 13, 15],
			"rotation": {"angle": 0, "axis": "y", "origin": [7, 12, 14]},
			"faces": {
				"north": {"uv": [10, 14, 14, 15], "rotation": 180, "texture": "#top"},
				"west": {"uv": [10, 14, 11, 15], "texture": "#top"},
				"up": {"uv": [10, 14, 14, 15], "texture": "#top"}
			}
		},
		{
			"from": [14, 12.5, 1],
			"to": [15, 13, 15],
			"rotation": {"angle": 0, "axis": "y", "origin": [0, 12, 14]},
			"faces": {
				"west": {"uv": [14, 1, 15, 15], "rotation": 270, "texture": "#top"},
				"up": {"uv": [14, 1, 15, 15], "texture": "#top"}
			}
		},
		{
			"from": [13, 12.5, 2],
			"to": [14, 13, 3],
			"rotation": {"angle": 0, "axis": "y", "origin": [-1, 12, 14]},
			"faces": {
				"south": {"uv": [13, 2, 14, 3], "texture": "#top"},
				"west": {"uv": [13, 2, 14, 3], "texture": "#top"},
				"up": {"uv": [13, 2, 14, 3], "texture": "#top"}
			}
		},
		{
			"from": [13, 12.5, 13],
			"to": [14, 13, 14],
			"rotation": {"angle": 0, "axis": "y", "origin": [-1, 12, 25]},
			"faces": {
				"north": {"uv": [13, 13, 14, 14], "texture": "#top"},
				"west": {"uv": [13, 13, 14, 14], "texture": "#top"},
				"up": {"uv": [13, 13, 14, 14], "texture": "#top"}
			}
		},
		{
			"from": [2, 12.5, 13],
			"to": [3, 13, 14],
			"rotation": {"angle": 0, "axis": "y", "origin": [-12, 12, 25]},
			"faces": {
				"north": {"uv": [2, 13, 3, 14], "texture": "#top"},
				"east": {"uv": [2, 13, 3, 14], "texture": "#top"},
				"up": {"uv": [2, 13, 3, 14], "texture": "#top"}
			}
		},
		{
			"from": [2, 12.5, 2],
			"to": [3, 13, 3],
			"rotation": {"angle": 0, "axis": "y", "origin": [-12, 12, 14]},
			"faces": {
				"east": {"uv": [2, 2, 3, 3], "texture": "#top"},
				"south": {"uv": [2, 2, 3, 3], "texture": "#top"},
				"up": {"uv": [2, 2, 3, 3], "texture": "#top"}
			}
		},
		{
			"from": [1, 12.5, 1],
			"to": [2, 13, 15],
			"rotation": {"angle": 0, "axis": "y", "origin": [-13, 12, 14]},
			"faces": {
				"east": {"uv": [1, 1, 2, 15], "rotation": 90, "texture": "#top"},
				"up": {"uv": [1, 1, 2, 15], "texture": "#top"}
			}
		},
		{
			"from": [-0.25, 11, 1],
			"to": [1, 13, 15],
			"rotation": {"angle": 0, "axis": "y", "origin": [-14, 12, 14]},
			"faces": {
				"west": {"uv": [1, 3, 15, 5], "texture": "#side"},
				"up": {"uv": [0, 1, 1, 15], "texture": "#top"},
				"down": {"uv": [1, 4, 15, 5], "rotation": 90, "texture": "#side"}
			}
		},
		{
			"from": [15, 11, 1],
			"to": [16.25, 13, 15],
			"rotation": {"angle": 0, "axis": "y", "origin": [2, 12, 14]},
			"faces": {
				"east": {"uv": [1, 3, 15, 5], "texture": "#side"},
				"up": {"uv": [15, 1, 16, 15], "texture": "#top"},
				"down": {"uv": [1, 4, 15, 5], "rotation": 90, "texture": "#side"}
			}
		},
		{
			"from": [9, 12.5, 2],
			"to": [11, 13, 3],
			"rotation": {"angle": 0, "axis": "y", "origin": [-1, 12, 2]},
			"faces": {
				"north": {"uv": [9, 2, 11, 3], "rotation": 180, "texture": "#top"},
				"east": {"uv": [10, 2, 11, 3], "texture": "#top"},
				"south": {"uv": [9, 2, 11, 3], "texture": "#top"},
				"west": {"uv": [9, 2, 10, 3], "texture": "#top"},
				"up": {"uv": [9, 2, 11, 3], "texture": "#top"}
			}
		},
		{
			"from": [5, 12.5, 2],
			"to": [7, 13, 3],
			"rotation": {"angle": 0, "axis": "y", "origin": [-5, 12, 2]},
			"faces": {
				"north": {"uv": [5, 2, 7, 3], "rotation": 180, "texture": "#top"},
				"east": {"uv": [6, 2, 7, 3], "texture": "#top"},
				"south": {"uv": [5, 2, 7, 3], "texture": "#top"},
				"west": {"uv": [5, 2, 6, 3], "texture": "#top"},
				"up": {"uv": [5, 2, 7, 3], "texture": "#top"}
			}
		},
		{
			"from": [5, 12.5, 13],
			"to": [7, 13, 14],
			"rotation": {"angle": 0, "axis": "y", "origin": [-1, 12, 13]},
			"faces": {
				"north": {"uv": [5, 13, 7, 14], "rotation": 180, "texture": "#top"},
				"east": {"uv": [6, 13, 7, 14], "texture": "#top"},
				"south": {"uv": [5, 13, 7, 14], "texture": "#top"},
				"west": {"uv": [5, 13, 6, 14], "texture": "#top"},
				"up": {"uv": [5, 13, 7, 14], "texture": "#top"}
			}
		},
		{
			"from": [9, 12.5, 13],
			"to": [11, 13, 14],
			"rotation": {"angle": 0, "axis": "y", "origin": [3, 12, 13]},
			"faces": {
				"north": {"uv": [9, 13, 11, 14], "rotation": 180, "texture": "#top"},
				"east": {"uv": [10, 13, 11, 14], "texture": "#top"},
				"south": {"uv": [9, 13, 11, 14], "texture": "#top"},
				"west": {"uv": [9, 13, 10, 14], "texture": "#top"},
				"up": {"uv": [9, 13, 11, 14], "texture": "#top"}
			}
		},
		{
			"from": [6, 12.5, 3],
			"to": [10, 13, 4],
			"rotation": {"angle": 0, "axis": "y", "origin": [-1, 12, 3]},
			"faces": {
				"north": {"uv": [6, 3, 10, 4], "rotation": 180, "texture": "#top"},
				"east": {"uv": [9, 3, 10, 4], "texture": "#top"},
				"west": {"uv": [6, 3, 7, 4], "texture": "#top"},
				"up": {"uv": [6, 3, 10, 4], "texture": "#top"}
			}
		},
		{
			"from": [6, 12.5, 12],
			"to": [10, 13, 13],
			"rotation": {"angle": 0, "axis": "y", "origin": [-1, 12, 12]},
			"faces": {
				"east": {"uv": [9, 12, 10, 13], "texture": "#top"},
				"south": {"uv": [6, 12, 10, 13], "texture": "#top"},
				"west": {"uv": [6, 12, 7, 13], "texture": "#top"},
				"up": {"uv": [6, 12, 10, 13], "texture": "#top"}
			}
		},
		{
			"from": [4, 12.5, 4],
			"to": [12, 13.5, 5],
			"rotation": {"angle": 0, "axis": "y", "origin": [-1, 12, 4]},
			"faces": {
				"north": {"uv": [4, 4, 12, 5], "rotation": 180, "texture": "#top"},
				"east": {"uv": [11, 4, 12, 5], "texture": "#top"},
				"south": {"uv": [4, 4, 12, 5], "texture": "#top"},
				"west": {"uv": [4, 4, 5, 5], "texture": "#top"},
				"up": {"uv": [4, 4, 12, 5], "texture": "#top"}
			}
		},
		{
			"from": [11, 12.5, 5],
			"to": [12, 13.5, 11],
			"rotation": {"angle": 0, "axis": "y", "origin": [-1, 12, 5]},
			"faces": {
				"east": {"uv": [11, 5, 12, 11], "rotation": 90, "texture": "#top"},
				"west": {"uv": [11, 5, 12, 11], "rotation": 270, "texture": "#top"},
				"up": {"uv": [11, 5, 12, 11], "texture": "#top"}
			}
		},
		{
			"from": [4, 12.5, 5],
			"to": [5, 13.5, 11],
			"rotation": {"angle": 0, "axis": "y", "origin": [-8, 12, 5]},
			"faces": {
				"east": {"uv": [4, 5, 5, 11], "rotation": 90, "texture": "#top"},
				"west": {"uv": [4, 5, 5, 11], "rotation": 270, "texture": "#top"},
				"up": {"uv": [4, 5, 5, 11], "texture": "#top"}
			}
		},
		{
			"from": [4, 12.5, 11],
			"to": [12, 13.5, 12],
			"rotation": {"angle": 0, "axis": "y", "origin": [-1, 12, 11]},
			"faces": {
				"north": {"uv": [4, 11, 12, 12], "rotation": 180, "texture": "#top"},
				"east": {"uv": [11, 11, 12, 12], "texture": "#top"},
				"south": {"uv": [4, 11, 12, 12], "texture": "#top"},
				"west": {"uv": [4, 11, 5, 12], "texture": "#top"},
				"up": {"uv": [4, 11, 12, 12], "texture": "#top"}
			}
		},
		{
			"from": [-0.25, 7, 1],
			"to": [0.25, 11, 2],
			"rotation": {"angle": 0, "axis": "y", "origin": [-2, 9, 1]},
			"faces": {
				"north": {"uv": [1, 5, 2, 9], "texture": "#side"},
				"south": {"uv": [1, 5, 2, 9], "texture": "#side"},
				"west": {"uv": [1, 5, 2, 9], "texture": "#side"},
				"down": {"uv": [1, 8, 2, 9], "texture": "#side"}
			}
		},
		{
			"from": [-0.25, 7, 14],
			"to": [0.25, 11, 15],
			"rotation": {"angle": 0, "axis": "y", "origin": [-2, 9, 14]},
			"faces": {
				"north": {"uv": [14, 5, 15, 9], "texture": "#side"},
				"south": {"uv": [14, 5, 15, 9], "texture": "#side"},
				"west": {"uv": [14, 5, 15, 9], "texture": "#side"},
				"down": {"uv": [14, 8, 15, 9], "texture": "#side"}
			}
		},
		{
			"from": [-0.25, 10, 13],
			"to": [0.25, 11, 14],
			"rotation": {"angle": 0, "axis": "y", "origin": [-2, 9, 13]},
			"faces": {
				"north": {"uv": [13, 5, 14, 6], "texture": "#side"},
				"west": {"uv": [13, 5, 14, 6], "texture": "#side"},
				"down": {"uv": [13, 5, 14, 6], "texture": "#side"}
			}
		},
		{
			"from": [-0.25, 10, 2],
			"to": [0.25, 11, 3],
			"rotation": {"angle": 0, "axis": "y", "origin": [-2, 9, 2]},
			"faces": {
				"south": {"uv": [2, 5, 3, 6], "texture": "#side"},
				"west": {"uv": [2, 5, 3, 6], "texture": "#side"},
				"down": {"uv": [2, 5, 3, 6], "texture": "#side"}
			}
		},
		{
			"from": [-0.25, 8, 2],
			"to": [0.25, 9, 3],
			"rotation": {"angle": 0, "axis": "y", "origin": [-2, 7, 2]},
			"faces": {
				"south": {"uv": [2, 7, 3, 8], "texture": "#side"},
				"west": {"uv": [2, 7, 3, 8], "texture": "#side"},
				"up": {"uv": [2, 7, 3, 8], "texture": "#side"}
			}
		},
		{
			"from": [-0.25, 8, 13],
			"to": [0.25, 9, 14],
			"rotation": {"angle": 0, "axis": "y", "origin": [-2, 7, 13]},
			"faces": {
				"north": {"uv": [13, 7, 14, 8], "texture": "#side"},
				"west": {"uv": [13, 7, 14, 8], "texture": "#side"},
				"up": {"uv": [13, 7, 14, 8], "texture": "#side"}
			}
		},
		{
			"from": [-0.25, 6, 2],
			"to": [0.25, 8, 14],
			"rotation": {"angle": 0, "axis": "y", "origin": [-2, 8, 13]},
			"faces": {
				"north": {"uv": [2, 8, 3, 10], "texture": "#side"},
				"south": {"uv": [13, 8, 14, 10], "texture": "#side"},
				"west": {"uv": [2, 8, 14, 10], "texture": "#side"},
				"up": {"uv": [2, 8, 14, 9], "rotation": 90, "texture": "#side"},
				"down": {"uv": [2, 9, 14, 10], "rotation": 270, "texture": "#side"}
			}
		},
		{
			"from": [15.75, 7, 1],
			"to": [16.25, 11, 2],
			"rotation": {"angle": 0, "axis": "y", "origin": [14, 9, 1]},
			"faces": {
				"north": {"uv": [0, 0, 0.5, 4], "texture": "#side"},
				"east": {"uv": [14, 5, 15, 9], "texture": "#side"},
				"south": {"uv": [0, 0, 0.5, 4], "texture": "#side"},
				"west": {"uv": [0, 0, 1, 4], "texture": "#side"},
				"up": {"uv": [0, 0, 0.5, 1], "texture": "#side"},
				"down": {"uv": [0, 0, 0.5, 1], "texture": "#side"}
			}
		},
		{
			"from": [15.75, 10, 2],
			"to": [16.25, 11, 3],
			"rotation": {"angle": 0, "axis": "y", "origin": [14, 9, 2]},
			"faces": {
				"east": {"uv": [13, 5, 14, 6], "texture": "#side"},
				"south": {"uv": [13, 5, 14, 6], "texture": "#side"},
				"down": {"uv": [13, 5, 14, 6], "texture": "#side"}
			}
		},
		{
			"from": [15.75, 8, 2],
			"to": [16.25, 9, 3],
			"rotation": {"angle": 0, "axis": "y", "origin": [14, 7, 2]},
			"faces": {
				"east": {"uv": [13, 7, 14, 8], "texture": "#side"},
				"south": {"uv": [13, 7, 14, 8], "texture": "#side"},
				"up": {"uv": [13, 7, 14, 8], "texture": "#side"}
			}
		},
		{
			"from": [15.75, 6, 2],
			"to": [16.25, 8, 14],
			"rotation": {"angle": 0, "axis": "y", "origin": [14, 8, 13]},
			"faces": {
				"north": {"uv": [13, 8, 14, 10], "texture": "#side"},
				"east": {"uv": [2, 8, 14, 10], "texture": "#side"},
				"south": {"uv": [2, 8, 3, 10], "texture": "#side"},
				"up": {"uv": [2, 8, 14, 9], "rotation": 270, "texture": "#side"},
				"down": {"uv": [2, 9, 14, 10], "rotation": 90, "texture": "#side"}
			}
		},
		{
			"from": [15.75, 8, 13],
			"to": [16.25, 9, 14],
			"rotation": {"angle": 0, "axis": "y", "origin": [14, 7, 13]},
			"faces": {
				"north": {"uv": [2, 7, 3, 8], "texture": "#side"},
				"east": {"uv": [2, 7, 3, 8], "texture": "#side"},
				"up": {"uv": [2, 7, 3, 8], "texture": "#side"}
			}
		},
		{
			"from": [15.75, 10, 13],
			"to": [16.25, 11, 14],
			"rotation": {"angle": 0, "axis": "y", "origin": [14, 9, 13]},
			"faces": {
				"north": {"uv": [2, 5, 3, 6], "texture": "#side"},
				"east": {"uv": [2, 5, 3, 6], "texture": "#side"},
				"down": {"uv": [2, 5, 3, 6], "texture": "#side"}
			}
		},
		{
			"from": [15.75, 7, 14],
			"to": [16.25, 11, 15],
			"rotation": {"angle": 0, "axis": "y", "origin": [14, 9, 14]},
			"faces": {
				"north": {"uv": [1, 5, 2, 9], "texture": "#side"},
				"east": {"uv": [1, 5, 2, 9], "texture": "#side"},
				"south": {"uv": [1, 5, 2, 9], "texture": "#side"},
				"down": {"uv": [1, 8, 2, 9], "texture": "#side"}
			}
		}
	],
	"display": {
		"thirdperson_righthand": {
			"rotation": [75, 45, 0],
			"translation": [0, 2.5, 0],
			"scale": [0.375, 0.375, 0.375]
		},
		"thirdperson_lefthand": {
			"rotation": [75, 45, 0],
			"translation": [0, 2.5, 0],
			"scale": [0.375, 0.375, 0.375]
		},
		"firstperson_righthand": {
			"rotation": [0, 45, 0],
			"scale": [0.4, 0.4, 0.4]
		},
		"firstperson_lefthand": {
			"rotation": [0, 225, 0],
			"scale": [0.4, 0.4, 0.4]
		},
		"ground": {
			"translation": [0, 3, 0],
			"scale": [0.25, 0.25, 0.25]
		},
		"gui": {
			"rotation": [30, 225, 0],
			"scale": [0.625, 0.625, 0.625]
		},
		"fixed": {
			"scale": [0.5, 0.5, 0.5]
		}
	}
}