{
  "head": "head",
  "portraitScale": 1.85,
  "portraitTranslation": [ -0.4, -0.2, 0 ],
  "profileScale": 0.8,
  "profileTranslation": [ 0, 0.4, 0 ],
  "faint": "bedrock(acideon, faint)",
  "poses": {
    "standing": {
      "poseName": "standing",
      "transformTicks": 10,
      "poseTypes": [
        "STAND",
        "NONE",
        "PORTRAIT",
        "PROFILE"
      ],
      "animations": [
        "look",
        "bedrock(acideon, ground_idle)"
      ]
    },
    "walking": {
      "poseName": "walking",
      "transformTicks": 10,
      "poseTypes": [ "WALK" ],
      "animations": [ "bedrock(acideon, ground_run)" ]
    }
  }
}