{
	"format_version": "1.12.0",
	"minecraft:geometry": [
		{
			"description": {
				"identifier": "geometry.spectreon",
				"texture_width": 66,
				"texture_height": 62,
				"visible_bounds_width": 4,
				"visible_bounds_height": 3.5,
				"visible_bounds_offset": [0, 1.25, 0]
			},
			"bones": [
				{
					"name": "eeveeon",
					"pivot": [0, 0, 0]
				},
				{
					"name": "body",
					"parent": "eeveeon",
					"pivot": [0, 9.75, 0]
				},
				{
					"name": "torso",
					"parent": "body",
					"pivot": [0, 9.75, 0],
					"cubes": [
						{"origin": [-3.5, 6.74997, -6.64], "size": [7, 6, 7], "uv": [25, 8]},
						{"origin": [-5, 7.85997, -8.28093], "size": [10, 9, 6], "inflate": 0.3, "pivot": [0, 12.49997, -5.96093], "rotation": [-40, 0, 0], "uv": [0, 0]}
					]
				},
				{
					"name": "leg_front_left",
					"parent": "torso",
					"pivot": [2.5, 9, -4.5],
					"rotation": [7.5, 0, 0],
					"cubes": [
						{"origin": [1, 4.5, -6], "size": [3, 6, 3], "inflate": 0.01, "uv": [30, 46]}
					]
				},
				{
					"name": "leg_front_left2",
					"parent": "leg_front_left",
					"pivot": [2.5, 4.5, -3],
					"rotation": [-22.5, 0, 0],
					"cubes": [
						{"origin": [1, 0.5, -6], "size": [3, 4, 3], "uv": [49, 28]}
					]
				},
				{
					"name": "leg_front_left3",
					"parent": "leg_front_left2",
					"pivot": [2.5, 1, -4.5],
					"rotation": [15, 0, 0],
					"cubes": [
						{"origin": [1, -0.75, -6.25], "size": [3, 2, 3], "inflate": 0.01, "uv": [53, 14]}
					]
				},
				{
					"name": "leg_front_right",
					"parent": "torso",
					"pivot": [-2.5, 9, -4.5],
					"rotation": [7.5, 0, 0],
					"cubes": [
						{"origin": [-4, 4.5, -6], "size": [3, 6, 3], "inflate": 0.01, "uv": [42, 46]}
					]
				},
				{
					"name": "leg_front_right2",
					"parent": "leg_front_right",
					"pivot": [-2.5, 4.5, -3],
					"rotation": [-22.5, 0, 0],
					"cubes": [
						{"origin": [-4, 0.5, -6], "size": [3, 4, 3], "uv": [0, 50]}
					]
				},
				{
					"name": "leg_front_right3",
					"parent": "leg_front_right2",
					"pivot": [-2.5, 1, -4.5],
					"rotation": [15, 0, 0],
					"cubes": [
						{"origin": [-4, -0.75, -6.25], "size": [3, 2, 3], "inflate": 0.01, "uv": [53, 19]}
					]
				},
				{
					"name": "head",
					"parent": "torso",
					"pivot": [0, 12.49997, -5.96093],
					"cubes": [
						{"origin": [-3.5, 10.99997, -11.98], "size": [7, 7, 7], "inflate": 0.01, "uv": [0, 15]},
						{"origin": [-2.5, 10.99997, -13.7], "size": [5, 3, 2], "uv": [52, 44]},
						{"origin": [-0.5, 12.74997, -13.71], "size": [1, 1, 0], "uv": [0, 1]},
						{"origin": [-3.48, 17.81997, -8.96093], "size": [7, 2, 0], "uv": [46, 0]}
					]
				},
				{
					"name": "mouth",
					"parent": "head",
					"pivot": [0, 1, 0.52],
					"cubes": [
						{"origin": [-1, 11.5, -12.89], "size": [2, 1, 0], "uv": [0, 0]}
					]
				},
				{
					"name": "eyes",
					"parent": "head",
					"pivot": [0, 15.12178, -11.96093]
				},
				{
					"name": "eye_right",
					"parent": "eyes",
					"pivot": [-2.515, 15.25, -11.495],
					"cubes": [
						{"origin": [-3.515, 14.25, -11.995], "size": [2, 2, 3], "uv": [43, 57]}
					]
				},
				{
					"name": "eyelid_right",
					"parent": "eye_right",
					"pivot": [-2.415, 15.25, -11.395],
					"cubes": [
						{"origin": [-3.415, 14.25, -11.895], "size": [2, 2, 3], "inflate": 0.01, "uv": [0, 57]}
					]
				},
				{
					"name": "eye_left",
					"parent": "eyes",
					"pivot": [2.515, 15.25, -11.495],
					"cubes": [
						{"origin": [1.515, 14.25, -11.995], "size": [2, 2, 3], "uv": [56, 2]}
					]
				},
				{
					"name": "eyelid_left",
					"parent": "eye_left",
					"pivot": [2.415, 15.25, -11.395],
					"cubes": [
						{"origin": [1.415, 14.25, -11.895], "size": [2, 2, 3], "inflate": 0.01, "uv": [36, 55]}
					]
				},
				{
					"name": "ear_left",
					"parent": "head",
					"pivot": [3.5, 14.99997, -8.96093],
					"rotation": [0, -12.5, 0],
					"cubes": [
						{"origin": [-0.22, 15.99997, -7.96093], "size": [7, 11, 0], "pivot": [3.5, 14.99997, -8.96093], "rotation": [-0.3662, 1.24315, 7.25294], "uv": [26, 35]}
					]
				},
				{
					"name": "ear_right",
					"parent": "head",
					"pivot": [-2.66, 14.99997, -8.96093],
					"rotation": [0, 12.5, 0],
					"cubes": [
						{"origin": [-6.66, 15.99997, -7.96093], "size": [7, 11, 0], "pivot": [-2.66, 14.99997, -8.96093], "rotation": [-0.3662, -1.24315, -7.25294], "uv": [40, 35]}
					]
				},
				{
					"name": "hips",
					"parent": "torso",
					"pivot": [0, 9.74997, 0.01907],
					"cubes": [
						{"origin": [-3.5, 6.74997, 0.36], "size": [7, 6, 7], "uv": [21, 22]}
					]
				},
				{
					"name": "leg_back_right",
					"parent": "hips",
					"pivot": [-2.5, 8.99997, 4.75],
					"rotation": [5, 0, 0],
					"cubes": [
						{"origin": [-4, 4.49997, 2.75], "size": [3, 6, 4], "inflate": 0.01, "uv": [46, 4]}
					]
				},
				{
					"name": "leg_back_right2",
					"parent": "leg_back_right",
					"pivot": [-2.5, 4.49997, 6.25],
					"rotation": [-12.5, 0, 0],
					"cubes": [
						{"origin": [-4, 0.74997, 4.25], "size": [3, 4, 3], "uv": [51, 52]}
					]
				},
				{
					"name": "leg_back_right3",
					"parent": "leg_back_right2",
					"pivot": [-2.5, 1.24997, 5.75],
					"rotation": [7.5, 0, 0],
					"cubes": [
						{"origin": [-4, -0.25003, 4], "size": [3, 2, 3], "inflate": 0.01, "uv": [24, 55]}
					]
				},
				{
					"name": "leg_back_left",
					"parent": "hips",
					"pivot": [2.5, 8.99997, 4.75],
					"rotation": [5, 0, 0],
					"cubes": [
						{"origin": [1, 4.49997, 2.75], "size": [3, 6, 4], "inflate": 0.01, "uv": [16, 42]}
					]
				},
				{
					"name": "leg_back_left2",
					"parent": "leg_back_left",
					"pivot": [2.5, 4.49997, 6.25],
					"rotation": [-12.5, 0, 0],
					"cubes": [
						{"origin": [1, 0.74997, 4.25], "size": [3, 4, 3], "uv": [12, 52]}
					]
				},
				{
					"name": "leg_back_left3",
					"parent": "leg_back_left2",
					"pivot": [2.5, 1.24997, 5.75],
					"rotation": [7.5, 0, 0],
					"cubes": [
						{"origin": [1, -0.25003, 4], "size": [3, 2, 3], "inflate": 0.01, "uv": [54, 35]}
					]
				},
				{
					"name": "tail",
					"parent": "hips",
					"pivot": [0.07143, 8.71854, 6.78336],
					"cubes": [
						{"origin": [-1.92857, 9.27854, 5.78336], "size": [4, 4, 4], "pivot": [0.07143, 11.71854, 6.78336], "rotation": [32.5, 0, 0], "uv": [0, 42]},
						{"origin": [-2.92857, 9.56412, 8.25127], "size": [6, 6, 7], "pivot": [0.07143, 11.71854, 8.78336], "rotation": [40, 0, 0], "uv": [0, 29]},
						{"origin": [-2.44857, 14.63996, 10.52956], "size": [5, 4, 4], "pivot": [0.07143, 16.47854, 12.98336], "rotation": [47.5, 0, 0], "uv": [32, 0]},
						{"origin": [-1.44857, 16.96754, 10.59112], "size": [3, 2, 5], "pivot": [0.07143, 17.15854, 14.38336], "rotation": [50, 0, 0], "uv": [42, 21]}
					]
				}
			]
		}
	]
}