{
	"credit": "Made by TheWaschtlPlays using Blockbench",
	"ambientocclusion": false,
	"textures": {
		"1": "cherry_door/cherry_door_side_0",
		"2": "cherry_door/cherry_door_side_1",
		"particle": "cherry_door/cherry_door_bottom",
		"bottom": "cherry_door/cherry_door_bottom"
	},
	"elements": [
		{
			"from": [0, 0, 12],
			"to": [3, 16, 16],
			"rotation": {"angle": 0, "axis": "y", "origin": [0, 0, 16]},
			"faces": {
				"north": {"uv": [16, 0, 13, 16], "texture": "#2"},
				"east": {"uv": [0, 0, 4, 16], "texture": "#bottom"},
				"south": {"uv": [10, 0, 13, 16], "texture": "#2", "cullface": "south"},
				"west": {"uv": [4, 0, 0, 16], "texture": "#bottom", "cullface": "west"},
				"down": {"uv": [4, 3.25, 0, 5.75], "rotation": 270, "texture": "#1", "cullface": "down"}
			}
		},
		{
			"from": [0, 0, 0],
			"to": [3, 16, 4],
			"rotation": {"angle": 0, "axis": "y", "origin": [0, 0, 16]},
			"faces": {
				"north": {"uv": [16, 0, 13, 16], "texture": "#2", "cullface": "north"},
				"east": {"uv": [12, 0, 16, 16], "texture": "#bottom"},
				"south": {"uv": [13, 0, 16, 16], "texture": "#2"},
				"west": {"uv": [16, 0, 12, 16], "texture": "#bottom", "cullface": "west"},
				"down": {"uv": [16, 3.25, 12, 5.75], "rotation": 270, "texture": "#1", "cullface": "down"}
			}
		},
		{
			"from": [0.25, 0, 4],
			"to": [2.75, 11, 12],
			"rotation": {"angle": 0, "axis": "y", "origin": [0, 0, 16]},
			"faces": {
				"east": {"uv": [4, 5, 12, 16], "texture": "#bottom"},
				"west": {"uv": [12, 5, 4, 16], "texture": "#bottom", "cullface": "west"},
				"down": {"uv": [4, 3.25, 12, 5.75], "rotation": 90, "texture": "#1", "cullface": "down"}
			}
		},
		{
			"from": [0, 11, 4],
			"to": [3, 15, 12],
			"rotation": {"angle": 0, "axis": "y", "origin": [0, 0, 16]},
			"faces": {
				"east": {"uv": [4, 1, 12, 5], "texture": "#bottom"},
				"west": {"uv": [12, 1, 4, 5], "texture": "#bottom", "cullface": "west"},
				"up": {"uv": [12, 0, 4, 3], "rotation": 90, "texture": "#1"},
				"down": {"uv": [12, 3, 4, 6], "rotation": 90, "texture": "#1"}
			}
		},
		{
			"name": "HingeUP",
			"from": [-0.25, 14.75, 15],
			"to": [3.25, 17.25, 16.25],
			"rotation": {"angle": 0, "axis": "y", "origin": [7.75, 23, 8]},
			"faces": {
				"north": {"uv": [1, 10, 0, 12], "texture": "#bottom"},
				"east": {"uv": [1, 10, 0, 12], "texture": "#bottom"},
				"south": {"uv": [1, 10, 0, 12], "texture": "#bottom"},
				"west": {"uv": [1, 10, 0, 12], "texture": "#bottom"},
				"up": {"uv": [0, 11, 1, 10], "texture": "#bottom"},
				"down": {"uv": [0, 12, 1, 11], "texture": "#bottom"}
			}
		},
		{
			"name": "HingeDWN",
			"from": [-0.25, 3.75, 15],
			"to": [3.25, 6.25, 16.25],
			"rotation": {"angle": 0, "axis": "y", "origin": [7.75, 12, 8]},
			"faces": {
				"north": {"uv": [1, 10, 0, 12], "texture": "#bottom"},
				"east": {"uv": [1, 10, 0, 12], "texture": "#bottom"},
				"south": {"uv": [1, 10, 0, 12], "texture": "#bottom"},
				"west": {"uv": [1, 10, 0, 12], "texture": "#bottom"},
				"up": {"uv": [0, 11, 1, 10], "texture": "#bottom"},
				"down": {"uv": [0, 12, 1, 11], "texture": "#bottom"}
			}
		},
		{
			"from": [-0.25, 10, 9],
			"to": [3.25, 12, 10],
			"rotation": {"angle": 0, "axis": "y", "origin": [0, 0, 16]},
			"faces": {
				"north": {"uv": [7, 4, 6, 6], "texture": "#bottom"},
				"east": {"uv": [7, 4, 6, 6], "texture": "#bottom"},
				"south": {"uv": [7, 4, 6, 6], "texture": "#bottom"},
				"west": {"uv": [7, 4, 6, 6], "texture": "#bottom", "cullface": "west"},
				"up": {"uv": [6, 5, 7, 4], "texture": "#bottom"},
				"down": {"uv": [6, 6, 7, 5], "texture": "#bottom"}
			}
		},
		{
			"from": [-0.25, 10, 6],
			"to": [3.25, 12, 7],
			"rotation": {"angle": 0, "axis": "y", "origin": [0, 0, 16]},
			"faces": {
				"north": {"uv": [10, 4, 9, 6], "texture": "#bottom"},
				"east": {"uv": [10, 4, 9, 6], "texture": "#bottom"},
				"south": {"uv": [10, 4, 9, 6], "texture": "#bottom"},
				"west": {"uv": [10, 4, 9, 6], "texture": "#bottom", "cullface": "west"},
				"up": {"uv": [9, 5, 10, 4], "texture": "#bottom"},
				"down": {"uv": [9, 6, 10, 5], "texture": "#bottom"}
			}
		},
		{
			"from": [-0.25, 9, 7],
			"to": [3.25, 10, 9],
			"rotation": {"angle": 0, "axis": "y", "origin": [0, 0, 16]},
			"faces": {
				"north": {"uv": [10, 4, 9, 6], "texture": "#bottom"},
				"east": {"uv": [10, 4, 9, 6], "texture": "#bottom"},
				"south": {"uv": [10, 4, 9, 6], "texture": "#bottom"},
				"west": {"uv": [9, 6, 7, 7], "texture": "#bottom", "cullface": "west"},
				"up": {"uv": [9, 6, 10, 4], "texture": "#bottom"},
				"down": {"uv": [9, 6, 10, 4], "texture": "#bottom"}
			}
		},
		{
			"from": [-0.25, 12, 7],
			"to": [3.25, 13, 9],
			"rotation": {"angle": 0, "axis": "y", "origin": [0, 0, 16]},
			"faces": {
				"north": {"uv": [9, 3, 7, 4], "texture": "#bottom"},
				"east": {"uv": [9, 3, 7, 4], "texture": "#bottom"},
				"south": {"uv": [9, 3, 7, 4], "texture": "#bottom"},
				"west": {"uv": [9, 3, 7, 4], "texture": "#bottom", "cullface": "west"},
				"up": {"uv": [7, 4, 9, 3], "texture": "#bottom"},
				"down": {"uv": [7, 4, 9, 3], "texture": "#bottom"}
			}
		}
	],
	"groups": [
		0,
		1,
		2,
		3,
		4,
		5,
		{
			"name": "Handle",
			"origin": [0, 0, 0],
			"color": 0,
			"children": [6, 7, 8, 9]
		}
	]
}