{
	"credit": "Made by TheWaschtlPlays using Blockbench",
	"ambientocclusion": false,
	"textures": {
		"1": "cherry_door/cherry_door_side_0",
		"2": "cherry_door/cherry_door_side_1",
		"particle": "cherry_door/cherry_door_bottom",
		"bottom": "cherry_door/cherry_door_bottom"
	},
	"elements": [
		{
			"from": [0, 0, 0],
			"to": [3, 16, 4],
			"faces": {
				"north": {"uv": [13, 0, 10, 16], "texture": "#2", "cullface": "north"},
				"east": {"uv": [4, 0, 0, 16], "texture": "#bottom"},
				"south": {"uv": [13, 0, 16, 16], "texture": "#2"},
				"west": {"uv": [0, 0, 4, 16], "texture": "#bottom", "cullface": "west"},
				"down": {"uv": [0, 3.25, 4, 5.75], "rotation": 270, "texture": "#1", "cullface": "down"}
			}
		},
		{
			"from": [0, 0, 12],
			"to": [3, 16, 16],
			"faces": {
				"north": {"uv": [16, 0, 13, 16], "texture": "#2"},
				"east": {"uv": [16, 0, 12, 16], "texture": "#bottom"},
				"south": {"uv": [13, 0, 16, 16], "texture": "#2", "cullface": "south"},
				"west": {"uv": [12, 0, 16, 16], "texture": "#bottom", "cullface": "west"},
				"down": {"uv": [12, 3.25, 16, 5.75], "rotation": 270, "texture": "#1", "cullface": "down"}
			}
		},
		{
			"from": [0.25, 0, 4],
			"to": [2.75, 11, 12],
			"faces": {
				"east": {"uv": [12, 5, 4, 16], "texture": "#bottom"},
				"west": {"uv": [4, 5, 12, 16], "texture": "#bottom", "cullface": "west"},
				"down": {"uv": [12, 3.25, 4, 5.75], "rotation": 90, "texture": "#1", "cullface": "down"}
			}
		},
		{
			"from": [0, 11, 4],
			"to": [3, 15, 12],
			"faces": {
				"east": {"uv": [12, 1, 4, 5], "texture": "#bottom"},
				"west": {"uv": [4, 1, 12, 5], "texture": "#bottom", "cullface": "west"},
				"up": {"uv": [4, 0, 12, 3], "rotation": 90, "texture": "#1"},
				"down": {"uv": [4, 3, 12, 6], "rotation": 90, "texture": "#1"}
			}
		},
		{
			"name": "HingeUP",
			"from": [-0.25, 14.75, -0.25],
			"to": [3.25, 17.25, 1],
			"rotation": {"angle": 0, "axis": "y", "origin": [7.75, 23, 8]},
			"faces": {
				"north": {"uv": [0, 10, 1, 12], "texture": "#bottom"},
				"east": {"uv": [0, 10, 1, 12], "texture": "#bottom"},
				"south": {"uv": [0, 10, 1, 12], "texture": "#bottom"},
				"west": {"uv": [0, 10, 1, 12], "texture": "#bottom"},
				"up": {"uv": [0, 10, 1, 11], "texture": "#bottom"},
				"down": {"uv": [0, 11, 1, 12], "texture": "#bottom"}
			}
		},
		{
			"name": "HingeDWN",
			"from": [-0.25, 3.75, -0.25],
			"to": [3.25, 6.25, 1],
			"rotation": {"angle": 0, "axis": "y", "origin": [7.75, 12, 8]},
			"faces": {
				"north": {"uv": [0, 10, 1, 12], "texture": "#bottom"},
				"east": {"uv": [0, 10, 1, 12], "texture": "#bottom"},
				"south": {"uv": [0, 10, 1, 12], "texture": "#bottom"},
				"west": {"uv": [0, 10, 1, 12], "texture": "#bottom"},
				"up": {"uv": [0, 10, 1, 11], "texture": "#bottom"},
				"down": {"uv": [0, 11, 1, 12], "texture": "#bottom"}
			}
		},
		{
			"from": [-0.25, 10, 6],
			"to": [3.25, 12, 7],
			"faces": {
				"north": {"uv": [6, 4, 7, 6], "texture": "#bottom"},
				"east": {"uv": [6, 4, 7, 6], "texture": "#bottom"},
				"south": {"uv": [6, 4, 7, 6], "texture": "#bottom"},
				"west": {"uv": [6, 4, 7, 6], "texture": "#bottom", "cullface": "west"},
				"up": {"uv": [6, 4, 7, 6], "texture": "#bottom"},
				"down": {"uv": [6, 4, 7, 6], "texture": "#bottom"}
			}
		},
		{
			"from": [-0.25, 10, 9],
			"to": [3.25, 12, 10],
			"faces": {
				"north": {"uv": [9, 4, 10, 6], "texture": "#bottom"},
				"east": {"uv": [9, 4, 10, 6], "texture": "#bottom"},
				"south": {"uv": [9, 4, 10, 6], "texture": "#bottom"},
				"west": {"uv": [9, 4, 10, 6], "texture": "#bottom", "cullface": "west"},
				"up": {"uv": [9, 4, 10, 6], "texture": "#bottom"},
				"down": {"uv": [9, 4, 10, 6], "texture": "#bottom"}
			}
		},
		{
			"from": [-0.25, 9, 7],
			"to": [3.25, 10, 9],
			"faces": {
				"north": {"uv": [9, 4, 10, 6], "texture": "#bottom"},
				"east": {"uv": [9, 4, 10, 6], "texture": "#bottom"},
				"south": {"uv": [9, 4, 10, 6], "texture": "#bottom"},
				"west": {"uv": [7, 6, 9, 7], "texture": "#bottom", "cullface": "west"},
				"up": {"uv": [9, 4, 10, 6], "texture": "#bottom"},
				"down": {"uv": [9, 4, 10, 6], "texture": "#bottom"}
			}
		},
		{
			"from": [-0.25, 12, 7],
			"to": [3.25, 13, 9],
			"faces": {
				"north": {"uv": [7, 3, 9, 4], "texture": "#bottom"},
				"east": {"uv": [7, 3, 9, 4], "texture": "#bottom"},
				"south": {"uv": [7, 3, 9, 4], "texture": "#bottom"},
				"west": {"uv": [7, 3, 9, 4], "texture": "#bottom", "cullface": "west"},
				"up": {"uv": [7, 3, 9, 4], "texture": "#bottom"},
				"down": {"uv": [7, 3, 9, 4], "texture": "#bottom"}
			}
		}
	],
	"groups": [
		0,
		1,
		2,
		3,
		4,
		5,
		{
			"name": "Handle",
			"origin": [0, 0, 0],
			"color": 0,
			"children": [6, 7, 8, 9]
		}
	]
}