{
	"credit": "Made with Blockbench",
	"textures": {
		"particle": "block/enchanting_table/enchanting_table_bottom",
		"bottom": "block/enchanting_table/enchanting_table_bottom",
		"side": "block/enchanting_table/enchanting_table_side",
		"top": "block/enchanting_table/enchanting_table_top"
	},
	"elements": [
		{
			"name": "base",
			"from": [1, 3, 1],
			"to": [15, 11.5, 15],
			"faces": {
				"north": {"uv": [1, 4.5, 15, 13], "texture": "#side"},
				"east": {"uv": [1, 4.5, 15, 13], "texture": "#side"},
				"south": {"uv": [1, 4.5, 15, 13], "texture": "#side"},
				"west": {"uv": [1, 4.5, 15, 13], "texture": "#side"},
				"up": {"uv": [1, 1, 15, 15], "texture": "#top"}
			}
		},
		{
			"name": "base_nw",
			"from": [0.5, 2, 0.5],
			"to": [7, 5, 11],
			"faces": {
				"north": {"uv": [7, 1, 1, 4], "texture": "#bottom"},
				"east": {"uv": [6, 1, 7, 4], "texture": "#bottom"},
				"south": {"uv": [1, 10, 4, 11], "rotation": 90, "texture": "#bottom"},
				"west": {"uv": [1, 11, 4, 1], "rotation": 90, "texture": "#bottom"},
				"up": {"uv": [1, 1, 7, 11], "texture": "#bottom"}
			}
		},
		{
			"name": "base_ne",
			"from": [7, 2, 0.5],
			"to": [15.5, 4, 10],
			"faces": {
				"north": {"uv": [15, 1, 7, 3], "texture": "#bottom"},
				"east": {"uv": [13, 10, 15, 1], "rotation": 270, "texture": "#bottom"},
				"up": {"uv": [7, 1, 15, 10], "texture": "#bottom"}
			}
		},
		{
			"name": "base_sw",
			"from": [0.5, 2, 11],
			"to": [8, 4, 15.5],
			"faces": {
				"south": {"uv": [0, 16, 7, 14], "texture": "#bottom"},
				"west": {"uv": [0, 16, 2, 12], "rotation": 90, "texture": "#bottom"},
				"up": {"uv": [0, 12, 7, 16], "texture": "#bottom"}
			}
		},
		{
			"name": "base_se",
			"from": [8, 2, 10],
			"to": [15.5, 6, 15.5],
			"faces": {
				"north": {"uv": [15, 11, 11, 10], "rotation": 90, "texture": "#bottom"},
				"east": {"uv": [11, 15, 15, 10], "rotation": 270, "texture": "#bottom"},
				"south": {"uv": [15, 11, 8, 15], "rotation": 180, "texture": "#bottom"},
				"west": {"uv": [8, 11, 9, 15], "rotation": 180, "texture": "#bottom"},
				"up": {"uv": [8, 10, 15, 15], "texture": "#bottom"}
			}
		},
		{
			"name": "bottom",
			"from": [0, 0, 0],
			"to": [16, 2, 16],
			"faces": {
				"north": {"uv": [0, 16, 2, 0], "rotation": 90, "texture": "#bottom", "cullface": "north"},
				"east": {"uv": [16, 0, 0, 2], "texture": "#bottom", "cullface": "east"},
				"south": {"uv": [14, 16, 16, 0], "rotation": 270, "texture": "#bottom", "cullface": "south"},
				"west": {"uv": [16, 14, 0, 16], "rotation": 180, "texture": "#bottom", "cullface": "west"},
				"up": {"uv": [0, 0, 16, 16], "rotation": 90, "texture": "#bottom"},
				"down": {"uv": [0, 0, 16, 16], "rotation": 270, "texture": "#bottom", "cullface": "down"}
			}
		},
		{
			"name": "diamond_nw_base",
			"from": [0, 9, 0],
			"to": [3, 12, 3],
			"faces": {
				"north": {"uv": [13, 4, 16, 7], "texture": "#side", "cullface": "north"},
				"west": {"uv": [0, 4, 3, 7], "texture": "#side", "cullface": "west"},
				"up": {"uv": [0, 0, 3, 3], "texture": "#top"}
			}
		},
		{
			"name": "diamond_nw_top_1",
			"from": [3, 11, 0],
			"to": [4, 12, 3],
			"faces": {
				"north": {"uv": [3, 0, 4, 1], "texture": "#top", "cullface": "north"},
				"east": {"uv": [3, 0, 4, 3], "rotation": 90, "texture": "#top"},
				"south": {"uv": [3, 2, 4, 3], "texture": "#top"},
				"up": {"uv": [3, 0, 4, 3], "texture": "#top"}
			}
		},
		{
			"name": "diamond_nw_top_2",
			"from": [0, 11, 3],
			"to": [3, 12, 4],
			"faces": {
				"east": {"uv": [2, 3, 3, 4], "rotation": 180, "texture": "#top"},
				"south": {"uv": [0, 3, 3, 4], "texture": "#top"},
				"west": {"uv": [0, 3, 1, 4], "texture": "#top", "cullface": "west"},
				"up": {"uv": [0, 3, 3, 4], "texture": "#top"}
			}
		},
		{
			"name": "diamond_nw_side_1",
			"from": [3, 9, 0],
			"to": [4, 11, 1],
			"faces": {
				"north": {"uv": [12, 5, 13, 7], "texture": "#side", "cullface": "north"},
				"east": {"uv": [12, 5, 13, 7], "texture": "#side"},
				"down": {"uv": [12, 6, 13, 7], "texture": "#side"}
			}
		},
		{
			"name": "diamond_nw_side_2",
			"from": [0, 9, 3],
			"to": [1, 11, 4],
			"faces": {
				"south": {"uv": [3, 5, 4, 7], "texture": "#side"},
				"west": {"uv": [3, 5, 4, 7], "texture": "#side", "cullface": "west"},
				"down": {"uv": [3, 6, 4, 7], "rotation": 180, "texture": "#side"}
			}
		},
		{
			"name": "diamond_nw_bottom_1",
			"from": [1, 8, 0],
			"to": [3, 9, 1],
			"faces": {
				"north": {"uv": [13, 7, 15, 8], "texture": "#side", "cullface": "north"},
				"east": {"uv": [13, 7, 14, 8], "texture": "#side"},
				"down": {"uv": [13, 7, 15, 8], "rotation": 180, "texture": "#side"}
			}
		},
		{
			"name": "diamond_nw_bottom_2",
			"from": [0, 8, 0],
			"to": [1, 9, 3],
			"faces": {
				"north": {"uv": [15, 7, 16, 8], "texture": "#side", "cullface": "north"},
				"south": {"uv": [2, 7, 3, 8], "texture": "#side"},
				"west": {"uv": [0, 7, 3, 8], "texture": "#side", "cullface": "west"},
				"down": {"uv": [0, 7, 3, 8], "rotation": 270, "texture": "#side"}
			}
		},
		{
			"name": "diamond_ne_base",
			"from": [13, 9, 0],
			"to": [16, 12, 3],
			"faces": {
				"north": {"uv": [0, 4, 3, 7], "texture": "#side", "cullface": "north"},
				"east": {"uv": [13, 4, 16, 7], "texture": "#side", "cullface": "east"},
				"up": {"uv": [13, 0, 16, 3], "texture": "#top"}
			}
		},
		{
			"name": "diamond_ne_top_1",
			"from": [13, 11, 3],
			"to": [16, 12, 4],
			"faces": {
				"east": {"uv": [15, 3, 16, 4], "rotation": 180, "texture": "#top", "cullface": "east"},
				"south": {"uv": [13, 3, 16, 4], "texture": "#top"},
				"west": {"uv": [13, 3, 14, 4], "texture": "#top"},
				"up": {"uv": [13, 3, 16, 4], "texture": "#top"}
			}
		},
		{
			"name": "diamond_ne_top_2",
			"from": [12, 11, 0],
			"to": [13, 12, 3],
			"faces": {
				"north": {"uv": [12, 0, 13, 1], "texture": "#top", "cullface": "north"},
				"south": {"uv": [12, 2, 13, 3], "texture": "#top"},
				"west": {"uv": [12, 0, 13, 3], "rotation": 270, "texture": "#top"},
				"up": {"uv": [12, 0, 13, 3], "texture": "#top"}
			}
		},
		{
			"name": "diamond_ne_side_1",
			"from": [15, 9, 3],
			"to": [16, 11, 4],
			"faces": {
				"east": {"uv": [12, 5, 13, 7], "texture": "#side", "cullface": "east"},
				"south": {"uv": [12, 5, 13, 7], "texture": "#side"},
				"down": {"uv": [12, 6, 13, 7], "rotation": 180, "texture": "#side"}
			}
		},
		{
			"name": "diamond_ne_side_2",
			"from": [12, 9, 0],
			"to": [13, 11, 1],
			"faces": {
				"north": {"uv": [3, 5, 4, 7], "texture": "#side", "cullface": "north"},
				"west": {"uv": [3, 5, 4, 7], "texture": "#side"},
				"down": {"uv": [3, 6, 4, 7], "texture": "#side"}
			}
		},
		{
			"name": "diamond_ne_bottom_1",
			"from": [15, 8, 1],
			"to": [16, 9, 3],
			"faces": {
				"east": {"uv": [13, 7, 15, 8], "texture": "#side", "cullface": "east"},
				"south": {"uv": [13, 7, 14, 8], "texture": "#side"},
				"down": {"uv": [13, 7, 15, 8], "rotation": 90, "texture": "#side"}
			}
		},
		{
			"name": "diamond_ne_bottom_2",
			"from": [13, 8, 0],
			"to": [16, 9, 1],
			"faces": {
				"north": {"uv": [0, 7, 3, 8], "texture": "#side", "cullface": "north"},
				"east": {"uv": [15, 7, 16, 8], "texture": "#side", "cullface": "east"},
				"west": {"uv": [2, 7, 3, 8], "texture": "#side"},
				"down": {"uv": [0, 7, 3, 8], "rotation": 180, "texture": "#side"}
			}
		},
		{
			"name": "diamond_sw_base",
			"from": [0, 9, 13],
			"to": [3, 12, 16],
			"faces": {
				"south": {"uv": [0, 4, 3, 7], "texture": "#side", "cullface": "south"},
				"west": {"uv": [13, 4, 16, 7], "texture": "#side", "cullface": "west"},
				"up": {"uv": [0, 13, 3, 16], "texture": "#top"}
			}
		},
		{
			"name": "diamond_sw_top_1",
			"from": [0, 11, 12],
			"to": [3, 12, 13],
			"faces": {
				"north": {"uv": [0, 12, 3, 13], "rotation": 180, "texture": "#top"},
				"east": {"uv": [2, 12, 3, 13], "texture": "#top"},
				"west": {"uv": [0, 12, 1, 13], "texture": "#top", "cullface": "west"},
				"up": {"uv": [0, 12, 3, 13], "texture": "#top"}
			}
		},
		{
			"name": "diamond_sw_top_2",
			"from": [3, 11, 13],
			"to": [4, 12, 16],
			"faces": {
				"north": {"uv": [3, 13, 4, 14], "texture": "#top"},
				"east": {"uv": [3, 13, 4, 16], "rotation": 90, "texture": "#top"},
				"south": {"uv": [3, 15, 4, 16], "texture": "#top", "cullface": "south"},
				"up": {"uv": [3, 13, 4, 16], "texture": "#top"}
			}
		},
		{
			"name": "diamond_sw_side_1",
			"from": [0, 9, 12],
			"to": [1, 11, 13],
			"faces": {
				"north": {"uv": [12, 5, 13, 7], "texture": "#side"},
				"west": {"uv": [12, 5, 13, 7], "texture": "#side", "cullface": "west"},
				"down": {"uv": [12, 6, 13, 7], "texture": "#side"}
			}
		},
		{
			"name": "diamond_sw_side_2",
			"from": [3, 9, 15],
			"to": [4, 11, 16],
			"faces": {
				"east": {"uv": [3, 5, 4, 7], "texture": "#side"},
				"south": {"uv": [3, 5, 4, 7], "texture": "#side", "cullface": "south"},
				"down": {"uv": [3, 6, 4, 7], "texture": "#side"}
			}
		},
		{
			"name": "diamond_sw_bottom_1",
			"from": [0, 8, 13],
			"to": [1, 9, 15],
			"faces": {
				"north": {"uv": [13, 7, 14, 8], "texture": "#side"},
				"west": {"uv": [13, 7, 15, 8], "texture": "#side", "cullface": "west"},
				"down": {"uv": [13, 7, 15, 8], "rotation": 270, "texture": "#side"}
			}
		},
		{
			"name": "diamond_sw_bottom_2",
			"from": [0, 8, 15],
			"to": [3, 9, 16],
			"faces": {
				"east": {"uv": [2, 7, 3, 8], "texture": "#side"},
				"south": {"uv": [0, 7, 3, 8], "texture": "#side", "cullface": "south"},
				"west": {"uv": [15, 7, 16, 8], "texture": "#side", "cullface": "west"},
				"down": {"uv": [0, 7, 3, 8], "texture": "#side"}
			}
		},
		{
			"name": "diamond_se_base",
			"from": [13, 9, 13],
			"to": [16, 12, 16],
			"rotation": {"angle": 0, "axis": "y", "origin": [13, 9, 13]},
			"faces": {
				"east": {"uv": [0, 4, 3, 7], "texture": "#side", "cullface": "east"},
				"south": {"uv": [13, 4, 16, 7], "texture": "#side", "cullface": "south"},
				"up": {"uv": [13, 13, 16, 16], "texture": "#top"}
			}
		},
		{
			"name": "diamond_se_top_1",
			"from": [12, 11, 13],
			"to": [13, 12, 16],
			"rotation": {"angle": 0, "axis": "y", "origin": [11, 10, 13]},
			"faces": {
				"north": {"uv": [12, 13, 13, 14], "texture": "#top"},
				"south": {"uv": [12, 15, 13, 16], "texture": "#top", "cullface": "south"},
				"west": {"uv": [12, 13, 13, 16], "rotation": 270, "texture": "#top"},
				"up": {"uv": [12, 13, 13, 16], "texture": "#top"}
			}
		},
		{
			"name": "diamond_se_top_2",
			"from": [13, 11, 12],
			"to": [16, 12, 13],
			"rotation": {"angle": 0, "axis": "y", "origin": [12, 10, 12]},
			"faces": {
				"north": {"uv": [13, 12, 16, 13], "rotation": 180, "texture": "#top"},
				"east": {"uv": [15, 12, 16, 13], "texture": "#top", "cullface": "east"},
				"west": {"uv": [13, 12, 14, 13], "texture": "#top"},
				"up": {"uv": [13, 12, 16, 13], "texture": "#top"}
			}
		},
		{
			"name": "diamond_se_side_1",
			"from": [12, 9, 15],
			"to": [13, 11, 16],
			"rotation": {"angle": 0, "axis": "y", "origin": [11, 10, 14]},
			"faces": {
				"south": {"uv": [12, 5, 13, 7], "texture": "#side", "cullface": "south"},
				"west": {"uv": [12, 5, 13, 7], "texture": "#side"},
				"down": {"uv": [12, 6, 13, 7], "texture": "#side"}
			}
		},
		{
			"name": "diamond_se_side_2",
			"from": [15, 9, 12],
			"to": [16, 11, 13],
			"rotation": {"angle": 0, "axis": "y", "origin": [12, 9, 12]},
			"faces": {
				"north": {"uv": [3, 5, 4, 7], "texture": "#side"},
				"east": {"uv": [3, 5, 4, 7], "texture": "#side", "cullface": "east"},
				"down": {"uv": [3, 6, 4, 7], "texture": "#side"}
			}
		},
		{
			"name": "diamond_se_bottom_1",
			"from": [13, 8, 15],
			"to": [15, 9, 16],
			"rotation": {"angle": 0, "axis": "y", "origin": [11, 7, 12]},
			"faces": {
				"south": {"uv": [13, 7, 15, 8], "texture": "#side", "cullface": "south"},
				"west": {"uv": [13, 7, 14, 8], "texture": "#side"},
				"down": {"uv": [13, 7, 15, 8], "texture": "#side"}
			}
		},
		{
			"name": "diamond_se_bottom_2",
			"from": [15, 8, 13],
			"to": [16, 9, 16],
			"rotation": {"angle": 0, "axis": "y", "origin": [12, 7, 12]},
			"faces": {
				"north": {"uv": [2, 7, 3, 8], "texture": "#side"},
				"east": {"uv": [0, 7, 3, 8], "texture": "#side", "cullface": "east"},
				"south": {"uv": [15, 7, 16, 8], "texture": "#side", "cullface": "south"},
				"down": {"uv": [0, 7, 3, 8], "rotation": 90, "texture": "#side"}
			}
		},
		{
			"name": "cloth_north_1",
			"from": [4, 10, 0.5],
			"to": [12, 11.5, 1],
			"rotation": {"angle": 0, "axis": "y", "origin": [8, 10.75, 0.75]},
			"faces": {
				"north": {"uv": [4, 4.5, 12, 6], "texture": "#side"},
				"up": {"uv": [4, 0, 12, 1], "texture": "#top"},
				"down": {"uv": [4, 5, 12, 6], "texture": "#side"}
			}
		},
		{
			"name": "cloth_north_2",
			"from": [5, 9, 0.5],
			"to": [11, 10, 1],
			"rotation": {"angle": 0, "axis": "y", "origin": [8, 9.5, 0.75]},
			"faces": {
				"north": {"uv": [5, 6, 11, 7], "texture": "#side"},
				"east": {"uv": [5, 6, 6, 7], "texture": "#side"},
				"west": {"uv": [10, 6, 11, 7], "texture": "#side"},
				"down": {"uv": [5, 6, 11, 7], "texture": "#side"}
			}
		},
		{
			"name": "cloth_north_3",
			"from": [6, 8, 0.5],
			"to": [10, 9, 1],
			"rotation": {"angle": 0, "axis": "y", "origin": [8, 8.5, 0.75]},
			"faces": {
				"north": {"uv": [6, 7, 10, 8], "texture": "#side"},
				"east": {"uv": [6, 7, 7, 8], "texture": "#side"},
				"west": {"uv": [9, 7, 10, 8], "texture": "#side"},
				"down": {"uv": [6, 7, 10, 8], "texture": "#side"}
			}
		},
		{
			"name": "cloth_north_4",
			"from": [7, 7, 0.5],
			"to": [9, 8, 1],
			"rotation": {"angle": 0, "axis": "y", "origin": [8, 7.5, 0.75]},
			"faces": {
				"north": {"uv": [7, 8, 9, 9], "texture": "#side"},
				"east": {"uv": [7, 8, 8, 9], "texture": "#side"},
				"west": {"uv": [8, 8, 9, 9], "texture": "#side"},
				"down": {"uv": [7, 8, 9, 9], "texture": "#side"}
			}
		},
		{
			"name": "cloth_east_1",
			"from": [15, 10, 4],
			"to": [15.5, 11.5, 12],
			"rotation": {"angle": 0, "axis": "y", "origin": [15.75, 10.75, 8]},
			"faces": {
				"east": {"uv": [4, 4.5, 12, 6], "texture": "#side"},
				"up": {"uv": [15, 4, 16, 12], "texture": "#top"},
				"down": {"uv": [4, 5, 12, 6], "rotation": 90, "texture": "#side"}
			}
		},
		{
			"name": "cloth_east_2",
			"from": [15, 9, 5],
			"to": [15.5, 10, 11],
			"rotation": {"angle": 0, "axis": "y", "origin": [15.75, 9.5, 8]},
			"faces": {
				"north": {"uv": [10, 6, 11, 7], "texture": "#side"},
				"east": {"uv": [5, 6, 11, 7], "texture": "#side"},
				"south": {"uv": [5, 6, 6, 7], "texture": "#side"},
				"down": {"uv": [5, 6, 11, 7], "rotation": 90, "texture": "#side"}
			}
		},
		{
			"name": "cloth_east_3",
			"from": [15, 8, 6],
			"to": [15.5, 9, 10],
			"rotation": {"angle": 0, "axis": "y", "origin": [15.75, 8.5, 8]},
			"faces": {
				"north": {"uv": [9, 7, 10, 8], "texture": "#side"},
				"east": {"uv": [6, 7, 10, 8], "texture": "#side"},
				"south": {"uv": [6, 7, 7, 8], "texture": "#side"},
				"down": {"uv": [6, 7, 10, 8], "rotation": 90, "texture": "#side"}
			}
		},
		{
			"name": "cloth_east_4",
			"from": [15, 7, 7],
			"to": [15.5, 8, 9],
			"rotation": {"angle": 0, "axis": "y", "origin": [15.75, 7.5, 8]},
			"faces": {
				"north": {"uv": [8, 8, 9, 9], "texture": "#side"},
				"east": {"uv": [7, 8, 9, 9], "texture": "#side"},
				"south": {"uv": [7, 8, 8, 9], "texture": "#side"},
				"down": {"uv": [7, 8, 9, 9], "rotation": 90, "texture": "#side"}
			}
		},
		{
			"name": "cloth_south_1",
			"from": [4, 10, 15],
			"to": [12, 11.5, 15.5],
			"rotation": {"angle": 0, "axis": "y", "origin": [8, 10.75, 14.75]},
			"faces": {
				"south": {"uv": [4, 4.5, 12, 6], "texture": "#side"},
				"up": {"uv": [4, 15, 12, 16], "texture": "#top"},
				"down": {"uv": [4, 5, 12, 6], "texture": "#side"}
			}
		},
		{
			"name": "cloth_south_2",
			"from": [5, 9, 15],
			"to": [11, 10, 15.5],
			"rotation": {"angle": 0, "axis": "y", "origin": [8, 9.5, 14.75]},
			"faces": {
				"east": {"uv": [10, 6, 11, 7], "texture": "#side"},
				"south": {"uv": [5, 6, 11, 7], "texture": "#side"},
				"west": {"uv": [5, 6, 6, 7], "texture": "#side"},
				"down": {"uv": [5, 6, 11, 7], "texture": "#side"}
			}
		},
		{
			"name": "cloth_south_3",
			"from": [6, 8, 15],
			"to": [10, 9, 15.5],
			"rotation": {"angle": 0, "axis": "y", "origin": [8, 8.5, 14.75]},
			"faces": {
				"east": {"uv": [9, 7, 10, 8], "texture": "#side"},
				"south": {"uv": [6, 7, 10, 8], "texture": "#side"},
				"west": {"uv": [6, 7, 7, 8], "texture": "#side"},
				"down": {"uv": [6, 7, 10, 8], "texture": "#side"}
			}
		},
		{
			"name": "cloth_south_4",
			"from": [7, 7, 15],
			"to": [9, 8, 15.5],
			"rotation": {"angle": 0, "axis": "y", "origin": [8, 7.5, 14.75]},
			"faces": {
				"east": {"uv": [8, 8, 9, 9], "texture": "#side"},
				"south": {"uv": [7, 8, 9, 9], "texture": "#side"},
				"west": {"uv": [7, 8, 8, 9], "texture": "#side"},
				"down": {"uv": [7, 8, 9, 9], "texture": "#side"}
			}
		},
		{
			"name": "cloth_west_1",
			"from": [0.5, 10, 4],
			"to": [1, 11.5, 12],
			"rotation": {"angle": 0, "axis": "y", "origin": [0.75, 10.75, 8]},
			"faces": {
				"west": {"uv": [4, 4.5, 12, 6], "texture": "#side"},
				"up": {"uv": [0, 4, 1, 12], "texture": "#top"},
				"down": {"uv": [4, 5, 12, 6], "rotation": 90, "texture": "#side"}
			}
		},
		{
			"name": "cloth_west_2",
			"from": [0.5, 9, 5],
			"to": [1, 10, 11],
			"rotation": {"angle": 0, "axis": "y", "origin": [0.75, 9.5, 8]},
			"faces": {
				"north": {"uv": [5, 6, 6, 7], "texture": "#side"},
				"south": {"uv": [10, 6, 11, 7], "texture": "#side"},
				"west": {"uv": [5, 6, 11, 7], "texture": "#side"},
				"down": {"uv": [5, 6, 11, 7], "rotation": 270, "texture": "#side"}
			}
		},
		{
			"name": "cloth_west_3",
			"from": [0.5, 8, 6],
			"to": [1, 9, 10],
			"rotation": {"angle": 0, "axis": "y", "origin": [0.75, 8.5, 8]},
			"faces": {
				"north": {"uv": [6, 7, 7, 8], "texture": "#side"},
				"south": {"uv": [9, 7, 10, 8], "texture": "#side"},
				"west": {"uv": [6, 7, 10, 8], "texture": "#side"},
				"down": {"uv": [6, 7, 10, 8], "rotation": 270, "texture": "#side"}
			}
		},
		{
			"name": "cloth_west_4",
			"from": [0.5, 7, 7],
			"to": [1, 8, 9],
			"rotation": {"angle": 0, "axis": "y", "origin": [0.75, 7.5, 8]},
			"faces": {
				"north": {"uv": [7, 8, 8, 9], "texture": "#side"},
				"south": {"uv": [8, 8, 9, 9], "texture": "#side"},
				"west": {"uv": [7, 8, 9, 9], "texture": "#side"},
				"down": {"uv": [7, 8, 9, 9], "rotation": 270, "texture": "#side"}
			}
		}
	],
	"display": {
		"thirdperson_righthand": {
			"rotation": [75, 45, 0],
			"translation": [0, 2.5, 0],
			"scale": [0.375, 0.375, 0.375]
		},
		"thirdperson_lefthand": {
			"rotation": [75, 45, 0],
			"translation": [0, 2.5, 0],
			"scale": [0.375, 0.375, 0.375]
		},
		"firstperson_righthand": {
			"rotation": [0, 45, 0],
			"scale": [0.4, 0.4, 0.4]
		},
		"firstperson_lefthand": {
			"rotation": [0, 225, 0],
			"scale": [0.4, 0.4, 0.4]
		},
		"ground": {
			"translation": [0, 3, 0],
			"scale": [0.25, 0.25, 0.25]
		},
		"gui": {
			"rotation": [30, 225, 0],
			"scale": [0.625, 0.625, 0.625]
		},
		"fixed": {
			"scale": [0.5, 0.5, 0.5]
		}
	},
	"groups": [
		{
			"name": "base",
			"origin": [0, 0, 0],
			"color": 0,
			"children": [0, 1, 2, 3, 4, 5]
		},
		{
			"name": "diamond_nw",
			"origin": [1, 9, 1],
			"color": 0,
			"children": [6, 7, 8, 9, 10, 11, 12]
		},
		{
			"name": "diamond_ne",
			"origin": [13, 9, 0],
			"color": 0,
			"children": [13, 14, 15, 16, 17, 18, 19]
		},
		{
			"name": "diamond_sw",
			"origin": [0, 9, 13],
			"color": 0,
			"children": [20, 21, 22, 23, 24, 25, 26]
		},
		{
			"name": "diamond_se",
			"origin": [13, 9, 13],
			"color": 0,
			"children": [27, 28, 29, 30, 31, 32, 33]
		},
		{
			"name": "cloth_north",
			"origin": [8, 7.5, 0.75],
			"color": 0,
			"children": [34, 35, 36, 37]
		},
		{
			"name": "cloth_east",
			"origin": [15.75, 7.5, 8],
			"color": 0,
			"children": [38, 39, 40, 41]
		},
		{
			"name": "cloth_south",
			"origin": [8, 7.5, 14.75],
			"color": 0,
			"children": [42, 43, 44, 45]
		},
		{
			"name": "cloth_west",
			"origin": [0.75, 7.5, 8],
			"color": 0,
			"children": [46, 47, 48, 49]
		}
	]
}