{
	"format_version": "1.12.0",
	"minecraft:geometry": [
		{
			"description": {
				"identifier": "geometry.spectreon",
				"texture_width": 64,
				"texture_height": 64,
				"visible_bounds_width": 3,
				"visible_bounds_height": 3.5,
				"visible_bounds_offset": [0, 1.25, 0]
			},
			"bones": [
				{
					"name": "hiveon",
					"pivot": [0, 0, 0]
				},
				{
					"name": "body",
					"parent": "hiveon",
					"pivot": [0, 9.75, 0]
				},
				{
					"name": "torso",
					"parent": "body",
					"pivot": [0, 9.75, 0],
					"cubes": [
						{"origin": [-3.5, 6.74997, -6.64], "size": [7, 6, 7], "uv": [21, 7]}
					]
				},
				{
					"name": "leg_front_left",
					"parent": "torso",
					"pivot": [2.5, 9, -4.5],
					"rotation": [7.5, 0, 0],
					"cubes": [
						{"origin": [1, 4.5, -6], "size": [3, 6, 3], "inflate": 0.01, "uv": [39, 40]}
					]
				},
				{
					"name": "leg_front_left2",
					"parent": "leg_front_left",
					"pivot": [2.5, 4.5, -3],
					"rotation": [-22.5, 0, 0],
					"cubes": [
						{"origin": [1, 0.5, -6], "size": [3, 4, 3], "uv": [40, 20]}
					]
				},
				{
					"name": "leg_front_left3",
					"parent": "leg_front_left2",
					"pivot": [2.5, 1, -4.5],
					"rotation": [15, 0, 0],
					"cubes": [
						{"origin": [1, -0.75, -6.25], "size": [3, 2, 3], "inflate": 0.01, "uv": [44, 0]}
					]
				},
				{
					"name": "leg_front_right",
					"parent": "torso",
					"pivot": [-2.5, 9, -4.5],
					"rotation": [7.5, 0, 0],
					"cubes": [
						{"origin": [-4, 4.5, -6], "size": [3, 6, 3], "inflate": 0.01, "uv": [25, 43]}
					]
				},
				{
					"name": "leg_front_right2",
					"parent": "leg_front_right",
					"pivot": [-2.5, 4.5, -3],
					"rotation": [-22.5, 0, 0],
					"cubes": [
						{"origin": [-4, 0.5, -6], "size": [3, 4, 3], "uv": [42, 7]}
					]
				},
				{
					"name": "leg_front_right3",
					"parent": "leg_front_right2",
					"pivot": [-2.5, 1, -4.5],
					"rotation": [15, 0, 0],
					"cubes": [
						{"origin": [-4, -0.75, -6.25], "size": [3, 2, 3], "inflate": 0.01, "uv": [47, 27]}
					]
				},
				{
					"name": "head",
					"parent": "torso",
					"pivot": [0, 12.49997, -5.96093],
					"cubes": [
						{"origin": [-3.5, 10.99997, -11.98], "size": [7, 7, 7], "inflate": 0.01, "uv": [0, 0]},
						{"origin": [-2.5, 10.99997, -12.98], "size": [5, 3, 1], "uv": [49, 19]},
						{"origin": [-0.5, 12.74997, -12.99], "size": [1, 1, 0], "uv": [5, 0]}
					]
				},
				{
					"name": "mouth",
					"parent": "head",
					"pivot": [0, 1, 0.52],
					"cubes": [
						{"origin": [-1, 11.5, -12.89], "size": [2, 1, 0], "uv": [0, 6]}
					]
				},
				{
					"name": "eyes",
					"parent": "head",
					"pivot": [0, 15.12178, -11.96093]
				},
				{
					"name": "eye_right",
					"parent": "eyes",
					"pivot": [-2.515, 15.25, -11.495],
					"cubes": [
						{"origin": [-3.515, 14.25, -11.995], "size": [2, 2, 3], "uv": [44, 50]}
					]
				},
				{
					"name": "eyelid_right",
					"parent": "eye_right",
					"pivot": [-2.415, 15.25, -11.395],
					"cubes": [
						{"origin": [-3.415, 14.25, -11.895], "size": [2, 2, 3], "inflate": 0.01, "uv": [48, 59]}
					]
				},
				{
					"name": "eye_left",
					"parent": "eyes",
					"pivot": [2.515, 15.25, -11.495],
					"cubes": [
						{"origin": [1.515, 14.25, -11.995], "size": [2, 2, 3], "uv": [34, 49]}
					]
				},
				{
					"name": "eyelid_left",
					"parent": "eye_left",
					"pivot": [2.415, 15.25, -11.395],
					"cubes": [
						{"origin": [1.415, 14.25, -11.895], "size": [2, 2, 3], "inflate": 0.01, "uv": [38, 59]}
					]
				},
				{
					"name": "antenna_left",
					"parent": "head",
					"pivot": [3.5, 14.99997, -8.96093],
					"rotation": [0, -7.5, 0],
					"cubes": [
						{"origin": [1.501, 14.57699, -9.62124], "size": [1, 7, 1], "pivot": [1.95979, 21.05997, -8.86415], "rotation": [7.64355, 12.25979, 1.20805], "uv": [0, 56], "mirror": true},
						{"origin": [1.49768, 20.8174, -8.38054], "size": [1, 7, 1], "pivot": [1.95979, 21.05997, -8.86415], "rotation": [97.64355, 12.25979, 1.20805], "uv": [0, 56], "mirror": true}
					]
				},
				{
					"name": "antenna_right",
					"parent": "head",
					"pivot": [-3.5, 14.99997, -8.96093],
					"rotation": [0, 7.5, 0],
					"cubes": [
						{"origin": [-2.501, 14.57699, -9.62124], "size": [1, 7, 1], "pivot": [-1.95979, 21.05997, -8.86415], "rotation": [7.64355, -12.25979, -1.20805], "uv": [0, 56]},
						{"origin": [-2.49768, 20.8174, -8.38054], "size": [1, 7, 1], "pivot": [-1.95979, 21.05997, -8.86415], "rotation": [97.64355, -12.25979, -1.20805], "uv": [0, 56]}
					]
				},
				{
					"name": "ear_left",
					"parent": "head",
					"pivot": [3.5, 14.99997, -8.96093],
					"rotation": [0, -12.5, 0],
					"cubes": [
						{"origin": [0.5, 15.99997, -7.96093], "size": [7, 11, 0], "pivot": [3.5, 14.99997, -8.96093], "rotation": [-24.47761, 5.24826, 11.36081], "uv": [0, 27]}
					]
				},
				{
					"name": "ear_right",
					"parent": "head",
					"pivot": [-3.5, 14.99997, -8.96093],
					"rotation": [0, 12.5, 0],
					"cubes": [
						{"origin": [-7.5, 15.99997, -7.96093], "size": [7, 11, 0], "pivot": [-3.5, 14.99997, -8.96093], "rotation": [-24.47761, -5.24826, -11.36081], "uv": [14, 33]}
					]
				},
				{
					"name": "hips",
					"parent": "torso",
					"pivot": [0, 9.74997, 0.01907],
					"cubes": [
						{"origin": [-3.5, 6.74997, 0.36], "size": [7, 6, 7], "uv": [0, 14]}
					]
				},
				{
					"name": "leg_back_right",
					"parent": "hips",
					"pivot": [-2.5, 8.99997, 4.75],
					"rotation": [5, 0, 0],
					"cubes": [
						{"origin": [-4, 4.49997, 2.75], "size": [3, 6, 4], "inflate": 0.01, "uv": [0, 38]}
					]
				},
				{
					"name": "leg_back_right2",
					"parent": "leg_back_right",
					"pivot": [-2.5, 4.49997, 6.25],
					"rotation": [-12.5, 0, 0],
					"cubes": [
						{"origin": [-4, 0.74997, 4.25], "size": [3, 4, 3], "uv": [11, 45]}
					]
				},
				{
					"name": "leg_back_right3",
					"parent": "leg_back_right2",
					"pivot": [-2.5, 1.24997, 5.75],
					"rotation": [7.5, 0, 0],
					"cubes": [
						{"origin": [-4, -0.25003, 4], "size": [3, 2, 3], "inflate": 0.01, "uv": [49, 14]}
					]
				},
				{
					"name": "leg_back_left",
					"parent": "hips",
					"pivot": [2.5, 8.99997, 4.75],
					"rotation": [5, 0, 0],
					"cubes": [
						{"origin": [1, 4.49997, 2.75], "size": [3, 6, 4], "inflate": 0.01, "uv": [28, 33]}
					]
				},
				{
					"name": "leg_back_left2",
					"parent": "leg_back_left",
					"pivot": [2.5, 4.49997, 6.25],
					"rotation": [-12.5, 0, 0],
					"cubes": [
						{"origin": [1, 0.74997, 4.25], "size": [3, 4, 3], "uv": [42, 33]}
					]
				},
				{
					"name": "leg_back_left3",
					"parent": "leg_back_left2",
					"pivot": [2.5, 1.24997, 5.75],
					"rotation": [7.5, 0, 0],
					"cubes": [
						{"origin": [1, -0.25003, 4], "size": [3, 2, 3], "inflate": 0.01, "uv": [0, 49]}
					]
				},
				{
					"name": "tail",
					"parent": "hips",
					"pivot": [0.07143, 9.43854, 6.78336],
					"cubes": [
						{"origin": [-0.92857, 10.99854, 4.78336], "size": [2, 2, 5], "pivot": [0.07143, 12.43854, 6.78336], "rotation": [32.5, 0, 0], "uv": [35, 0]},
						{"origin": [-1.44857, 10.67854, 11.98336], "size": [3, 3, 4], "pivot": [0.07143, 12.43854, 6.78336], "rotation": [32.5, 0, 0], "uv": [21, 0]},
						{"origin": [-0.44857, 11.67854, 11.98336], "size": [1, 1, 5], "pivot": [0.07143, 12.43854, 6.78336], "rotation": [32.5, 0, 0], "uv": [46, 44]},
						{"origin": [-2.92857, 8.99854, 7.78336], "size": [6, 6, 7], "pivot": [0.07143, 12.43854, 6.78336], "rotation": [32.5, 0, 0], "uv": [21, 20]}
					]
				},
				{
					"name": "wing_right",
					"parent": "torso",
					"pivot": [-0.5, 13.75, 0],
					"cubes": [
						{"origin": [-1.6, 12.51, -4.8], "size": [0, 11, 8], "pivot": [-0.5, 13.75, -1.32], "rotation": [-16.73634, -5.188, -34.23634], "uv": [17, 45], "mirror": true}
					]
				},
				{
					"name": "wing_left",
					"parent": "torso",
					"pivot": [-0.5, 13.75, 0],
					"cubes": [
						{"origin": [1.6, 12.51, -4.8], "size": [0, 11, 8], "pivot": [0.5, 13.75, -1.32], "rotation": [-16.73634, 5.188, 34.23634], "uv": [17, 45]}
					]
				}
			]
		}
	]
}