{
	"credit": "Made with Blockbench",
	"textures": {
		"particle": "block/repeater/repeater",
		"base": "block/repeater/smooth_stone",
		"top": "block/repeater/repeater",
		"torch_off": "block/repeater/redstone_torch_off"
	},
	"elements": [
		{
			"from": [7, 0, 0],
			"to": [9, 2, 6],
			"faces": {
				"north": {"uv": [7, 14, 9, 16], "texture": "#base", "cullface": "north"},
				"south": {"uv": [7, 6, 9, 4], "texture": "#top"},
				"up": {"uv": [7, 0, 9, 6], "texture": "#top"},
				"down": {"uv": [7, 10, 9, 16], "texture": "#base", "cullface": "down"}
			}
		},
		{
			"from": [7, 0, 14],
			"to": [9, 2, 16],
			"faces": {
				"north": {"uv": [7, 14, 9, 16], "texture": "#top"},
				"south": {"uv": [7, 14, 9, 16], "texture": "#base", "cullface": "south"},
				"up": {"uv": [7, 14, 9, 16], "texture": "#top"},
				"down": {"uv": [7, 0, 9, 2], "texture": "#base", "cullface": "down"}
			}
		},
		{
			"from": [0, 0, 0],
			"to": [7, 2, 16],
			"faces": {
				"north": {"uv": [9, 14, 16, 16], "texture": "#base", "cullface": "north"},
				"east": {"uv": [5, 16, 7, 0], "rotation": 270, "texture": "#top"},
				"south": {"uv": [0, 14, 7, 16], "texture": "#base", "cullface": "south"},
				"west": {"uv": [0, 14, 16, 16], "texture": "#base", "cullface": "west"},
				"up": {"uv": [0, 0, 7, 16], "texture": "#top"},
				"down": {"uv": [0, 0, 7, 16], "texture": "#base", "cullface": "down"}
			}
		},
		{
			"from": [9, 0, 0],
			"to": [16, 2, 16],
			"faces": {
				"north": {"uv": [0, 14, 7, 16], "texture": "#base", "cullface": "north"},
				"east": {"uv": [0, 14, 16, 16], "texture": "#base", "cullface": "east"},
				"south": {"uv": [9, 14, 16, 16], "texture": "#base", "cullface": "south"},
				"west": {"uv": [9, 16, 11, 0], "rotation": 90, "texture": "#top"},
				"up": {"uv": [9, 0, 16, 16], "texture": "#top"},
				"down": {"uv": [9, 0, 16, 16], "texture": "#base", "cullface": "down"}
			}
		},
		{
			"from": [7, 0, 6],
			"to": [9, 1.5, 14],
			"faces": {
				"up": {"uv": [7, 6, 9, 14], "texture": "#top"},
				"down": {"uv": [7, 2, 9, 10], "texture": "#base", "cullface": "down"}
			}
		},
		{
			"from": [7, 1.5, 10],
			"to": [9, 7, 12],
			"faces": {
				"north": {"uv": [7, 6, 9, 11.5], "texture": "#torch_off"},
				"east": {"uv": [7, 6, 9, 11.5], "texture": "#torch_off"},
				"south": {"uv": [7, 6, 9, 11.5], "texture": "#torch_off"},
				"west": {"uv": [7, 6, 9, 11.5], "texture": "#torch_off"},
				"up": {"uv": [7, 6, 9, 8], "texture": "#torch_off"}
			}
		},
		{
			"from": [7, 2, 2],
			"to": [9, 7, 4],
			"faces": {
				"north": {"uv": [7, 6, 9, 11], "texture": "#torch_off"},
				"east": {"uv": [7, 6, 9, 11], "texture": "#torch_off"},
				"south": {"uv": [7, 6, 9, 11], "texture": "#torch_off"},
				"west": {"uv": [7, 6, 9, 11], "texture": "#torch_off"},
				"up": {"uv": [7, 6, 9, 8], "texture": "#torch_off"},
				"down": {"uv": [7, 13, 9, 15], "texture": "#torch_off"}
			}
		}
	],
	"groups": [
		{
			"name": "base",
			"origin": [0, 0, 0],
			"color": 0,
			"children": [0, 1, 2, 3, 4]
		},
		5,
		6
	]
}