{
	"credit": "Made with Blockbench",
	"textures": {
		"particle": "block/repeater/repeater_on",
		"base": "block/repeater/smooth_stone",
		"lock": "block/repeater/bedrock",
		"top": "block/repeater/repeater_on",
		"torch": "block/repeater/redstone_torch"
	},
	"elements": [
		{
			"from": [7, 0, 0],
			"to": [9, 2, 6],
			"faces": {
				"north": {"uv": [7, 14, 9, 16], "texture": "#base", "cullface": "north"},
				"south": {"uv": [7, 6, 9, 4], "texture": "#top"},
				"up": {"uv": [7, 0, 9, 6], "texture": "#top"},
				"down": {"uv": [7, 10, 9, 16], "texture": "#base", "cullface": "down"}
			}
		},
		{
			"from": [7, 0, 14],
			"to": [9, 2, 16],
			"faces": {
				"north": {"uv": [7, 14, 9, 16], "texture": "#top"},
				"south": {"uv": [7, 14, 9, 16], "texture": "#base", "cullface": "south"},
				"up": {"uv": [7, 14, 9, 16], "texture": "#top"},
				"down": {"uv": [7, 0, 9, 2], "texture": "#base", "cullface": "down"}
			}
		},
		{
			"from": [0, 0, 0],
			"to": [7, 2, 16],
			"faces": {
				"north": {"uv": [9, 14, 16, 16], "texture": "#base", "cullface": "north"},
				"east": {"uv": [5, 16, 7, 0], "rotation": 270, "texture": "#top"},
				"south": {"uv": [0, 14, 7, 16], "texture": "#base", "cullface": "south"},
				"west": {"uv": [0, 14, 16, 16], "texture": "#base", "cullface": "west"},
				"up": {"uv": [0, 0, 7, 16], "texture": "#top"},
				"down": {"uv": [0, 0, 7, 16], "texture": "#base", "cullface": "down"}
			}
		},
		{
			"from": [9, 0, 0],
			"to": [16, 2, 16],
			"faces": {
				"north": {"uv": [0, 14, 7, 16], "texture": "#base", "cullface": "north"},
				"east": {"uv": [0, 14, 16, 16], "texture": "#base", "cullface": "east"},
				"south": {"uv": [9, 14, 16, 16], "texture": "#base", "cullface": "south"},
				"west": {"uv": [9, 16, 11, 0], "rotation": 90, "texture": "#top"},
				"up": {"uv": [9, 0, 16, 16], "texture": "#top"},
				"down": {"uv": [9, 0, 16, 16], "texture": "#base", "cullface": "down"}
			}
		},
		{
			"from": [7, 0, 6],
			"to": [9, 1.5, 14],
			"faces": {
				"up": {"uv": [7, 6, 9, 14], "texture": "#top"},
				"down": {"uv": [7, 2, 9, 10], "texture": "#base", "cullface": "down"}
			}
		},
		{
			"from": [2, 2, 6],
			"to": [14, 4, 8],
			"faces": {
				"north": {"uv": [2, 7, 14, 9], "texture": "#lock"},
				"east": {"uv": [6, 7, 8, 9], "texture": "#lock"},
				"south": {"uv": [2, 7, 14, 9], "texture": "#lock"},
				"west": {"uv": [6, 7, 8, 9], "texture": "#lock"},
				"up": {"uv": [7, 2, 9, 14], "rotation": 90, "texture": "#lock"}
			}
		},
		{
			"from": [7, 1.5, 6],
			"to": [9, 2, 8],
			"faces": {
				"north": {"uv": [7, 9, 9, 9.5], "texture": "#lock"},
				"south": {"uv": [7, 9, 9, 9.5], "texture": "#lock"}
			}
		},
		{
			"from": [7, 2, 2],
			"to": [9, 7, 4],
           		"shade": false,
			"faces": {
				"north": {"uv": [7, 6, 9, 11], "texture": "#torch"},
				"east": {"uv": [7, 6, 9, 11], "texture": "#torch"},
				"south": {"uv": [7, 6, 9, 11], "texture": "#torch"},
				"west": {"uv": [7, 6, 9, 11], "texture": "#torch"},
				"up": {"uv": [7, 6, 9, 8], "texture": "#torch"}
			}
		},
		{
			"from": [9, 7, 5],
			"to": [7, 5, 1],
           		"shade": false,
			"rotation": {"angle": 0, "axis": "y", "origin": [8, 9, 8]},
			"faces": {
				"north": {"uv": [7, 5, 8, 6], "texture": "#torch"},
				"east": {"uv": [7, 5, 8, 6], "texture": "#torch"},
				"south": {"uv": [7, 5, 8, 6], "texture": "#torch"},
				"west": {"uv": [7, 5, 8, 6], "texture": "#torch"},
				"up": {"uv": [7, 5, 8, 6], "texture": "#torch"},
				"down": {"uv": [7, 5, 8, 6], "texture": "#torch"}
			}
		},
		{
			"from": [9, 8, 4],
			"to": [7, 7, 2],
           		"shade": false,
			"rotation": {"angle": 0, "axis": "y", "origin": [8, 9, 8]},
			"faces": {
				"north": {"uv": [7, 5, 8, 6], "rotation": 180, "texture": "#torch"},
				"east": {"uv": [7, 5, 8, 6], "rotation": 90, "texture": "#torch"},
				"south": {"uv": [7, 5, 8, 6], "texture": "#torch"},
				"west": {"uv": [7, 5, 8, 6], "rotation": 270, "texture": "#torch"},
				"down": {"uv": [7, 5, 8, 6], "rotation": 180, "texture": "#torch"}
			}
		},
		{
			"from": [10, 7, 4],
			"to": [6, 5, 2],
           		"shade": false,
			"rotation": {"angle": 0, "axis": "y", "origin": [8, 9, 8]},
			"faces": {
				"north": {"uv": [7, 5, 8, 6], "texture": "#torch"},
				"east": {"uv": [7, 5, 8, 6], "texture": "#torch"},
				"south": {"uv": [7, 5, 8, 6], "texture": "#torch"},
				"west": {"uv": [7, 5, 8, 6], "texture": "#torch"},
				"up": {"uv": [7, 5, 8, 6], "texture": "#torch"},
				"down": {"uv": [7, 5, 8, 6], "rotation": 90, "texture": "#torch"}
			}
		}
	]
}