{
	"credit": "Made by TheWaschtlPlays using Blockbench",
	"ambientocclusion": false,
	"textures": {
		"1": "dark_oak_door/dark_oak_door_side_0",
		"2": "dark_oak_door/dark_oak_door_side_1",
		"particle": "dark_oak_door/dark_oak_door_bottom_clean",
		"bottom": "dark_oak_door/dark_oak_door_bottom_clean"
	},
	"elements": [
		{
			"from": [0, 3, 6],
			"to": [3, 14, 10],
			"rotation": {"angle": 0, "axis": "y", "origin": [8, 10, 2]},
			"faces": {
				"north": {"uv": [3, 2, 2, 14], "texture": "#bottom"},
				"east": {"uv": [6, 2, 10, 13], "texture": "#bottom"},
				"south": {"uv": [7, 2, 6, 13], "texture": "#bottom"},
				"west": {"uv": [10, 2, 6, 13], "texture": "#bottom", "cullface": "west"}
			}
		},
		{
			"from": [0.5, 3, 3],
			"to": [2.5, 14, 13],
			"rotation": {"angle": 0, "axis": "y", "origin": [8.5, 8, 8]},
			"faces": {
				"east": {"uv": [3, 2, 13, 13], "texture": "#bottom"},
				"west": {"uv": [13, 2, 3, 13], "texture": "#bottom", "cullface": "west"}
			}
		},
		{
			"from": [0, 0, 0],
			"to": [3, 3, 16],
			"faces": {
				"north": {"uv": [16, 13, 13, 16], "texture": "#2", "cullface": "north"},
				"east": {"uv": [0, 13, 16, 16], "texture": "#bottom"},
				"south": {"uv": [10, 13, 13, 16], "texture": "#2", "cullface": "south"},
				"west": {"uv": [16, 13, 0, 16], "texture": "#bottom", "cullface": "west"},
				"up": {"uv": [16, 13, 0, 14], "rotation": 90, "texture": "#bottom"},
				"down": {"uv": [16, 3, 0, 6], "rotation": 270, "texture": "#1", "cullface": "down"}
			}
		},
		{
			"from": [0, 14, 0],
			"to": [3, 16, 16],
			"rotation": {"angle": 0, "axis": "y", "origin": [8, 22, 8]},
			"faces": {
				"north": {"uv": [16, 0, 13, 2], "texture": "#2", "cullface": "north"},
				"east": {"uv": [0, 0, 16, 2], "texture": "#bottom"},
				"south": {"uv": [10, 0, 13, 2], "texture": "#2", "cullface": "south"},
				"west": {"uv": [16, 0, 0, 2], "texture": "#bottom", "cullface": "west"},
				"down": {"uv": [16, 1, 0, 2], "rotation": 90, "texture": "#bottom"}
			}
		},
		{
			"from": [0, 3, 13],
			"to": [3, 14, 16],
			"rotation": {"angle": 0, "axis": "y", "origin": [8, 10, 8]},
			"faces": {
				"north": {"uv": [3, 2, 2, 13], "texture": "#bottom"},
				"east": {"uv": [0, 2, 3, 13], "texture": "#bottom"},
				"south": {"uv": [10, 2, 13, 13], "texture": "#2", "cullface": "south"},
				"west": {"uv": [3, 2, 0, 13], "texture": "#bottom", "cullface": "west"}
			}
		},
		{
			"from": [0, 3, 0],
			"to": [3, 14, 3],
			"rotation": {"angle": 0, "axis": "y", "origin": [8, 10, -5]},
			"faces": {
				"north": {"uv": [16, 2, 13, 13], "texture": "#2", "cullface": "north"},
				"east": {"uv": [13, 2, 16, 13], "texture": "#bottom"},
				"south": {"uv": [14, 2, 13, 13], "texture": "#bottom"},
				"west": {"uv": [16, 2, 13, 13], "texture": "#bottom", "cullface": "west"}
			}
		},
		{
			"name": "HingeUP",
			"from": [-0.25, 14.75, 15],
			"to": [3.25, 17.25, 16.25],
			"rotation": {"angle": 0, "axis": "y", "origin": [8, 23, 8]},
			"faces": {
				"north": {"uv": [1, 10, 0, 12], "texture": "#bottom"},
				"east": {"uv": [1, 10, 0, 12], "texture": "#bottom"},
				"south": {"uv": [1, 10, 0, 12], "texture": "#bottom"},
				"west": {"uv": [1, 10, 0, 12], "texture": "#bottom"},
				"up": {"uv": [0, 11, 1, 10], "texture": "#bottom"},
				"down": {"uv": [0, 12, 1, 11], "texture": "#bottom"}
			}
		},
		{
			"name": "HingeDWN",
			"from": [-0.25, 3.75, 15],
			"to": [3.25, 6.25, 16.25],
			"rotation": {"angle": 0, "axis": "y", "origin": [8, 12, 8]},
			"faces": {
				"north": {"uv": [1, 10, 0, 12], "texture": "#bottom"},
				"east": {"uv": [1, 10, 0, 12], "texture": "#bottom"},
				"south": {"uv": [1, 10, 0, 12], "texture": "#bottom"},
				"west": {"uv": [1, 10, 0, 12], "texture": "#bottom"},
				"up": {"uv": [0, 11, 1, 10], "texture": "#bottom"},
				"down": {"uv": [0, 12, 1, 11], "texture": "#bottom"}
			}
		}
	],
	"groups": [
		{
			"name": "Door",
			"origin": [8, 10, 21],
			"color": 0,
			"children": [0, 1, 2, 3, 4, 5]
		},
		6,
		7
	]
}