{
	"credit": "Made by TheWaschtlPlays using Blockbench",
	"ambientocclusion": false,
	"textures": {
		"1": "dark_oak_trapdoor/dark_oak_trapdoor_side",
		"particle": "dark_oak_trapdoor/dark_oak_trapdoor",
		"texture": "dark_oak_trapdoor/dark_oak_trapdoor"
	},
	"elements": [
		{
			"name": "inner",
			"from": [2, 13.5, 2],
			"to": [14, 15.5, 14],
			"rotation": {"angle": 0, "axis": "y", "origin": [8, 20.5, 8]},
			"faces": {
				"up": {"uv": [2, 2, 14, 14], "texture": "#texture", "cullface": "up"},
				"down": {"uv": [2, 2, 14, 14], "texture": "#texture"}
			}
		},
		{
			"name": "west",
			"from": [0, 13, 0],
			"to": [2, 16, 16],
			"rotation": {"angle": 0, "axis": "y", "origin": [8, 21, 8]},
			"faces": {
				"north": {"uv": [14, 3, 16, 0], "texture": "#1", "cullface": "north"},
				"east": {"uv": [1, 0, 2, 16], "rotation": 90, "texture": "#texture"},
				"south": {"uv": [0, 3, 2, 0], "texture": "#1", "cullface": "south"},
				"west": {"uv": [0, 3, 16, 0], "texture": "#1", "cullface": "west"},
				"up": {"uv": [0, 0, 2, 16], "texture": "#texture", "cullface": "up"},
				"down": {"uv": [0, 0, 2, 16], "texture": "#texture"}
			}
		},
		{
			"name": "east",
			"from": [14, 13, 0],
			"to": [16, 16, 16],
			"rotation": {"angle": 0, "axis": "y", "origin": [22, 21, 8]},
			"faces": {
				"north": {"uv": [0, 3, 2, 0], "texture": "#1", "cullface": "north"},
				"east": {"uv": [0, 3, 16, 0], "texture": "#1", "cullface": "east"},
				"south": {"uv": [14, 3, 16, 0], "texture": "#1", "cullface": "south"},
				"west": {"uv": [14, 0, 15, 16], "rotation": 270, "texture": "#texture"},
				"up": {"uv": [14, 0, 16, 16], "texture": "#texture", "cullface": "up"},
				"down": {"uv": [14, 0, 16, 16], "texture": "#texture"}
			}
		},
		{
			"name": "cross",
			"from": [6, 13, 2],
			"to": [10, 16, 14],
			"rotation": {"angle": 0, "axis": "y", "origin": [14, 21, 8]},
			"faces": {
				"east": {"uv": [9, 2, 10, 14], "rotation": 90, "texture": "#texture"},
				"west": {"uv": [6, 2, 7, 14], "rotation": 270, "texture": "#texture"},
				"up": {"uv": [6, 2, 10, 14], "texture": "#texture", "cullface": "up"},
				"down": {"uv": [6, 2, 10, 14], "texture": "#texture"}
			}
		},
		{
			"name": "cross",
			"from": [2, 13, 6],
			"to": [14, 16, 10],
			"rotation": {"angle": 0, "axis": "y", "origin": [10, 23, 16]},
			"faces": {
				"north": {"uv": [2, 1, 14, 7], "rotation": 180, "texture": "#texture"},
				"south": {"uv": [2, 9, 14, 15], "texture": "#texture"},
				"up": {"uv": [2, 6, 14, 10], "texture": "#texture", "cullface": "up"},
				"down": {"uv": [2, 6, 14, 10], "texture": "#texture"}
			}
		},
		{
			"name": "north",
			"from": [2, 13, 0],
			"to": [14, 16, 2],
			"rotation": {"angle": 0, "axis": "y", "origin": [10, 23, 8]},
			"faces": {
				"north": {"uv": [2, 3, 14, 0], "texture": "#1", "cullface": "north"},
				"south": {"uv": [2, 1, 14, 7], "texture": "#texture"},
				"up": {"uv": [2, 0, 14, 2], "texture": "#texture", "cullface": "up"},
				"down": {"uv": [2, 14, 14, 16], "texture": "#texture"}
			}
		},
		{
			"name": "south",
			"from": [2, 13, 14],
			"to": [14, 16, 16],
			"rotation": {"angle": 0, "axis": "y", "origin": [10, 23, 22]},
			"faces": {
				"north": {"uv": [2, 9, 14, 15], "rotation": 180, "texture": "#texture"},
				"south": {"uv": [2, 3, 14, 0], "texture": "#1", "cullface": "south"},
				"up": {"uv": [2, 14, 14, 16], "texture": "#texture", "cullface": "up"},
				"down": {"uv": [2, 0, 14, 2], "texture": "#texture"}
			}
		}
	]
}