{
	"__comment":"Designed by GeForceLegend",
	"textures":{
		"particle":"block/rail/rail",
		"rail":"block/rail/rail"
	},
	"elements":[
		{
			"from":[1,0.01,1],
			"to":[15,1,3],
			"faces":{
				"north":{"uv":[15,1,1,2],"texture":"#rail"},
				"east":{"uv":[15,1,14,3],"rotation":90,"texture":"#rail"},
				"south":{"uv":[1,2,15,3],"texture":"#rail"},
				"west":{"uv":[2,3,1,1],"rotation":90,"texture":"#rail"},
				"up":{"uv":[1,1,15,3],"texture":"#rail"},
				"down":{"uv":[1,3,15,1],"texture":"#rail","cullface":"down"}
			}
		},
		{
			"from":[1,0.01,5],
			"to":[15,1,7],
			"faces":{
				"north":{"uv":[15,5,1,6],"texture":"#rail"},
				"east":{"uv":[15,5,14,7],"rotation":90,"texture":"#rail"},
				"south":{"uv":[1,6,15,7],"texture":"#rail"},
				"west":{"uv":[2,7,1,5],"rotation":90,"texture":"#rail"},
				"up":{"uv":[1,5,15,7],"texture":"#rail"},
				"down":{"uv":[1,7,15,5],"texture":"#rail","cullface":"down"}
			}
		},
		{
			"from":[1,0.01,9],
			"to":[15,1,11],
			"faces":{
				"north":{"uv":[15,9,1,10],"texture":"#rail"},
				"east":{"uv":[15,5,14,7],"rotation":90,"texture":"#rail"},
				"south":{"uv":[1,10,15,11],"texture":"#rail"},
				"west":{"uv":[2,11,1,9],"rotation":90,"texture":"#rail"},
				"up":{"uv":[1,9,15,11],"texture":"#rail"},
				"down":{"uv":[1,11,15,9],"texture":"#rail","cullface":"down"}
			}
		},
		{
			"from":[1,0.01,13],
			"to":[15,1,15],
			"faces":{
				"north":{"uv":[15,13,1,14],"texture":"#rail"},
				"east":{"uv":[15,13,14,15],"rotation":90,"texture":"#rail"},
				"south":{"uv":[1,14,15,15],"texture":"#rail"},
				"west":{"uv":[2,15,1,13],"rotation":90,"texture":"#rail"},
				"up":{"uv":[1,13,15,15],"texture":"#rail"},
				"down":{"uv":[1,15,15,13],"texture":"#rail","cullface":"down"}
			}
		},
		{
			"from":[2,0,0],
			"to":[4,2,16],
			"faces":{
				"north":{"uv":[4,0,2,1],"texture":"#rail","cullface":"north"},
				"east":{"uv":[4,16,3,0],"rotation":270,"texture":"#rail"},
				"south":{"uv":[2,15,4,16],"texture":"#rail","cullface":"south"},
				"west":{"uv":[2,0,3,16],"rotation":270,"texture":"#rail"},
				"up":{"uv":[2,0,4,16],"texture":"#rail"},
				"down":{"uv":[2,16,4,0],"texture":"#rail","cullface":"down"}
			}
		},
		{
			"from":[12,0,0],
			"to":[14,2,16],
			"faces":{
				"north":{"uv":[14,0,12,1],"texture":"#rail","cullface":"north"},
				"east":{"uv":[14,16,13,0],"rotation":270,"texture":"#rail"},
				"south":{"uv":[12,15,14,16],"texture":"#rail","cullface":"south"},
				"west":{"uv":[12,0,13,16],"rotation":270,"texture":"#rail"},
				"up":{"uv":[12,0,14,16],"texture":"#rail"},
				"down":{"uv":[12,16,14,0],"texture":"#rail","cullface":"down"}
			}
		}
	]
}