{
  "species": "cobblemon:dungeon",
  "order": 0,
  "variations": [
    {
      "aspects": [],
      "poser": "cobblemon:dungeon",
      "model": "cobblemon:dungeon.geo",
      "texture": "cobblemon:textures/pokemon/dungeon/dungeon.png",
      "layers": [
        {
          "name": "emissive",
          "emissive": true,
          "texture": "cobblemon:textures/pokemon/dungeon/dungeon_e.png",
          "translucent": true
        }
      ]
    },
    {
      "aspects": [ "shiny" ],
      "texture": "cobblemon:textures/pokemon/dungeon/dungeon_shiny.png",
      "layers": [
        {
          "name": "emissive",
          "emissive": true,
          "texture": "cobblemon:textures/pokemon/dungeon/dungeon_shiny_e.png",
          "translucent": true
        }
      ]
    }
  ]
}