{
  "species": "cobblemon:spectreon",
  "order": 0,
  "variations": [
    {
      "aspects": [],
      "poser": "cobblemon:spectreon",
      "model": "cobblemon:spectreon.geo",
      "texture": "cobblemon:textures/pokemon/spectreon/spectreon.png",
      "layers": [
        {
          "name": "emissive",
          "emissive": true,
          "texture": "cobblemon:textures/pokemon/spectreon/spectreon_e.png",
          "translucent": true
        }
      ]
    },
    {
      "aspects": [ "shiny" ],
      "texture": "cobblemon:textures/pokemon/spectreon/spectreon_shiny.png",
      "layers": [
        {
          "name": "emissive",
          "emissive": true,
          "texture": "cobblemon:textures/pokemon/spectreon/spectreon_shiny_e.png",
          "translucent": true
        }
      ]
    }
  ]
}