{
	"credit": "Made by TheWaschtlPlays using Blockbench",
	"ambientocclusion": false,
	"textures": {
		"2": "bamboo_door/bamboo_door_side_0",
		"3": "bamboo_door/bamboo_door_side_1",
		"particle": "bamboo_door/bamboo_door_top",
		"top": "bamboo_door/bamboo_door_top"
	},
	"elements": [
		{
			"name": "Cube",
			"from": [0, 0, 0],
			"to": [3, 1, 16],
			"rotation": {"angle": 0, "axis": "y", "origin": [7.75, 18, 8]},
			"faces": {
				"north": {"uv": [3, 15, 6, 16], "texture": "#3", "cullface": "north"},
				"east": {"uv": [0, 15, 16, 16], "texture": "#top"},
				"south": {"uv": [3, 15, 0, 16], "texture": "#3", "cullface": "south"},
				"west": {"uv": [16, 15, 0, 16], "texture": "#top", "cullface": "west"},
				"up": {"uv": [0, 3, 16, 6], "rotation": 270, "texture": "#2"}
			}
		},
		{
			"name": "Cube",
			"from": [0, 12, 0],
			"to": [3, 16, 16],
			"rotation": {"angle": 0, "axis": "y", "origin": [7.75, 18, 8]},
			"faces": {
				"north": {"uv": [3, 0, 6, 4], "texture": "#3", "cullface": "north"},
				"east": {"uv": [0, 0, 16, 4], "texture": "#top"},
				"south": {"uv": [3, 0, 0, 4], "texture": "#3", "cullface": "south"},
				"west": {"uv": [16, 0, 0, 4], "texture": "#top", "cullface": "west"},
				"up": {"uv": [0, 0, 16, 3], "rotation": 270, "texture": "#2", "cullface": "up"},
				"down": {"uv": [0, 3, 16, 6], "rotation": 270, "texture": "#2"}
			}
		},
		{
			"name": "Cube",
			"from": [0, 1, 12],
			"to": [3, 12, 16],
			"rotation": {"angle": 0, "axis": "y", "origin": [7.75, 18, 8]},
			"faces": {
				"north": {"uv": [4, 3, 15, 6], "rotation": 90, "texture": "#2"},
				"east": {"uv": [0, 4, 4, 15], "texture": "#top"},
				"south": {"uv": [3, 4, 0, 15], "texture": "#3", "cullface": "south"},
				"west": {"uv": [4, 4, 0, 15], "texture": "#top", "cullface": "west"}
			}
		},
		{
			"name": "Cube",
			"from": [0, 1, 0],
			"to": [3, 12, 4],
			"rotation": {"angle": 0, "axis": "y", "origin": [7.75, 18, 8]},
			"faces": {
				"north": {"uv": [3, 4, 6, 15], "texture": "#3", "cullface": "north"},
				"east": {"uv": [12, 4, 16, 15], "texture": "#top"},
				"south": {"uv": [4, 3, 15, 6], "rotation": 90, "texture": "#2"},
				"west": {"uv": [16, 4, 12, 15], "texture": "#top", "cullface": "west"}
			}
		},
		{
			"from": [1, 1, 10],
			"to": [2, 12, 11],
			"rotation": {"angle": 0, "axis": "y", "origin": [7.75, 18, 8]},
			"faces": {
				"north": {"uv": [5, 4, 6, 15], "texture": "#top"},
				"east": {"uv": [5, 4, 6, 15], "texture": "#top"},
				"south": {"uv": [5, 4, 6, 15], "texture": "#top"},
				"west": {"uv": [5, 4, 6, 15], "texture": "#top", "cullface": "west"}
			}
		},
		{
			"from": [1, 1, 5],
			"to": [2, 12, 6],
			"rotation": {"angle": 0, "axis": "y", "origin": [7.75, 18, 8]},
			"faces": {
				"north": {"uv": [10, 4, 11, 15], "texture": "#top"},
				"east": {"uv": [10, 4, 11, 15], "texture": "#top"},
				"south": {"uv": [10, 4, 11, 15], "texture": "#top"},
				"west": {"uv": [10, 4, 11, 15], "texture": "#top", "cullface": "west"}
			}
		},
		{
			"from": [1.25, 2, 4],
			"to": [1.75, 3, 12],
			"rotation": {"angle": 0, "axis": "y", "origin": [7.75, 18, 8]},
			"faces": {
				"east": {"uv": [4, 13, 12, 14], "texture": "#top"},
				"west": {"uv": [4, 13, 12, 14], "texture": "#top", "cullface": "west"},
				"up": {"uv": [4, 13, 12, 14], "rotation": 270, "texture": "#top"},
				"down": {"uv": [4, 13, 12, 14], "rotation": 270, "texture": "#top"}
			}
		},
		{
			"from": [1.25, 10, 4],
			"to": [1.75, 11, 12],
			"rotation": {"angle": 0, "axis": "y", "origin": [7.75, 18, 8]},
			"faces": {
				"east": {"uv": [4, 5, 12, 6], "texture": "#top"},
				"west": {"uv": [4, 5, 12, 6], "texture": "#top", "cullface": "west"},
				"up": {"uv": [4, 5, 12, 6], "rotation": 270, "texture": "#top"},
				"down": {"uv": [4, 5, 12, 6], "rotation": 270, "texture": "#top"}
			}
		},
		{
			"from": [1.5, 4, 4],
			"to": [1.5, 9, 12],
			"rotation": {"angle": 0, "axis": "y", "origin": [7.75, 18, 8]},
			"faces": {
				"east": {"uv": [4, 7, 12, 12], "texture": "#top"},
				"west": {"uv": [12, 7, 4, 12], "texture": "#top", "cullface": "west"}
			}
		},
		{
			"name": "Hinge",
			"from": [-0.25, 9.75, 15],
			"to": [3.25, 12.25, 16.25],
			"rotation": {"angle": 0, "axis": "y", "origin": [7.75, 18, 8]},
			"faces": {
				"north": {"uv": [0, 4, 1, 6], "texture": "#top"},
				"east": {"uv": [0, 4, 1, 6], "texture": "#top"},
				"south": {"uv": [0, 4, 1, 6], "texture": "#top"},
				"west": {"uv": [0, 4, 1, 6], "texture": "#top"},
				"up": {"uv": [0, 4, 1, 5], "rotation": 180, "texture": "#top"},
				"down": {"uv": [0, 4, 1, 5], "rotation": 180, "texture": "#top"}
			}
		}
	],
	"groups": [
		{
			"name": "Door",
			"origin": [8, 8, 8],
			"color": 0,
			"children": [0, 1, 2, 3, 4, 5, 6, 7, 8]
		},
		9
	]
}