{
	"credit": "Made by TheWaschtlPlays using Blockbench",
	"textures": {
		"particle": "block/spawner/spawner",
		"iron_block": "block/spawner/iron_block",
		"skull_eyes": "block/spawner/skull_eyes",
		"spawner": "block/spawner/spawner",
		"spawner_lock": "block/spawner/spawner_lock"
	},
	"elements": [
		{
			"from": [15, 0, 0],
			"to": [16, 16, 1],
			"rotation": {"angle": 0, "axis": "y", "origin": [8, 8, 8]},
			"faces": {
				"north": {"uv": [0, 0, 1, 16], "texture": "#spawner", "cullface": "north"},
				"east": {"uv": [15, 0, 16, 16], "texture": "#spawner", "cullface": "east"},
				"south": {"uv": [15, 0, 16, 16], "texture": "#spawner"},
				"west": {"uv": [0, 0, 1, 16], "texture": "#spawner"},
				"up": {"uv": [15, 0, 16, 1], "rotation": 90, "texture": "#spawner", "cullface": "up"},
				"down": {"uv": [15, 15, 16, 16], "rotation": 270, "texture": "#spawner", "cullface": "down"}
			}
		},
		{
			"from": [0, 0, 0],
			"to": [1, 16, 1],
			"rotation": {"angle": 0, "axis": "y", "origin": [8, 8, 8]},
			"faces": {
				"north": {"uv": [15, 0, 16, 16], "texture": "#spawner", "cullface": "north"},
				"east": {"uv": [15, 0, 16, 16], "texture": "#spawner"},
				"south": {"uv": [0, 0, 1, 16], "texture": "#spawner"},
				"west": {"uv": [0, 0, 1, 16], "texture": "#spawner", "cullface": "west"},
				"up": {"uv": [15, 0, 16, 1], "texture": "#spawner", "cullface": "up"},
				"down": {"uv": [15, 15, 16, 16], "texture": "#spawner", "cullface": "down"}
			}
		},
		{
			"from": [0, 0, 15],
			"to": [1, 16, 16],
			"rotation": {"angle": 0, "axis": "y", "origin": [8, 8, 8]},
			"faces": {
				"north": {"uv": [15, 0, 16, 16], "texture": "#spawner"},
				"east": {"uv": [0, 0, 1, 16], "texture": "#spawner"},
				"south": {"uv": [0, 0, 1, 16], "texture": "#spawner", "cullface": "south"},
				"west": {"uv": [15, 0, 16, 16], "texture": "#spawner", "cullface": "west"},
				"up": {"uv": [15, 0, 16, 1], "rotation": 270, "texture": "#spawner", "cullface": "up"},
				"down": {"uv": [15, 15, 16, 16], "rotation": 90, "texture": "#spawner", "cullface": "down"}
			}
		},
		{
			"from": [15, 0, 15],
			"to": [16, 16, 16],
			"rotation": {"angle": 0, "axis": "y", "origin": [8, 8, 8]},
			"faces": {
				"north": {"uv": [0, 0, 1, 16], "texture": "#spawner"},
				"east": {"uv": [0, 0, 1, 16], "texture": "#spawner", "cullface": "east"},
				"south": {"uv": [15, 0, 16, 16], "texture": "#spawner", "cullface": "south"},
				"west": {"uv": [15, 0, 16, 16], "texture": "#spawner"},
				"up": {"uv": [15, 0, 16, 1], "rotation": 180, "texture": "#spawner", "cullface": "up"},
				"down": {"uv": [15, 15, 16, 16], "rotation": 180, "texture": "#spawner", "cullface": "down"}
			}
		},
		{
			"from": [5, 8, -0.5],
			"to": [11, 9, 0.5],
			"rotation": {"angle": 0, "axis": "y", "origin": [8, 8, 8]},
			"faces": {
				"north": {"uv": [5, 7, 11, 8], "texture": "#spawner", "cullface": "north"},
				"east": {"uv": [5, 7, 6, 8], "texture": "#spawner"},
				"south": {"uv": [7, 8, 8, 9], "texture": "#spawner"},
				"west": {"uv": [10, 7, 11, 8], "texture": "#spawner"},
				"up": {"uv": [5, 7, 11, 8], "rotation": 180, "texture": "#spawner"},
				"down": {"uv": [5, 7, 11, 8], "rotation": 180, "texture": "#spawner", "cullface": "north"}
			}
		},
		{
			"from": [5, 6, -0.5],
			"to": [11, 7, 0.5],
			"rotation": {"angle": 0, "axis": "y", "origin": [8, 8, 8]},
			"faces": {
				"north": {"uv": [5, 9, 11, 10], "texture": "#spawner", "cullface": "north"},
				"east": {"uv": [5, 9, 6, 10], "texture": "#spawner"},
				"south": {"uv": [7, 8, 8, 9], "texture": "#spawner"},
				"west": {"uv": [10, 9, 11, 10], "texture": "#spawner"},
				"up": {"uv": [5, 9, 11, 10], "rotation": 180, "texture": "#spawner", "cullface": "north"},
				"down": {"uv": [5, 9, 11, 10], "rotation": 180, "texture": "#spawner"}
			}
		},
		{
			"from": [10, 7, -0.5],
			"to": [11, 8, 0.5],
			"rotation": {"angle": 0, "axis": "y", "origin": [8, 8, 8]},
			"faces": {
				"north": {"uv": [5, 8, 6, 9], "texture": "#spawner", "cullface": "north"},
				"east": {"uv": [5, 8, 6, 9], "texture": "#spawner"},
				"south": {"uv": [5, 8, 6, 9], "texture": "#spawner"},
				"west": {"uv": [5, 8, 6, 9], "texture": "#spawner", "cullface": "north"}
			}
		},
		{
			"from": [9, 7, -0.25],
			"to": [10, 8, 0.5],
			"rotation": {"angle": 0, "axis": "y", "origin": [8, 8, 8]},
			"faces": {
				"north": {"uv": [0, 0, 1, 1], "texture": "#skull_eyes", "cullface": "north"}
			}
		},
		{
			"from": [6, 7, -0.25],
			"to": [7, 8, 0.5],
			"rotation": {"angle": 0, "axis": "y", "origin": [8, 8, 8]},
			"faces": {
				"north": {"uv": [1, 0, 2, 1], "texture": "#skull_eyes", "cullface": "north"}
			}
		},
		{
			"from": [5, 7, -0.5],
			"to": [6, 8, 0.5],
			"rotation": {"angle": 0, "axis": "y", "origin": [8, 8, 8]},
			"faces": {
				"north": {"uv": [10, 8, 11, 9], "texture": "#spawner", "cullface": "north"},
				"east": {"uv": [10, 8, 11, 9], "texture": "#spawner", "cullface": "north"},
				"south": {"uv": [10, 8, 11, 9], "texture": "#spawner"},
				"west": {"uv": [10, 8, 11, 9], "texture": "#spawner"}
			}
		},
		{
			"from": [7, 7, -0.5],
			"to": [9, 8, 0.5],
			"rotation": {"angle": 0, "axis": "y", "origin": [8, 8, 8]},
			"faces": {
				"north": {"uv": [7, 8, 9, 9], "texture": "#spawner", "cullface": "north"},
				"east": {"uv": [7, 8, 8, 9], "texture": "#spawner", "cullface": "north"},
				"south": {"uv": [10, 8, 11, 9], "texture": "#spawner"},
				"west": {"uv": [8, 8, 9, 9], "texture": "#spawner", "cullface": "north"}
			}
		},
		{
			"from": [6, 4, -0.5],
			"to": [10, 6, 0.5],
			"rotation": {"angle": 0, "axis": "y", "origin": [8, 8, 8]},
			"faces": {
				"north": {"uv": [6, 10, 10, 12], "texture": "#spawner", "cullface": "north"},
				"east": {"uv": [6, 10, 7, 12], "texture": "#spawner"},
				"south": {"uv": [7, 8, 8, 9], "texture": "#spawner"},
				"west": {"uv": [9, 10, 10, 12], "texture": "#spawner"},
				"down": {"uv": [6, 11, 10, 12], "rotation": 180, "texture": "#spawner"}
			}
		},
		{
			"from": [6, 9, -0.5],
			"to": [10, 10, 0.5],
			"rotation": {"angle": 0, "axis": "y", "origin": [8, 8, 8]},
			"faces": {
				"north": {"uv": [6, 6, 10, 7], "texture": "#spawner", "cullface": "north"},
				"east": {"uv": [6, 6, 7, 7], "texture": "#spawner"},
				"south": {"uv": [7, 8, 8, 9], "texture": "#spawner"},
				"west": {"uv": [9, 6, 10, 7], "texture": "#spawner"},
				"up": {"uv": [6, 6, 10, 7], "rotation": 180, "texture": "#spawner"}
			}
		},
		{
			"from": [1, 0, 0],
			"to": [15, 1, 1],
			"rotation": {"angle": 0, "axis": "y", "origin": [8, 8, 8]},
			"faces": {
				"north": {"uv": [1, 15, 15, 16], "texture": "#spawner", "cullface": "north"},
				"south": {"uv": [1, 15, 15, 16], "rotation": 180, "texture": "#spawner"},
				"up": {"uv": [1, 15, 15, 16], "rotation": 180, "texture": "#spawner"},
				"down": {"uv": [1, 15, 15, 16], "rotation": 180, "texture": "#spawner", "cullface": "down"}
			}
		},
		{
			"from": [1, 15, 0],
			"to": [15, 16, 1],
			"rotation": {"angle": 0, "axis": "y", "origin": [8, 8, 8]},
			"faces": {
				"north": {"uv": [1, 0, 15, 1], "texture": "#spawner", "cullface": "north"},
				"south": {"uv": [1, 0, 15, 1], "rotation": 180, "texture": "#spawner"},
				"up": {"uv": [1, 0, 15, 1], "rotation": 180, "texture": "#spawner", "cullface": "up"},
				"down": {"uv": [1, 0, 15, 1], "rotation": 180, "texture": "#spawner"}
			}
		},
		{
			"from": [2, 1, 0.25],
			"to": [3, 15, 1],
			"rotation": {"angle": 0, "axis": "y", "origin": [8, 8, 8]},
			"faces": {
				"north": {"uv": [13, 1, 14, 15], "texture": "#spawner", "cullface": "north"},
				"east": {"uv": [13, 1, 14, 15], "texture": "#spawner"},
				"south": {"uv": [13, 1, 14, 15], "texture": "#spawner"},
				"west": {"uv": [13, 1, 14, 15], "texture": "#spawner"}
			}
		},
		{
			"from": [1, 12, 0.25],
			"to": [15, 13, 1],
			"rotation": {"angle": 0, "axis": "y", "origin": [8, 8, 8]},
			"faces": {
				"north": {"uv": [1, 3, 15, 4], "texture": "#spawner", "cullface": "north"},
				"south": {"uv": [1, 3, 15, 4], "rotation": 180, "texture": "#spawner"},
				"up": {"uv": [1, 3, 15, 4], "rotation": 180, "texture": "#spawner"},
				"down": {"uv": [1, 3, 15, 4], "rotation": 180, "texture": "#spawner"}
			}
		},
		{
			"from": [1, 8, 0.25],
			"to": [15, 9, 1],
			"rotation": {"angle": 0, "axis": "y", "origin": [8, 8, 8]},
			"faces": {
				"north": {"uv": [1, 7, 15, 8], "texture": "#spawner", "cullface": "north"},
				"south": {"uv": [1, 7, 15, 8], "rotation": 180, "texture": "#spawner"},
				"up": {"uv": [1, 7, 15, 8], "rotation": 180, "texture": "#spawner"},
				"down": {"uv": [1, 7, 15, 8], "rotation": 180, "texture": "#spawner"}
			}
		},
		{
			"from": [1, 4, 0.25],
			"to": [15, 5, 1],
			"rotation": {"angle": 0, "axis": "y", "origin": [8, 8, 8]},
			"faces": {
				"north": {"uv": [1, 11, 15, 12], "texture": "#spawner", "cullface": "north"},
				"south": {"uv": [1, 11, 15, 12], "rotation": 180, "texture": "#spawner"},
				"up": {"uv": [1, 11, 15, 12], "rotation": 180, "texture": "#spawner"},
				"down": {"uv": [1, 11, 15, 12], "rotation": 180, "texture": "#spawner"}
			}
		},
		{
			"from": [13, 1, 0.25],
			"to": [14, 15, 1],
			"rotation": {"angle": 0, "axis": "y", "origin": [8, 8, 8]},
			"faces": {
				"north": {"uv": [2, 1, 3, 15], "texture": "#spawner", "cullface": "north"},
				"east": {"uv": [2, 1, 3, 15], "texture": "#spawner"},
				"south": {"uv": [2, 1, 3, 15], "texture": "#spawner"},
				"west": {"uv": [2, 1, 3, 15], "texture": "#spawner"}
			}
		},
		{
			"from": [9, 1, 0.25],
			"to": [10, 15, 1],
			"rotation": {"angle": 0, "axis": "y", "origin": [8, 8, 8]},
			"faces": {
				"north": {"uv": [6, 1, 7, 15], "texture": "#spawner", "cullface": "north"},
				"east": {"uv": [6, 1, 7, 15], "texture": "#spawner"},
				"south": {"uv": [6, 1, 7, 15], "texture": "#spawner"},
				"west": {"uv": [6, 1, 7, 15], "texture": "#spawner"}
			}
		},
		{
			"from": [6, 1, 0.25],
			"to": [7, 15, 1],
			"rotation": {"angle": 0, "axis": "y", "origin": [8, 8, 8]},
			"faces": {
				"north": {"uv": [9, 1, 10, 15], "texture": "#spawner", "cullface": "north"},
				"east": {"uv": [9, 1, 10, 15], "texture": "#spawner"},
				"south": {"uv": [9, 1, 10, 15], "texture": "#spawner"},
				"west": {"uv": [9, 1, 10, 15], "texture": "#spawner"}
			}
		},
		{
			"from": [12, 10, -0.25],
			"to": [15, 13, 0.5],
			"rotation": {"angle": 0, "axis": "y", "origin": [8, 8, 8]},
			"faces": {
				"north": {"uv": [1, 3, 4, 6], "texture": "#spawner", "cullface": "north"},
				"east": {"uv": [1, 3, 1.75, 6], "texture": "#spawner", "cullface": "north"},
				"south": {"uv": [1, 3, 4, 6], "texture": "#spawner"},
				"west": {"uv": [3, 3, 3.75, 6], "texture": "#spawner"},
				"up": {"uv": [1, 3, 4, 3.75], "rotation": 180, "texture": "#spawner"},
				"down": {"uv": [1, 5, 4, 5.75], "texture": "#spawner"}
			}
		},
		{
			"from": [1, 10, -0.25],
			"to": [4, 13, 0.5],
			"rotation": {"angle": 0, "axis": "y", "origin": [8, 8, 8]},
			"faces": {
				"north": {"uv": [12, 3, 15, 6], "texture": "#spawner", "cullface": "north"},
				"east": {"uv": [12, 3, 12.75, 6], "texture": "#spawner"},
				"south": {"uv": [12, 3, 15, 6], "texture": "#spawner"},
				"west": {"uv": [14, 3, 14.75, 6], "texture": "#spawner", "cullface": "north"},
				"up": {"uv": [12, 3, 15, 3.75], "rotation": 180, "texture": "#spawner"},
				"down": {"uv": [12, 5, 15, 5.75], "texture": "#spawner"}
			}
		},
		{
			"from": [-0.5, 8, 5],
			"to": [0.5, 9, 11],
			"rotation": {"angle": 0, "axis": "y", "origin": [8, 8, 8]},
			"faces": {
				"north": {"uv": [5, 7, 6, 8], "texture": "#spawner"},
				"east": {"uv": [7, 8, 8, 9], "texture": "#spawner"},
				"south": {"uv": [10, 7, 11, 8], "texture": "#spawner"},
				"west": {"uv": [5, 7, 11, 8], "texture": "#spawner", "cullface": "west"},
				"up": {"uv": [5, 7, 11, 8], "rotation": 90, "texture": "#spawner"},
				"down": {"uv": [5, 7, 11, 8], "rotation": 270, "texture": "#spawner", "cullface": "west"}
			}
		},
		{
			"from": [-0.5, 6, 5],
			"to": [0.5, 7, 11],
			"rotation": {"angle": 0, "axis": "y", "origin": [8, 8, 8]},
			"faces": {
				"north": {"uv": [5, 9, 6, 10], "texture": "#spawner"},
				"east": {"uv": [7, 8, 8, 9], "texture": "#spawner"},
				"south": {"uv": [10, 9, 11, 10], "texture": "#spawner"},
				"west": {"uv": [5, 9, 11, 10], "texture": "#spawner", "cullface": "west"},
				"up": {"uv": [5, 9, 11, 10], "rotation": 90, "texture": "#spawner", "cullface": "west"},
				"down": {"uv": [5, 9, 11, 10], "rotation": 270, "texture": "#spawner"}
			}
		},
		{
			"from": [-0.5, 7, 5],
			"to": [0.5, 8, 6],
			"rotation": {"angle": 0, "axis": "y", "origin": [8, 8, 8]},
			"faces": {
				"north": {"uv": [5, 8, 6, 9], "texture": "#spawner"},
				"east": {"uv": [5, 8, 6, 9], "texture": "#spawner"},
				"south": {"uv": [5, 8, 6, 9], "texture": "#spawner", "cullface": "west"},
				"west": {"uv": [5, 8, 6, 9], "texture": "#spawner", "cullface": "west"}
			}
		},
		{
			"from": [-0.25, 7, 6],
			"to": [0.5, 8, 7],
			"rotation": {"angle": 0, "axis": "y", "origin": [8, 8, 8]},
			"faces": {
				"west": {"uv": [0, 0, 1, 1], "texture": "#skull_eyes", "cullface": "west"}
			}
		},
		{
			"from": [-0.25, 7, 9],
			"to": [0.5, 8, 10],
			"rotation": {"angle": 0, "axis": "y", "origin": [8, 8, 8]},
			"faces": {
				"west": {"uv": [1, 0, 2, 1], "texture": "#skull_eyes", "cullface": "west"}
			}
		},
		{
			"from": [-0.5, 7, 10],
			"to": [0.5, 8, 11],
			"rotation": {"angle": 0, "axis": "y", "origin": [8, 8, 8]},
			"faces": {
				"north": {"uv": [10, 8, 11, 9], "texture": "#spawner", "cullface": "west"},
				"east": {"uv": [10, 8, 11, 9], "texture": "#spawner"},
				"south": {"uv": [10, 8, 11, 9], "texture": "#spawner"},
				"west": {"uv": [10, 8, 11, 9], "texture": "#spawner", "cullface": "west"}
			}
		},
		{
			"from": [-0.5, 7, 7],
			"to": [0.5, 8, 9],
			"rotation": {"angle": 0, "axis": "y", "origin": [8, 8, 8]},
			"faces": {
				"north": {"uv": [7, 8, 8, 9], "texture": "#spawner", "cullface": "west"},
				"east": {"uv": [10, 8, 11, 9], "texture": "#spawner"},
				"south": {"uv": [8, 8, 9, 9], "texture": "#spawner", "cullface": "west"},
				"west": {"uv": [7, 8, 9, 9], "texture": "#spawner", "cullface": "west"}
			}
		},
		{
			"from": [-0.5, 4, 6],
			"to": [0.5, 6, 10],
			"rotation": {"angle": 0, "axis": "y", "origin": [8, 8, 8]},
			"faces": {
				"north": {"uv": [6, 10, 7, 12], "texture": "#spawner"},
				"east": {"uv": [7, 8, 8, 9], "texture": "#spawner"},
				"south": {"uv": [9, 10, 10, 12], "texture": "#spawner"},
				"west": {"uv": [6, 10, 10, 12], "texture": "#spawner", "cullface": "west"},
				"down": {"uv": [6, 11, 10, 12], "rotation": 270, "texture": "#spawner"}
			}
		},
		{
			"from": [-0.5, 9, 6],
			"to": [0.5, 10, 10],
			"rotation": {"angle": 0, "axis": "y", "origin": [8, 8, 8]},
			"faces": {
				"north": {"uv": [6, 6, 7, 7], "texture": "#spawner"},
				"east": {"uv": [7, 8, 8, 9], "texture": "#spawner"},
				"south": {"uv": [9, 6, 10, 7], "texture": "#spawner"},
				"west": {"uv": [6, 6, 10, 7], "texture": "#spawner", "cullface": "west"},
				"up": {"uv": [6, 6, 10, 7], "rotation": 90, "texture": "#spawner"}
			}
		},
		{
			"from": [0, 0, 1],
			"to": [1, 1, 15],
			"rotation": {"angle": 0, "axis": "y", "origin": [8, 8, 8]},
			"faces": {
				"east": {"uv": [1, 15, 15, 16], "rotation": 180, "texture": "#spawner"},
				"west": {"uv": [1, 15, 15, 16], "texture": "#spawner", "cullface": "north"},
				"up": {"uv": [1, 15, 15, 16], "rotation": 90, "texture": "#spawner"},
				"down": {"uv": [1, 15, 15, 16], "rotation": 270, "texture": "#spawner", "cullface": "down"}
			}
		},
		{
			"from": [0, 15, 1],
			"to": [1, 16, 15],
			"rotation": {"angle": 0, "axis": "y", "origin": [8, 8, 8]},
			"faces": {
				"east": {"uv": [1, 0, 15, 1], "rotation": 180, "texture": "#spawner"},
				"west": {"uv": [1, 0, 15, 1], "texture": "#spawner", "cullface": "west"},
				"up": {"uv": [1, 0, 15, 1], "rotation": 90, "texture": "#spawner", "cullface": "up"},
				"down": {"uv": [1, 0, 15, 1], "rotation": 270, "texture": "#spawner"}
			}
		},
		{
			"from": [0.25, 1, 13],
			"to": [1, 15, 14],
			"rotation": {"angle": 0, "axis": "y", "origin": [8, 8, 8]},
			"faces": {
				"north": {"uv": [13, 1, 14, 15], "texture": "#spawner"},
				"east": {"uv": [13, 1, 14, 15], "texture": "#spawner"},
				"south": {"uv": [13, 1, 14, 15], "texture": "#spawner"},
				"west": {"uv": [13, 1, 14, 15], "texture": "#spawner", "cullface": "west"}
			}
		},
		{
			"from": [0.25, 12, 1],
			"to": [1, 13, 15],
			"rotation": {"angle": 0, "axis": "y", "origin": [8, 8, 8]},
			"faces": {
				"east": {"uv": [1, 3, 15, 4], "rotation": 180, "texture": "#spawner"},
				"west": {"uv": [1, 3, 15, 4], "texture": "#spawner", "cullface": "west"},
				"up": {"uv": [1, 3, 15, 4], "rotation": 90, "texture": "#spawner"},
				"down": {"uv": [1, 3, 15, 4], "rotation": 270, "texture": "#spawner"}
			}
		},
		{
			"from": [0.25, 8, 1],
			"to": [1, 9, 15],
			"rotation": {"angle": 0, "axis": "y", "origin": [8, 8, 8]},
			"faces": {
				"east": {"uv": [1, 7, 15, 8], "rotation": 180, "texture": "#spawner"},
				"west": {"uv": [1, 7, 15, 8], "texture": "#spawner", "cullface": "west"},
				"up": {"uv": [1, 7, 15, 8], "rotation": 90, "texture": "#spawner"},
				"down": {"uv": [1, 7, 15, 8], "rotation": 270, "texture": "#spawner"}
			}
		},
		{
			"from": [0.25, 4, 1],
			"to": [1, 5, 15],
			"rotation": {"angle": 0, "axis": "y", "origin": [8, 8, 8]},
			"faces": {
				"east": {"uv": [1, 11, 15, 12], "rotation": 180, "texture": "#spawner"},
				"west": {"uv": [1, 11, 15, 12], "texture": "#spawner", "cullface": "west"},
				"up": {"uv": [1, 11, 15, 12], "rotation": 90, "texture": "#spawner"},
				"down": {"uv": [1, 11, 15, 12], "rotation": 270, "texture": "#spawner"}
			}
		},
		{
			"from": [0.25, 1, 2],
			"to": [1, 15, 3],
			"rotation": {"angle": 0, "axis": "y", "origin": [8, 8, 8]},
			"faces": {
				"north": {"uv": [2, 1, 3, 15], "texture": "#spawner"},
				"east": {"uv": [2, 1, 3, 15], "texture": "#spawner"},
				"south": {"uv": [2, 1, 3, 15], "texture": "#spawner"},
				"west": {"uv": [2, 1, 3, 15], "texture": "#spawner", "cullface": "west"}
			}
		},
		{
			"from": [0.25, 1, 6],
			"to": [1, 15, 7],
			"rotation": {"angle": 0, "axis": "y", "origin": [8, 8, 8]},
			"faces": {
				"north": {"uv": [6, 1, 7, 15], "texture": "#spawner"},
				"east": {"uv": [6, 1, 7, 15], "texture": "#spawner"},
				"south": {"uv": [6, 1, 7, 15], "texture": "#spawner"},
				"west": {"uv": [6, 1, 7, 15], "texture": "#spawner", "cullface": "west"}
			}
		},
		{
			"from": [0.25, 1, 9],
			"to": [1, 15, 10],
			"rotation": {"angle": 0, "axis": "y", "origin": [8, 8, 8]},
			"faces": {
				"north": {"uv": [9, 1, 10, 15], "texture": "#spawner"},
				"east": {"uv": [9, 1, 10, 15], "texture": "#spawner"},
				"south": {"uv": [9, 1, 10, 15], "texture": "#spawner"},
				"west": {"uv": [9, 1, 10, 15], "texture": "#spawner", "cullface": "west"}
			}
		},
		{
			"from": [-0.25, 10, 1],
			"to": [0.5, 13, 4],
			"rotation": {"angle": 0, "axis": "y", "origin": [8, 8, 8]},
			"faces": {
				"north": {"uv": [1, 3, 1.75, 6], "texture": "#spawner", "cullface": "west"},
				"east": {"uv": [1, 3, 4, 6], "texture": "#spawner"},
				"south": {"uv": [3, 3, 3.75, 6], "texture": "#spawner"},
				"west": {"uv": [1, 3, 4, 6], "texture": "#spawner", "cullface": "west"},
				"up": {"uv": [1, 3, 4, 3.75], "rotation": 90, "texture": "#spawner"},
				"down": {"uv": [1, 5, 4, 5.75], "rotation": 90, "texture": "#spawner"}
			}
		},
		{
			"from": [-0.25, 10, 12],
			"to": [0.5, 13, 15],
			"rotation": {"angle": 0, "axis": "y", "origin": [8, 8, 8]},
			"faces": {
				"north": {"uv": [12, 3, 12.75, 6], "texture": "#spawner"},
				"east": {"uv": [12, 3, 15, 6], "texture": "#spawner"},
				"south": {"uv": [14, 3, 14.75, 6], "texture": "#spawner", "cullface": "west"},
				"west": {"uv": [12, 3, 15, 6], "texture": "#spawner", "cullface": "west"},
				"up": {"uv": [12, 3, 15, 3.75], "rotation": 90, "texture": "#spawner"},
				"down": {"uv": [12, 5, 15, 5.75], "rotation": 90, "texture": "#spawner"}
			}
		},
		{
			"from": [5, 8, 15.5],
			"to": [11, 9, 16.5],
			"rotation": {"angle": 0, "axis": "y", "origin": [8, 8, 8]},
			"faces": {
				"north": {"uv": [7, 8, 8, 9], "texture": "#spawner"},
				"east": {"uv": [10, 7, 11, 8], "texture": "#spawner"},
				"south": {"uv": [5, 7, 11, 8], "texture": "#spawner", "cullface": "south"},
				"west": {"uv": [5, 7, 6, 8], "texture": "#spawner"},
				"up": {"uv": [5, 7, 11, 8], "texture": "#spawner"},
				"down": {"uv": [5, 7, 11, 8], "texture": "#spawner", "cullface": "south"}
			}
		},
		{
			"from": [5, 6, 15.5],
			"to": [11, 7, 16.5],
			"rotation": {"angle": 0, "axis": "y", "origin": [8, 8, 8]},
			"faces": {
				"north": {"uv": [7, 8, 8, 9], "texture": "#spawner"},
				"east": {"uv": [10, 9, 11, 10], "texture": "#spawner"},
				"south": {"uv": [5, 9, 11, 10], "texture": "#spawner", "cullface": "south"},
				"west": {"uv": [5, 9, 6, 10], "texture": "#spawner"},
				"up": {"uv": [5, 9, 11, 10], "texture": "#spawner", "cullface": "south"},
				"down": {"uv": [5, 9, 11, 10], "texture": "#spawner"}
			}
		},
		{
			"from": [5, 7, 15.5],
			"to": [6, 8, 16.5],
			"rotation": {"angle": 0, "axis": "y", "origin": [8, 8, 8]},
			"faces": {
				"north": {"uv": [5, 8, 6, 9], "texture": "#spawner"},
				"east": {"uv": [5, 8, 6, 9], "texture": "#spawner", "cullface": "south"},
				"south": {"uv": [5, 8, 6, 9], "texture": "#spawner", "cullface": "south"},
				"west": {"uv": [5, 8, 6, 9], "texture": "#spawner"}
			}
		},
		{
			"from": [6, 7, 15.5],
			"to": [7, 8, 16.25],
			"rotation": {"angle": 0, "axis": "y", "origin": [8, 8, 8]},
			"faces": {
				"south": {"uv": [0, 0, 1, 1], "texture": "#skull_eyes", "cullface": "south"}
			}
		},
		{
			"from": [9, 7, 15.5],
			"to": [10, 8, 16.25],
			"rotation": {"angle": 0, "axis": "y", "origin": [8, 8, 8]},
			"faces": {
				"south": {"uv": [1, 0, 2, 1], "texture": "#skull_eyes", "cullface": "south"}
			}
		},
		{
			"from": [10, 7, 15.5],
			"to": [11, 8, 16.5],
			"rotation": {"angle": 0, "axis": "y", "origin": [8, 8, 8]},
			"faces": {
				"north": {"uv": [10, 8, 11, 9], "texture": "#spawner"},
				"east": {"uv": [10, 8, 11, 9], "texture": "#spawner"},
				"south": {"uv": [10, 8, 11, 9], "texture": "#spawner", "cullface": "south"},
				"west": {"uv": [10, 8, 11, 9], "texture": "#spawner", "cullface": "south"}
			}
		},
		{
			"from": [7, 7, 15.5],
			"to": [9, 8, 16.5],
			"rotation": {"angle": 0, "axis": "y", "origin": [8, 8, 8]},
			"faces": {
				"north": {"uv": [10, 8, 11, 9], "texture": "#spawner"},
				"east": {"uv": [8, 8, 9, 9], "texture": "#spawner", "cullface": "south"},
				"south": {"uv": [7, 8, 9, 9], "texture": "#spawner", "cullface": "south"},
				"west": {"uv": [7, 8, 8, 9], "texture": "#spawner", "cullface": "south"}
			}
		},
		{
			"from": [6, 4, 15.5],
			"to": [10, 6, 16.5],
			"rotation": {"angle": 0, "axis": "y", "origin": [8, 8, 8]},
			"faces": {
				"north": {"uv": [7, 8, 8, 9], "texture": "#spawner"},
				"east": {"uv": [9, 10, 10, 12], "texture": "#spawner"},
				"south": {"uv": [6, 10, 10, 12], "texture": "#spawner", "cullface": "south"},
				"west": {"uv": [6, 10, 7, 12], "texture": "#spawner"},
				"down": {"uv": [6, 11, 10, 12], "texture": "#spawner"}
			}
		},
		{
			"from": [6, 9, 15.5],
			"to": [10, 10, 16.5],
			"rotation": {"angle": 0, "axis": "y", "origin": [8, 8, 8]},
			"faces": {
				"north": {"uv": [7, 8, 8, 9], "texture": "#spawner"},
				"east": {"uv": [9, 6, 10, 7], "texture": "#spawner"},
				"south": {"uv": [6, 6, 10, 7], "texture": "#spawner", "cullface": "south"},
				"west": {"uv": [6, 6, 7, 7], "texture": "#spawner"},
				"up": {"uv": [6, 6, 10, 7], "texture": "#spawner"}
			}
		},
		{
			"from": [1, 0, 15],
			"to": [15, 1, 16],
			"rotation": {"angle": 0, "axis": "y", "origin": [8, 8, 8]},
			"faces": {
				"north": {"uv": [1, 15, 15, 16], "rotation": 180, "texture": "#spawner"},
				"south": {"uv": [1, 15, 15, 16], "texture": "#spawner", "cullface": "south"},
				"up": {"uv": [1, 15, 15, 16], "texture": "#spawner"},
				"down": {"uv": [1, 15, 15, 16], "texture": "#spawner", "cullface": "down"}
			}
		},
		{
			"from": [1, 15, 15],
			"to": [15, 16, 16],
			"rotation": {"angle": 0, "axis": "y", "origin": [8, 8, 8]},
			"faces": {
				"north": {"uv": [1, 0, 15, 1], "rotation": 180, "texture": "#spawner"},
				"south": {"uv": [1, 0, 15, 1], "texture": "#spawner", "cullface": "south"},
				"up": {"uv": [1, 0, 15, 1], "texture": "#spawner", "cullface": "up"},
				"down": {"uv": [1, 0, 15, 1], "texture": "#spawner"}
			}
		},
		{
			"from": [13, 1, 15],
			"to": [14, 15, 15.75],
			"rotation": {"angle": 0, "axis": "y", "origin": [8, 8, 8]},
			"faces": {
				"north": {"uv": [13, 1, 14, 15], "texture": "#spawner"},
				"east": {"uv": [13, 1, 14, 15], "texture": "#spawner"},
				"south": {"uv": [13, 1, 14, 15], "texture": "#spawner", "cullface": "south"},
				"west": {"uv": [13, 1, 14, 15], "texture": "#spawner"}
			}
		},
		{
			"from": [1, 12, 15],
			"to": [15, 13, 15.75],
			"rotation": {"angle": 0, "axis": "y", "origin": [8, 8, 8]},
			"faces": {
				"north": {"uv": [1, 3, 15, 4], "rotation": 180, "texture": "#spawner"},
				"south": {"uv": [1, 3, 15, 4], "texture": "#spawner", "cullface": "south"},
				"up": {"uv": [1, 3, 15, 4], "texture": "#spawner"},
				"down": {"uv": [1, 3, 15, 4], "texture": "#spawner"}
			}
		},
		{
			"from": [1, 8, 15],
			"to": [15, 9, 15.75],
			"rotation": {"angle": 0, "axis": "y", "origin": [8, 8, 8]},
			"faces": {
				"north": {"uv": [1, 7, 15, 8], "rotation": 180, "texture": "#spawner"},
				"south": {"uv": [1, 7, 15, 8], "texture": "#spawner", "cullface": "south"},
				"up": {"uv": [1, 7, 15, 8], "texture": "#spawner"},
				"down": {"uv": [1, 7, 15, 8], "texture": "#spawner"}
			}
		},
		{
			"from": [1, 4, 15],
			"to": [15, 5, 15.75],
			"rotation": {"angle": 0, "axis": "y", "origin": [8, 8, 8]},
			"faces": {
				"north": {"uv": [1, 11, 15, 12], "rotation": 180, "texture": "#spawner"},
				"south": {"uv": [1, 11, 15, 12], "texture": "#spawner", "cullface": "south"},
				"up": {"uv": [1, 11, 15, 12], "texture": "#spawner"},
				"down": {"uv": [1, 11, 15, 12], "texture": "#spawner"}
			}
		},
		{
			"from": [2, 1, 15],
			"to": [3, 15, 15.75],
			"rotation": {"angle": 0, "axis": "y", "origin": [8, 8, 8]},
			"faces": {
				"north": {"uv": [2, 1, 3, 15], "texture": "#spawner"},
				"east": {"uv": [2, 1, 3, 15], "texture": "#spawner"},
				"south": {"uv": [2, 1, 3, 15], "texture": "#spawner", "cullface": "south"},
				"west": {"uv": [2, 1, 3, 15], "texture": "#spawner"}
			}
		},
		{
			"from": [6, 1, 15],
			"to": [7, 15, 15.75],
			"rotation": {"angle": 0, "axis": "y", "origin": [8, 8, 8]},
			"faces": {
				"north": {"uv": [6, 1, 7, 15], "texture": "#spawner"},
				"east": {"uv": [6, 1, 7, 15], "texture": "#spawner"},
				"south": {"uv": [6, 1, 7, 15], "texture": "#spawner", "cullface": "south"},
				"west": {"uv": [6, 1, 7, 15], "texture": "#spawner"}
			}
		},
		{
			"from": [9, 1, 15],
			"to": [10, 15, 15.75],
			"rotation": {"angle": 0, "axis": "y", "origin": [8, 8, 8]},
			"faces": {
				"north": {"uv": [9, 1, 10, 15], "texture": "#spawner"},
				"east": {"uv": [9, 1, 10, 15], "texture": "#spawner"},
				"south": {"uv": [9, 1, 10, 15], "texture": "#spawner", "cullface": "south"},
				"west": {"uv": [9, 1, 10, 15], "texture": "#spawner"}
			}
		},
		{
			"from": [1, 10, 15.5],
			"to": [4, 13, 16.25],
			"rotation": {"angle": 0, "axis": "y", "origin": [8, 8, 8]},
			"faces": {
				"north": {"uv": [1, 3, 4, 6], "texture": "#spawner"},
				"east": {"uv": [3, 3, 3.75, 6], "texture": "#spawner"},
				"south": {"uv": [1, 3, 4, 6], "texture": "#spawner", "cullface": "south"},
				"west": {"uv": [1, 3, 1.75, 6], "texture": "#spawner", "cullface": "south"},
				"up": {"uv": [1, 3, 4, 3.75], "texture": "#spawner"},
				"down": {"uv": [1, 5, 4, 5.75], "rotation": 180, "texture": "#spawner"}
			}
		},
		{
			"from": [12, 10, 15.5],
			"to": [15, 13, 16.25],
			"rotation": {"angle": 0, "axis": "y", "origin": [8, 8, 8]},
			"faces": {
				"north": {"uv": [12, 3, 15, 6], "texture": "#spawner"},
				"east": {"uv": [14, 3, 14.75, 6], "texture": "#spawner", "cullface": "south"},
				"south": {"uv": [12, 3, 15, 6], "texture": "#spawner", "cullface": "south"},
				"west": {"uv": [12, 3, 12.75, 6], "texture": "#spawner"},
				"up": {"uv": [12, 3, 15, 3.75], "texture": "#spawner"},
				"down": {"uv": [12, 5, 15, 5.75], "rotation": 180, "texture": "#spawner"}
			}
		},
		{
			"from": [15.5, 8, 5],
			"to": [16.5, 9, 11],
			"rotation": {"angle": 0, "axis": "y", "origin": [8, 8, 8]},
			"faces": {
				"north": {"uv": [10, 7, 11, 8], "texture": "#spawner"},
				"east": {"uv": [5, 7, 11, 8], "texture": "#spawner", "cullface": "east"},
				"south": {"uv": [5, 7, 6, 8], "texture": "#spawner"},
				"west": {"uv": [7, 8, 8, 9], "texture": "#spawner"},
				"up": {"uv": [5, 7, 11, 8], "rotation": 270, "texture": "#spawner"},
				"down": {"uv": [5, 7, 11, 8], "rotation": 90, "texture": "#spawner", "cullface": "east"}
			}
		},
		{
			"from": [15.5, 6, 5],
			"to": [16.5, 7, 11],
			"rotation": {"angle": 0, "axis": "y", "origin": [8, 8, 8]},
			"faces": {
				"north": {"uv": [10, 9, 11, 10], "texture": "#spawner"},
				"east": {"uv": [5, 9, 11, 10], "texture": "#spawner", "cullface": "east"},
				"south": {"uv": [5, 9, 6, 10], "texture": "#spawner"},
				"west": {"uv": [7, 8, 8, 9], "texture": "#spawner"},
				"up": {"uv": [5, 9, 11, 10], "rotation": 270, "texture": "#spawner", "cullface": "east"},
				"down": {"uv": [5, 9, 11, 10], "rotation": 90, "texture": "#spawner"}
			}
		},
		{
			"from": [15.5, 7, 10],
			"to": [16.5, 8, 11],
			"rotation": {"angle": 0, "axis": "y", "origin": [8, 8, 8]},
			"faces": {
				"north": {"uv": [5, 8, 6, 9], "texture": "#spawner", "cullface": "east"},
				"east": {"uv": [5, 8, 6, 9], "texture": "#spawner", "cullface": "east"},
				"south": {"uv": [5, 8, 6, 9], "texture": "#spawner"},
				"west": {"uv": [5, 8, 6, 9], "texture": "#spawner"}
			}
		},
		{
			"from": [15.5, 7, 9],
			"to": [16.25, 8, 10],
			"rotation": {"angle": 0, "axis": "y", "origin": [8, 8, 8]},
			"faces": {
				"east": {"uv": [0, 0, 1, 1], "texture": "#skull_eyes", "cullface": "east"}
			}
		},
		{
			"from": [15.5, 7, 6],
			"to": [16.25, 8, 7],
			"rotation": {"angle": 0, "axis": "y", "origin": [8, 8, 8]},
			"faces": {
				"east": {"uv": [1, 0, 2, 1], "texture": "#skull_eyes", "cullface": "east"}
			}
		},
		{
			"from": [15.5, 7, 5],
			"to": [16.5, 8, 6],
			"rotation": {"angle": 0, "axis": "y", "origin": [8, 8, 8]},
			"faces": {
				"north": {"uv": [10, 8, 11, 9], "texture": "#spawner"},
				"east": {"uv": [10, 8, 11, 9], "texture": "#spawner", "cullface": "east"},
				"south": {"uv": [10, 8, 11, 9], "texture": "#spawner", "cullface": "east"},
				"west": {"uv": [10, 8, 11, 9], "texture": "#spawner"}
			}
		},
		{
			"from": [15.5, 7, 7],
			"to": [16.5, 8, 9],
			"rotation": {"angle": 0, "axis": "y", "origin": [8, 8, 8]},
			"faces": {
				"north": {"uv": [8, 8, 9, 9], "texture": "#spawner", "cullface": "east"},
				"east": {"uv": [7, 8, 9, 9], "texture": "#spawner", "cullface": "east"},
				"south": {"uv": [7, 8, 8, 9], "texture": "#spawner", "cullface": "east"},
				"west": {"uv": [10, 8, 11, 9], "texture": "#spawner"}
			}
		},
		{
			"from": [15.5, 4, 6],
			"to": [16.5, 6, 10],
			"rotation": {"angle": 0, "axis": "y", "origin": [8, 8, 8]},
			"faces": {
				"north": {"uv": [9, 10, 10, 12], "texture": "#spawner"},
				"east": {"uv": [6, 10, 10, 12], "texture": "#spawner", "cullface": "east"},
				"south": {"uv": [6, 10, 7, 12], "texture": "#spawner"},
				"west": {"uv": [7, 8, 8, 9], "texture": "#spawner"},
				"down": {"uv": [6, 11, 10, 12], "rotation": 90, "texture": "#spawner"}
			}
		},
		{
			"from": [15.5, 9, 6],
			"to": [16.5, 10, 10],
			"rotation": {"angle": 0, "axis": "y", "origin": [8, 8, 8]},
			"faces": {
				"north": {"uv": [9, 6, 10, 7], "texture": "#spawner"},
				"east": {"uv": [6, 6, 10, 7], "texture": "#spawner", "cullface": "east"},
				"south": {"uv": [6, 6, 7, 7], "texture": "#spawner"},
				"west": {"uv": [7, 8, 8, 9], "texture": "#spawner"},
				"up": {"uv": [6, 6, 10, 7], "rotation": 270, "texture": "#spawner"}
			}
		},
		{
			"from": [15, 0, 1],
			"to": [16, 1, 15],
			"rotation": {"angle": 0, "axis": "y", "origin": [8, 8, 8]},
			"faces": {
				"east": {"uv": [1, 15, 15, 16], "texture": "#spawner", "cullface": "east"},
				"west": {"uv": [1, 15, 15, 16], "rotation": 180, "texture": "#spawner"},
				"up": {"uv": [1, 15, 15, 16], "rotation": 270, "texture": "#spawner"},
				"down": {"uv": [1, 15, 15, 16], "rotation": 90, "texture": "#spawner", "cullface": "down"}
			}
		},
		{
			"from": [15, 15, 1],
			"to": [16, 16, 15],
			"rotation": {"angle": 0, "axis": "y", "origin": [8, 8, 8]},
			"faces": {
				"east": {"uv": [1, 0, 15, 1], "texture": "#spawner", "cullface": "east"},
				"west": {"uv": [1, 0, 15, 1], "rotation": 180, "texture": "#spawner"},
				"up": {"uv": [1, 0, 15, 1], "rotation": 270, "texture": "#spawner", "cullface": "up"},
				"down": {"uv": [1, 0, 15, 1], "rotation": 90, "texture": "#spawner"}
			}
		},
		{
			"from": [15, 1, 2],
			"to": [15.75, 15, 3],
			"rotation": {"angle": 0, "axis": "y", "origin": [8, 8, 8]},
			"faces": {
				"north": {"uv": [13, 1, 14, 15], "texture": "#spawner"},
				"east": {"uv": [13, 1, 14, 15], "texture": "#spawner", "cullface": "east"},
				"south": {"uv": [13, 1, 14, 15], "texture": "#spawner"},
				"west": {"uv": [13, 1, 14, 15], "texture": "#spawner"}
			}
		},
		{
			"from": [15, 12, 1],
			"to": [15.75, 13, 15],
			"rotation": {"angle": 0, "axis": "y", "origin": [8, 8, 8]},
			"faces": {
				"east": {"uv": [1, 3, 15, 4], "texture": "#spawner", "cullface": "east"},
				"west": {"uv": [1, 3, 15, 4], "rotation": 180, "texture": "#spawner"},
				"up": {"uv": [1, 3, 15, 4], "rotation": 270, "texture": "#spawner"},
				"down": {"uv": [1, 3, 15, 4], "rotation": 90, "texture": "#spawner"}
			}
		},
		{
			"from": [15, 8, 1],
			"to": [15.75, 9, 15],
			"rotation": {"angle": 0, "axis": "y", "origin": [8, 8, 8]},
			"faces": {
				"east": {"uv": [1, 7, 15, 8], "texture": "#spawner", "cullface": "east"},
				"west": {"uv": [1, 7, 15, 8], "rotation": 180, "texture": "#spawner"},
				"up": {"uv": [1, 7, 15, 8], "rotation": 270, "texture": "#spawner"},
				"down": {"uv": [1, 7, 15, 8], "rotation": 90, "texture": "#spawner"}
			}
		},
		{
			"from": [15, 4, 1],
			"to": [15.75, 5, 15],
			"rotation": {"angle": 0, "axis": "y", "origin": [8, 8, 8]},
			"faces": {
				"east": {"uv": [1, 11, 15, 12], "texture": "#spawner", "cullface": "east"},
				"west": {"uv": [1, 11, 15, 12], "rotation": 180, "texture": "#spawner"},
				"up": {"uv": [1, 11, 15, 12], "rotation": 270, "texture": "#spawner"},
				"down": {"uv": [1, 11, 15, 12], "rotation": 90, "texture": "#spawner"}
			}
		},
		{
			"from": [15, 1, 13],
			"to": [15.75, 15, 14],
			"rotation": {"angle": 0, "axis": "y", "origin": [8, 8, 8]},
			"faces": {
				"north": {"uv": [2, 1, 3, 15], "texture": "#spawner"},
				"east": {"uv": [2, 1, 3, 15], "texture": "#spawner", "cullface": "east"},
				"south": {"uv": [2, 1, 3, 15], "texture": "#spawner"},
				"west": {"uv": [2, 1, 3, 15], "texture": "#spawner"}
			}
		},
		{
			"from": [15, 1, 9],
			"to": [15.75, 15, 10],
			"rotation": {"angle": 0, "axis": "y", "origin": [8, 8, 8]},
			"faces": {
				"north": {"uv": [6, 1, 7, 15], "texture": "#spawner"},
				"east": {"uv": [6, 1, 7, 15], "texture": "#spawner", "cullface": "east"},
				"south": {"uv": [6, 1, 7, 15], "texture": "#spawner"},
				"west": {"uv": [6, 1, 7, 15], "texture": "#spawner"}
			}
		},
		{
			"from": [15, 1, 6],
			"to": [15.75, 15, 7],
			"rotation": {"angle": 0, "axis": "y", "origin": [8, 8, 8]},
			"faces": {
				"north": {"uv": [9, 1, 10, 15], "texture": "#spawner"},
				"east": {"uv": [9, 1, 10, 15], "texture": "#spawner", "cullface": "east"},
				"south": {"uv": [9, 1, 10, 15], "texture": "#spawner"},
				"west": {"uv": [9, 1, 10, 15], "texture": "#spawner"}
			}
		},
		{
			"from": [15.5, 10, 12],
			"to": [16.25, 13, 15],
			"rotation": {"angle": 0, "axis": "y", "origin": [8, 8, 8]},
			"faces": {
				"north": {"uv": [3, 3, 3.75, 6], "texture": "#spawner"},
				"east": {"uv": [1, 3, 4, 6], "texture": "#spawner", "cullface": "east"},
				"south": {"uv": [1, 3, 1.75, 6], "texture": "#spawner", "cullface": "east"},
				"west": {"uv": [1, 3, 4, 6], "texture": "#spawner"},
				"up": {"uv": [1, 3, 4, 3.75], "rotation": 270, "texture": "#spawner"},
				"down": {"uv": [1, 5, 4, 5.75], "rotation": 270, "texture": "#spawner"}
			}
		},
		{
			"from": [15.5, 10, 1],
			"to": [16.25, 13, 4],
			"rotation": {"angle": 0, "axis": "y", "origin": [8, 8, 8]},
			"faces": {
				"north": {"uv": [14, 3, 14.75, 6], "texture": "#spawner", "cullface": "east"},
				"east": {"uv": [12, 3, 15, 6], "texture": "#spawner", "cullface": "east"},
				"south": {"uv": [12, 3, 12.75, 6], "texture": "#spawner"},
				"west": {"uv": [12, 3, 15, 6], "texture": "#spawner"},
				"up": {"uv": [12, 3, 15, 3.75], "rotation": 270, "texture": "#spawner"},
				"down": {"uv": [12, 5, 15, 5.75], "rotation": 270, "texture": "#spawner"}
			}
		},
		{
			"from": [2, 0.25, 1],
			"to": [3, 1, 15],
			"faces": {
				"north": {"uv": [0, 0, 1, 1], "texture": "#missing"},
				"east": {"uv": [2, 1, 3, 15], "rotation": 270, "texture": "#spawner"},
				"south": {"uv": [0, 0, 1, 1], "texture": "#missing"},
				"west": {"uv": [2, 1, 3, 15], "rotation": 90, "texture": "#spawner"},
				"up": {"uv": [2, 1, 3, 15], "rotation": 180, "texture": "#spawner"},
				"down": {"uv": [2, 1, 3, 15], "texture": "#spawner", "cullface": "down"}
			}
		},
		{
			"from": [6, 0.25, 1],
			"to": [7, 1, 15],
			"faces": {
				"north": {"uv": [0, 0, 1, 1], "texture": "#missing"},
				"east": {"uv": [2, 1, 3, 15], "rotation": 270, "texture": "#spawner"},
				"south": {"uv": [0, 0, 1, 1], "texture": "#missing"},
				"west": {"uv": [2, 1, 3, 15], "rotation": 90, "texture": "#spawner"},
				"up": {"uv": [2, 1, 3, 15], "rotation": 180, "texture": "#spawner"},
				"down": {"uv": [2, 1, 3, 15], "texture": "#spawner", "cullface": "down"}
			}
		},
		{
			"from": [9, 0.25, 1],
			"to": [10, 1, 15],
			"faces": {
				"north": {"uv": [0, 0, 1, 1], "texture": "#missing"},
				"east": {"uv": [2, 1, 3, 15], "rotation": 270, "texture": "#spawner"},
				"south": {"uv": [0, 0, 1, 1], "texture": "#missing"},
				"west": {"uv": [2, 1, 3, 15], "rotation": 90, "texture": "#spawner"},
				"up": {"uv": [2, 1, 3, 15], "rotation": 180, "texture": "#spawner"},
				"down": {"uv": [2, 1, 3, 15], "texture": "#spawner", "cullface": "down"}
			}
		},
		{
			"from": [13, 0.25, 1],
			"to": [14, 1, 15],
			"faces": {
				"north": {"uv": [0, 0, 1, 1], "texture": "#missing"},
				"east": {"uv": [13, 1, 14, 15], "rotation": 270, "texture": "#spawner"},
				"south": {"uv": [0, 0, 1, 1], "texture": "#missing"},
				"west": {"uv": [13, 1, 14, 15], "rotation": 90, "texture": "#spawner"},
				"up": {"uv": [2, 1, 3, 15], "rotation": 180, "texture": "#spawner"},
				"down": {"uv": [13, 1, 14, 15], "texture": "#spawner", "cullface": "down"}
			}
		},
		{
			"from": [1, 0.251, 4],
			"to": [15, 1.001, 5],
			"faces": {
				"north": {"uv": [1, 11, 15, 12], "texture": "#spawner"},
				"east": {"uv": [0, 0, 1, 1], "texture": "#missing"},
				"south": {"uv": [1, 11, 15, 12], "texture": "#spawner"},
				"west": {"uv": [0, 0, 1, 1], "texture": "#missing"},
				"up": {"uv": [1, 11, 15, 12], "texture": "#spawner"},
				"down": {"uv": [1, 11, 15, 12], "texture": "#spawner", "cullface": "down"}
			}
		},
		{
			"from": [1, 0.251, 8],
			"to": [15, 1.001, 9],
			"faces": {
				"north": {"uv": [1, 7, 15, 8], "texture": "#spawner"},
				"east": {"uv": [0, 0, 1, 1], "texture": "#missing"},
				"south": {"uv": [1, 7, 15, 8], "texture": "#spawner"},
				"west": {"uv": [0, 0, 1, 1], "texture": "#missing"},
				"up": {"uv": [1, 7, 15, 8], "rotation": 180, "texture": "#spawner"},
				"down": {"uv": [1, 7, 15, 8], "texture": "#spawner", "cullface": "down"}
			}
		},
		{
			"from": [1, 0.251, 12],
			"to": [15, 1.001, 13],
			"faces": {
				"north": {"uv": [1, 3, 15, 4], "texture": "#spawner"},
				"east": {"uv": [0, 0, 1, 1], "texture": "#missing"},
				"south": {"uv": [1, 3, 15, 4], "texture": "#spawner"},
				"west": {"uv": [0, 0, 1, 1], "texture": "#missing"},
				"up": {"uv": [1, 3, 15, 4], "rotation": 180, "texture": "#spawner"},
				"down": {"uv": [1, 3, 15, 4], "texture": "#spawner", "cullface": "down"}
			}
		},
		{
			"from": [5, 14.25, 5],
			"to": [7, 16.25, 11],
			"faces": {
				"north": {"uv": [0, 9, 2, 11], "rotation": 90, "texture": "#spawner_lock"},
				"east": {"uv": [0, 9, 1, 10], "rotation": 180, "texture": "#spawner_lock"},
				"south": {"uv": [0, 13, 2, 15], "rotation": 90, "texture": "#spawner_lock"},
				"west": {"uv": [4, 9, 6, 15], "rotation": 270, "texture": "#spawner_lock"},
				"up": {"uv": [0, 9, 2, 15], "texture": "#spawner_lock", "cullface": "up"},
				"down": {"uv": [4, 10, 5.5, 14], "rotation": 180, "texture": "#spawner_lock"}
			}
		},
		{
			"from": [7, 14.25, 6.5],
			"to": [9, 15.5, 9.5],
			"faces": {
				"up": {"uv": [8, 10, 9, 11], "texture": "#spawner", "cullface": "up"},
				"down": {"uv": [2, 10, 3, 11], "texture": "#spawner_lock"}
			}
		},
		{
			"from": [7, 14.25, 9.5],
			"to": [9, 16.25, 11],
			"faces": {
				"north": {"uv": [0, 9, 1, 10], "texture": "#spawner_lock", "cullface": "up"},
				"south": {"uv": [2, 10, 3, 11], "texture": "#spawner_lock"},
				"up": {"uv": [2, 13.5, 4, 15], "texture": "#spawner_lock", "cullface": "up"},
				"down": {"uv": [3, 13, 4, 14], "texture": "#spawner_lock"}
			}
		},
		{
			"from": [9, 14.25, 5],
			"to": [11, 16.25, 11],
			"faces": {
				"north": {"uv": [4, 9, 6, 11], "rotation": 270, "texture": "#spawner_lock"},
				"east": {"uv": [4, 9, 6, 15], "rotation": 270, "texture": "#spawner_lock"},
				"south": {"uv": [4, 13, 6, 15], "rotation": 270, "texture": "#spawner_lock"},
				"west": {"uv": [0, 9, 1, 10], "texture": "#spawner_lock", "cullface": "up"},
				"up": {"uv": [4, 9, 6, 15], "texture": "#spawner_lock", "cullface": "up"},
				"down": {"uv": [0.5, 10, 2, 14], "rotation": 180, "texture": "#spawner_lock"}
			}
		},
		{
			"from": [8.5, 14.75, 8],
			"to": [9, 16.25, 9.5],
			"faces": {
				"north": {"uv": [0, 9, 0.5, 10.5], "texture": "#spawner_lock", "cullface": "up"},
				"south": {"uv": [0, 9, 1, 10], "texture": "#spawner_lock"},
				"west": {"uv": [0, 9, 1, 10], "texture": "#spawner_lock", "cullface": "up"},
				"up": {"uv": [3, 12, 3.25, 13.25], "texture": "#spawner_lock", "cullface": "up"},
				"down": {"uv": [8, 8, 8.25, 9.25], "texture": "#spawner_lock"}
			}
		},
		{
			"from": [7, 14.75, 8],
			"to": [7.5, 16.25, 9.5],
			"faces": {
				"north": {"uv": [0, 9, 0.5, 10.5], "texture": "#spawner_lock", "cullface": "up"},
				"east": {"uv": [0, 10, 1, 11], "texture": "#spawner_lock", "cullface": "up"},
				"south": {"uv": [0, 9, 1, 10], "texture": "#spawner_lock"},
				"up": {"uv": [2, 12, 2.25, 13.25], "texture": "#spawner_lock", "cullface": "up"},
				"down": {"uv": [8, 8, 8.25, 9.25], "texture": "#spawner_lock"}
			}
		},
		{
			"from": [7, 14.25, 5],
			"to": [9, 16.25, 6.5],
			"faces": {
				"north": {"uv": [3, 13, 4, 14], "texture": "#spawner_lock"},
				"south": {"uv": [0, 10, 1, 11], "texture": "#spawner_lock", "cullface": "up"},
				"up": {"uv": [2, 9, 4, 10.5], "texture": "#spawner_lock", "cullface": "up"},
				"down": {"uv": [2, 13, 3, 14], "texture": "#spawner_lock"}
			}
		},
		{
			"from": [5.5, 16, 10],
			"to": [6, 16.5, 10.5],
			"faces": {
				"north": {"uv": [0, 0, 0.5, 0.5], "texture": "#iron_block", "cullface": "up"},
				"east": {"uv": [0, 0, 0.5, 0.5], "texture": "#iron_block", "cullface": "up"},
				"south": {"uv": [0, 0, 0.5, 0.5], "texture": "#iron_block", "cullface": "up"},
				"west": {"uv": [0, 0, 0.5, 0.5], "texture": "#iron_block", "cullface": "up"},
				"up": {"uv": [0, 0, 0.5, 0.5], "texture": "#iron_block", "cullface": "up"}
			}
		},
		{
			"from": [10, 16, 10],
			"to": [10.5, 16.5, 10.5],
			"faces": {
				"north": {"uv": [0, 0, 0.5, 0.5], "texture": "#iron_block", "cullface": "up"},
				"east": {"uv": [0, 0, 0.5, 0.5], "texture": "#iron_block", "cullface": "up"},
				"south": {"uv": [0, 0, 0.5, 0.5], "texture": "#iron_block", "cullface": "up"},
				"west": {"uv": [0, 0, 0.5, 0.5], "texture": "#iron_block", "cullface": "up"},
				"up": {"uv": [0, 0, 0.5, 0.5], "texture": "#iron_block", "cullface": "up"}
			}
		},
		{
			"from": [10, 16, 5.5],
			"to": [10.5, 16.5, 6],
			"faces": {
				"north": {"uv": [0, 0, 0.5, 0.5], "texture": "#iron_block", "cullface": "up"},
				"east": {"uv": [0, 0, 0.5, 0.5], "texture": "#iron_block", "cullface": "up"},
				"south": {"uv": [0, 0, 0.5, 0.5], "texture": "#iron_block", "cullface": "up"},
				"west": {"uv": [0, 0, 0.5, 0.5], "texture": "#iron_block", "cullface": "up"},
				"up": {"uv": [0, 0, 0.5, 0.5], "texture": "#iron_block", "cullface": "up"}
			}
		},
		{
			"from": [5.5, 16, 5.5],
			"to": [6, 16.5, 6],
			"faces": {
				"north": {"uv": [0, 0, 0.5, 0.5], "texture": "#iron_block", "cullface": "up"},
				"east": {"uv": [0, 0, 0.5, 0.5], "texture": "#iron_block", "cullface": "up"},
				"south": {"uv": [0, 0, 0.5, 0.5], "texture": "#iron_block", "cullface": "up"},
				"west": {"uv": [0, 0, 0.5, 0.5], "texture": "#iron_block", "cullface": "up"},
				"up": {"uv": [0, 0, 0.5, 0.5], "texture": "#iron_block", "cullface": "up"}
			}
		},
		{
			"from": [7, 15, 1],
			"to": [9, 15.75, 6],
			"faces": {
				"east": {"uv": [7, 9, 8, 10], "texture": "#spawner"},
				"west": {"uv": [8, 9, 9, 10], "texture": "#spawner"},
				"up": {"uv": [7, 9, 9, 10], "rotation": 180, "texture": "#spawner", "cullface": "up"},
				"down": {"uv": [7, 9, 9, 10], "rotation": 180, "texture": "#spawner"}
			}
		},
		{
			"from": [7, 15, 10],
			"to": [9, 15.75, 15],
			"faces": {
				"east": {"uv": [8, 9, 9, 10], "texture": "#spawner"},
				"west": {"uv": [7, 9, 8, 10], "texture": "#spawner"},
				"up": {"uv": [7, 9, 9, 10], "texture": "#spawner", "cullface": "up"},
				"down": {"uv": [7, 9, 9, 10], "texture": "#spawner"}
			}
		},
		{
			"from": [1, 15, 2],
			"to": [7, 15.75, 3],
			"faces": {
				"north": {"uv": [5, 3, 11, 3.75], "texture": "#spawner"},
				"south": {"uv": [5, 3, 11, 3.75], "texture": "#spawner"},
				"up": {"uv": [5, 3, 11, 4], "texture": "#spawner", "cullface": "up"},
				"down": {"uv": [5, 3, 11, 4], "texture": "#spawner"}
			}
		},
		{
			"from": [9, 15, 2],
			"to": [15, 15.75, 3],
			"faces": {
				"north": {"uv": [5, 3, 11, 3.75], "texture": "#spawner"},
				"south": {"uv": [5, 3, 11, 3.75], "texture": "#spawner"},
				"up": {"uv": [5, 3, 11, 4], "texture": "#spawner", "cullface": "up"},
				"down": {"uv": [5, 3, 11, 4], "texture": "#spawner"}
			}
		},
		{
			"from": [1, 15, 6],
			"to": [7, 15.75, 7],
			"faces": {
				"north": {"uv": [5, 3, 11, 3.75], "texture": "#spawner"},
				"south": {"uv": [5, 3, 11, 3.75], "texture": "#spawner"},
				"up": {"uv": [5, 3, 11, 4], "texture": "#spawner", "cullface": "up"},
				"down": {"uv": [5, 3, 11, 4], "texture": "#spawner"}
			}
		},
		{
			"from": [9, 15, 6],
			"to": [15, 15.75, 7],
			"faces": {
				"north": {"uv": [5, 3, 11, 3.75], "texture": "#spawner"},
				"south": {"uv": [5, 3, 11, 3.75], "texture": "#spawner"},
				"up": {"uv": [5, 3, 11, 4], "texture": "#spawner", "cullface": "up"},
				"down": {"uv": [5, 3, 11, 4], "texture": "#spawner"}
			}
		},
		{
			"from": [1, 15, 9],
			"to": [7, 15.75, 10],
			"faces": {
				"north": {"uv": [5, 3, 11, 3.75], "texture": "#spawner"},
				"south": {"uv": [5, 3, 11, 3.75], "texture": "#spawner"},
				"up": {"uv": [5, 3, 11, 4], "texture": "#spawner", "cullface": "up"},
				"down": {"uv": [5, 3, 11, 4], "texture": "#spawner"}
			}
		},
		{
			"from": [9, 15, 9],
			"to": [15, 15.75, 10],
			"faces": {
				"north": {"uv": [5, 3, 11, 3.75], "texture": "#spawner"},
				"south": {"uv": [5, 3, 11, 3.75], "texture": "#spawner"},
				"up": {"uv": [5, 3, 11, 4], "texture": "#spawner", "cullface": "up"},
				"down": {"uv": [5, 3, 11, 4], "texture": "#spawner"}
			}
		},
		{
			"from": [1, 15, 13],
			"to": [7, 15.75, 14],
			"faces": {
				"north": {"uv": [5, 3, 11, 3.75], "texture": "#spawner"},
				"south": {"uv": [5, 3, 11, 3.75], "texture": "#spawner"},
				"up": {"uv": [5, 3, 11, 4], "texture": "#spawner", "cullface": "up"},
				"down": {"uv": [5, 3, 11, 4], "texture": "#spawner"}
			}
		},
		{
			"from": [9, 15, 13],
			"to": [15, 15.75, 14],
			"faces": {
				"north": {"uv": [5, 3, 11, 3.75], "texture": "#spawner"},
				"south": {"uv": [5, 3, 11, 3.75], "texture": "#spawner"},
				"up": {"uv": [5, 3, 11, 4], "texture": "#spawner", "cullface": "up"},
				"down": {"uv": [5, 3, 11, 4], "texture": "#spawner"}
			}
		}
	],
	"display": {
		"thirdperson_righthand": {
			"rotation": [75, 45, 0],
			"translation": [0, 2.5, 0],
			"scale": [0.375, 0.375, 0.375]
		},
		"thirdperson_lefthand": {
			"rotation": [75, 45, 0],
			"translation": [0, 2.5, 0],
			"scale": [0.375, 0.375, 0.375]
		},
		"firstperson_righthand": {
			"rotation": [0, 135, 0],
			"scale": [0.4, 0.4, 0.4]
		},
		"firstperson_lefthand": {
			"rotation": [0, 135, 0],
			"scale": [0.4, 0.4, 0.4]
		},
		"ground": {
			"translation": [0, 3, 0],
			"scale": [0.25, 0.25, 0.25]
		},
		"gui": {
			"rotation": [30, -135, 0],
			"scale": [0.625, 0.625, 0.625]
		},
		"fixed": {
			"scale": [0.5, 0.5, 0.5]
		}
	},
	"groups": [
		{
			"name": "Frame",
			"origin": [8, 8, 8],
			"children": [0, 1, 2, 3]
		},
		{
			"name": "N",
			"origin": [0, 0, 0],
			"children": [
				{
					"name": "Skull",
					"origin": [0, 0, 0],
					"children": [4, 5, 6, 7, 8, 9, 10, 11, 12]
				}, 13, 14, 15, 16, 17, 18, 19, 20, 21, 22, 23]
		},
		{
			"name": "W",
			"origin": [0, 0, 0],
			"children": [
				{
					"name": "Skull",
					"origin": [0, 0, 0],
					"children": [24, 25, 26, 27, 28, 29, 30, 31, 32]
				}, 33, 34, 35, 36, 37, 38, 39, 40, 41, 42, 43]
		},
		{
			"name": "S",
			"origin": [0, 0, 0],
			"children": [
				{
					"name": "Skull",
					"origin": [0, 0, 0],
					"children": [44, 45, 46, 47, 48, 49, 50, 51, 52]
				}, 53, 54, 55, 56, 57, 58, 59, 60, 61, 62, 63]
		},
		{
			"name": "E",
			"origin": [0, 0, 0],
			"children": [
				{
					"name": "Skull",
					"origin": [0, 0, 0],
					"children": [64, 65, 66, 67, 68, 69, 70, 71, 72]
				}, 73, 74, 75, 76, 77, 78, 79, 80, 81, 82, 83]
		},
		{
			"name": "D",
			"origin": [8, 8, 8],
			"children": [84, 85, 86, 87, 88, 89, 90]
		},
		{
			"name": "U",
			"origin": [0, 0, 0],
			"children": [
				{
					"name": "Lock",
					"origin": [0, 0, 0],
					"children": [91, 92, 93, 94, 95, 96, 97, 98, 99, 100, 101]
				}, 102, 103, 104, 105, 106, 107, 108, 109, 110, 111]
		}
	]
}