{
    "credit": "Made by TheWaschtlPlays using Blockbench",
    "textures": {
        "0": "block/iron_bars",
        "particle": "block/iron_bars"
    },
    "elements": [
        {
            "from": [7, 0, 12],
            "to": [9, 16, 14],
            "faces": {
                "north": {"uv": [2, 0, 4, 16], "texture": "#0"},
                "east": {"uv": [2, 0, 4, 16], "texture": "#0"},
                "south": {"uv": [2, 0, 4, 16], "texture": "#0"},
                "west": {"uv": [2, 0, 4, 16], "texture": "#0"},
                "up": {"uv": [2, 0, 4, 2], "texture": "#0"},
                "down": {"uv": [2, 14, 4, 16], "texture": "#0"}
            }
        },
        {
            "from": [7, 12, 9],
            "to": [9, 14, 12],
            "faces": {
                "east": {"uv": [4, 2, 7, 4], "texture": "#0"},
                "west": {"uv": [4, 2, 7, 4], "texture": "#0"},
                "up": {"uv": [4, 2, 7, 4], "rotation": 90, "texture": "#0"},
                "down": {"uv": [4, 2, 7, 4], "rotation": 90, "texture": "#0"}
            }
        },
        {
            "from": [7, 7, 14],
            "to": [9, 9, 16],
            "faces": {
                "east": {"uv": [0, 7, 2, 9], "texture": "#0"},
                "south": {"uv": [0, 7, 2, 9], "texture": "#0", "cullface": "south"},
                "west": {"uv": [0, 7, 2, 9], "texture": "#0"},
                "up": {"uv": [2, 7, 0, 9], "rotation": 180, "texture": "#0"},
                "down": {"uv": [0, 7, 2, 9], "texture": "#0"}
            }
        }
    ]
}