{
    "credit": "Made by TheWaschtlPlays using Blockbench",
    "textures": {
        "0": "block/iron_bars",
        "particle": "block/iron_bars"
    },
    "elements": [
        {
            "from": [7, 0, 2],
            "to": [9, 16, 4],
            "faces": {
                "north": {"uv": [12, 0, 14, 16], "texture": "#0"},
                "east": {"uv": [12, 0, 14, 16], "texture": "#0"},
                "south": {"uv": [12, 0, 14, 16], "texture": "#0"},
                "west": {"uv": [12, 0, 14, 16], "texture": "#0"},
                "up": {"uv": [12, 0, 14, 2], "texture": "#0"},
                "down": {"uv": [12, 14, 14, 16], "texture": "#0"}
            }
        },
        {
            "from": [7, 2, 4],
            "to": [9, 4, 7],
            "faces": {
                "east": {"uv": [9, 12, 12, 14], "texture": "#0"},
                "west": {"uv": [9, 12, 12, 14], "texture": "#0"},
                "up": {"uv": [9, 12, 12, 14], "rotation": 90, "texture": "#0"},
                "down": {"uv": [9, 12, 12, 14], "rotation": 90, "texture": "#0"}
            }
        },
        {
            "from": [7, 7, 0],
            "to": [9, 9, 2],
            "faces": {
                "north": {"uv": [0, 7, 2, 9], "texture": "#0", "cullface": "north"},
                "east": {"uv": [14, 7, 16, 9], "texture": "#0"},
                "west": {"uv": [14, 7, 16, 9], "texture": "#0"},
                "up": {"uv": [14, 7, 16, 9], "texture": "#0"},
                "down": {"uv": [14, 7, 16, 9], "texture": "#0"}
            }
        }
    ]
}