{
	"__comment":"Designed by GeForceLegend",
	"ambientocclusion":false,
	"textures":{
		"particle":"crimson_door/crimson_door_bottom",
		"bottom":"crimson_door/crimson_door_bottom",
		"bottom1":"crimson_door/crimson_door_bottom1"
	},
	"elements":[
		{
			"name": "HingeDWN",
			"from": [-0.25, 3.75, -0.25],
			"to": [3.25, 6.25, 1],
			"faces": {
				"north": {"uv": [0, 10, 1, 12], "texture": "#bottom"},
				"east": {"uv": [0, 10, 1, 12], "texture": "#bottom"},
				"south": {"uv": [0, 10, 1, 12], "texture": "#bottom"},
				"west": {"uv": [0, 10, 1, 12], "texture": "#bottom"},
				"up": {"uv": [0, 10, 1, 11], "texture": "#bottom"},
				"down": {"uv": [0, 11, 1, 12], "texture": "#bottom"}
			}
		},
		{
			"name": "HingeUP",
			"from": [-0.25, 14.75, -0.25],
			"to": [3.25, 17.25, 1],
			"faces": {
				"north": {"uv": [0, 10, 1, 12], "texture": "#bottom"},
				"east": {"uv": [0, 10, 1, 12], "texture": "#bottom"},
				"south": {"uv": [0, 10, 1, 12], "texture": "#bottom"},
				"west": {"uv": [0, 10, 1, 12], "texture": "#bottom"},
				"up": {"uv": [0, 10, 1, 11], "texture": "#bottom"},
				"down": {"uv": [0, 11, 1, 12], "texture": "#bottom"}
			}
		},
		{
			"name": "PlankUp1",
			"from":[0,0,0],
			"to":[3,16,4],
			"faces":{
				"north":{"uv":[0,0,3,16],"texture":"#bottom1","cullface":"north"},
				"east":{"uv":[4,0,0,16],"texture":"#bottom"},
				"south":{"uv":[3,0,4,16],"texture":"#bottom"},
				"west":{"uv":[0,0,4,16],"texture":"#bottom","cullface":"west"},
				"down":{"uv":[6,4,9,0],"texture":"#bottom1","cullface":"down"}
			}
		},
		{
			"name": "PlankUp2",
			"from":[0,0,5],
			"to":[3,16,11],
			"faces":{
				"north":{"uv":[5,0,6,15],"texture":"#bottom"},
				"east":{"uv":[11,0,5,15],"texture":"#bottom"},
				"south":{"uv":[10,0,11,15],"texture":"#bottom"},
				"west":{"uv":[5,0,11,15],"texture":"#bottom","cullface":"west"},
				"down":{"uv":[6,11,9,5],"texture":"#bottom1","cullface":"down"}
			}
		},
		{
			"name": "PlankUp3",
			"from":[0,0,12],
			"to":[3,16,16],
			"faces":{
				"north":{"uv":[12,0,13,16],"texture":"#bottom"},
				"east":{"uv":[16,0,12,16],"texture":"#bottom"},
				"south":{"uv":[13,0,16,16],"texture":"#bottom1","cullface":"south"},
				"west":{"uv":[12,0,16,16],"texture":"#bottom","cullface":"west"},
				"down":{"uv":[6,16,9,12],"texture":"#bottom1","cullface":"down"}
			}
		},
		{
			"name": "Base",
			"from":[0.5,0,4],
			"to":[2.5,16,12],
			"faces":{
				"east":{"uv":[12,0,4,16],"texture":"#bottom"},
				"west":{"uv":[4,0,12,16],"texture":"#bottom","cullface":"west"},
				"down":{"uv":[12,0,14,1],"texture":"#bottom","cullface":"down"}
			}
		},
		{
			"name": "PlankSide",
			"from":[-0.5,6,0.01],
			"to":[3.5,11,15.99],
			"faces":{
				"north":{"uv":[0,5,1,10],"texture":"#bottom","cullface":"north"},
				"east":{"uv":[16,5,0,10],"texture":"#bottom"},
				"south":{"uv":[15,5,16,10],"texture":"#bottom","cullface":"south"},
				"west":{"uv":[0,5,16,10],"texture":"#bottom","cullface":"west"},
				"up":{"uv":[0,5,16,6],"rotation":90,"texture":"#bottom"},
				"down":{"uv":[16,9,0,10],"rotation":90,"texture":"#bottom"}
			}
		}
	]
}