{
	"__comment":"Designed by GeForceLegend",
	"ambientocclusion":false,
	"textures":{
		"top1":"crimson_door/crimson_door_top1",
		"particle":"crimson_door/crimson_door_top",
		"top":"crimson_door/crimson_door_top"
	},
	"elements":[
		{
			"name": "HingeUP",
			"from": [-0.25, 9.75, -0.25],
			"to": [3.25, 12.25, 1],
			"rotation": {"angle": 0, "axis": "y", "origin": [8, 18, 8]},
			"faces": {
				"north": {"uv": [0, 4, 1, 6], "texture": "#top"},
				"east": {"uv": [0, 4, 1, 6], "texture": "#top"},
				"south": {"uv": [0, 4, 1, 6], "texture": "#top"},
				"west": {"uv": [0, 4, 1, 6], "texture": "#top"},
				"up": {"uv": [0, 4, 1, 5], "texture": "#top"},
				"down": {"uv": [0, 5, 1, 6], "texture": "#top"}
			}
		},
		{
			"name": "PlankUp1",
			"from":[0,0,0],
			"to":[3,16,4],
			"faces":{
				"north":{"uv":[0,0,3,16],"texture":"#top1","cullface":"north"},
				"east":{"uv":[4,0,0,16],"texture":"#top"},
				"south":{"uv":[3,0,4,16],"texture":"#top"},
				"west":{"uv":[0,0,4,16],"texture":"#top","cullface":"west"},
				"up":{"uv":[7,0,10,4],"texture":"#top1","cullface":"up"}
			}
		},
		{
			"name": "PlankUp2",
			"from":[0,0,5],
			"to":[3,16,11],
			"faces":{
				"north":{"uv":[5,1,6,16],"texture":"#top"},
				"east":{"uv":[11,1,5,16],"texture":"#top"},
				"south":{"uv":[10,1,11,16],"texture":"#top"},
				"west":{"uv":[5,1,11,16],"texture":"#top","cullface":"west"},
				"up":{"uv":[7,5,10,11],"texture":"#top1","cullface":"up"}
			}
		},
		{
			"name": "PlankUp3",
			"from":[0,0,12],
			"to":[3,16,16],
			"faces":{
				"north":{"uv":[12,0,13,16],"texture":"#top"},
				"east":{"uv":[16,0,12,16],"texture":"#top"},
				"south":{"uv":[13,0,16,16],"texture":"#top1","cullface":"south"},
				"west":{"uv":[12,0,16,16],"texture":"#top","cullface":"west"},
				"up":{"uv":[7,12,10,16],"texture":"#top1","cullface":"up"}
			}
		},
		{
			"name": "Base",
			"from":[0.5,0,4],
			"to":[2.5,15.99,12],
			"faces":{
				"east":{"uv":[12,0,4,16],"texture":"#top"},
				"west":{"uv":[4,0,12,16],"texture":"#top","cullface":"west"},
				"up":{"uv":[12,15,4,16],"texture":"#top","cullface":"up"}
			}
		},
		{
			"name": "PlankSide",
			"from":[-0.5,6,0.01],
			"to":[3.5,11,15.99],
			"faces":{
				"north":{"uv":[0,5,1,10],"texture":"#top","cullface":"north"},
				"east":{"uv":[16,5,0,10],"texture":"#top"},
				"south":{"uv":[15,5,16,10],"texture":"#top","cullface":"south"},
				"west":{"uv":[0,5,16,10],"texture":"#top","cullface":"west"},
				"up":{"uv":[0,5,16,6],"rotation":90,"texture":"#top"},
				"down":{"uv":[16,9,0,10],"rotation":90,"texture":"#top"}
			}
		},
		{
			"name": "Handle",
			"from":[-1,0,11],
			"to":[4,2,14],
			"faces":{
				"north":{"uv":[3,14,4,16],"texture":"#top1","cullface":"east"},
				"east":{"uv":[6,14,3,16],"texture":"#top1","cullface":"west"},
				"south":{"uv":[5,14,6,16],"texture":"#top1","cullface":"west"},
				"west":{"uv":[3,14,6,16],"texture":"#top1","cullface":"west"},
				"up":{"uv":[3,14,6,15],"rotation":90,"texture":"#top1","cullface":"east"},
				"down":{"uv":[6,15,3,16],"rotation":90,"texture":"#top1","cullface":"west"}
			}
		}
	]
}