{
	"__comment":"Designed by GeForceLegend",
	"ambientocclusion":false,
	"textures":{
		"top1":"crimson_door/crimson_door_top1",
		"particle":"crimson_door/crimson_door_top",
		"top":"crimson_door/crimson_door_top"
	},
	"elements":[
		{
			"name": "HingeUP",
			"from": [-0.25, 9.75, 15],
			"to": [3.25, 12.25, 16.25],
			"faces": {
				"north": {"uv": [1, 4, 0, 6], "texture": "#top"},
				"east": {"uv": [1, 4, 0, 6], "texture": "#top"},
				"south": {"uv": [1, 4, 0, 6], "texture": "#top"},
				"west": {"uv": [1, 4, 0, 6], "texture": "#top"},
				"up": {"uv": [0, 5, 1, 4], "texture": "#top"},
				"down": {"uv": [0, 6, 1, 5], "texture": "#top"}
			}
		},
		{
			"name": "PlankUp3",
			"from":[0,0,12],
			"to":[3,16,16],
			"faces":{
				"north":{"uv":[4,0,3,16],"texture":"#top"},
				"east":{"uv":[0,0,4,16],"texture":"#top"},
				"south":{"uv":[3,0,0,16],"texture":"#top1","cullface":"south"},
				"west":{"uv":[4,0,0,16],"texture":"#top","cullface":"west"},
				"up":{"uv":[7,4,10,0],"texture":"#top1","cullface":"up"}
			}
		},
		{
			"name": "PlankUp2",
			"from":[0,0,5],
			"to":[3,16,11],
			"faces":{
				"north":{"uv":[11,0,10,16],"texture":"#top"},
				"east":{"uv":[5,0,11,16],"texture":"#top"},
				"south":{"uv":[6,0,5,16],"texture":"#top"},
				"west":{"uv":[11,0,5,16],"texture":"#top","cullface":"west"},
				"up":{"uv":[7,11,10,5],"texture":"#top1","cullface":"up"}
			}
		},
		{
			"name": "PlankUp1",
			"from":[0,0,0],
			"to":[3,16,4],
			"faces":{
				"north":{"uv":[16,0,13,16],"texture":"#top1","cullface":"north"},
				"east":{"uv":[12,0,16,16],"texture":"#top"},
				"south":{"uv":[13,0,12,16],"texture":"#top"},
				"west":{"uv":[16,0,12,16],"texture":"#top","cullface":"west"},
				"up":{"uv":[7,16,10,12],"texture":"#top1","cullface":"up"}
			}
		},
		{
			"name": "Base",
			"from":[0.5,0,4],
			"to":[2.5,15.99,12],
			"faces":{
				"east":{"uv":[4,0,12,16],"texture":"#top"},
				"west":{"uv":[12,0,4,16],"texture":"#top","cullface":"west"},
				"up":{"uv":[4,15,12,16],"texture":"#top","cullface":"up"}
			}
		},
		{
			"name": "PlankSide",
			"from":[-0.5,6,0.01],
			"to":[3.5,11,15.99],
			"faces":{
				"north":{"uv":[16,5,15,10],"texture":"#top","cullface":"north"},
				"east":{"uv":[0,5,16,10],"texture":"#top"},
				"south":{"uv":[1,5,0,10],"texture":"#top","cullface":"south"},
				"west":{"uv":[16,5,0,10],"texture":"#top","cullface":"west"},
				"up":{"uv":[16,5,0,6],"rotation":90,"texture":"#top"},
				"down":{"uv":[0,9,16,10],"rotation":90,"texture":"#top"}
			}
		},
		{
			"name": "Handle",
			"from":[-1,0,2],
			"to":[4,2,5],
			"faces":{
				"north":{"uv":[6,14,5,16],"texture":"#top1","cullface":"west"},
				"east":{"uv":[3,14,6,16],"texture":"#top1","cullface":"west"},
				"south":{"uv":[4,14,3,16],"texture":"#top1","cullface":"east"},
				"west":{"uv":[6,14,3,16],"texture":"#top1","cullface":"west"},
				"up":{"uv":[6,14,3,15],"rotation":90,"texture":"#top1","cullface":"east"},
				"down":{"uv":[3,15,6,16],"rotation":90,"texture":"#top1","cullface":"west"}
			}
		}
	]
}