{
	"__comment":"Designed by GeForceLegend",
	"ambientocclusion":false,
	"textures":{
		"particle":"crimson_door/crimson_door_bottom",
		"bottom":"crimson_door/crimson_door_bottom",
		"bottom1":"crimson_door/crimson_door_bottom1"
	},
	"elements":[
		{
			"name": "HingeDWN",
			"from": [-0.25, 3.75, 15],
			"to": [3.25, 6.25, 16.25],
			"faces": {
				"north": {"uv": [1, 10, 0, 12], "texture": "#bottom"},
				"east": {"uv": [1, 10, 0, 12], "texture": "#bottom"},
				"south": {"uv": [1, 10, 0, 12], "texture": "#bottom"},
				"west": {"uv": [1, 10, 0, 12], "texture": "#bottom"},
				"up": {"uv": [0, 11, 1, 10], "texture": "#bottom"},
				"down": {"uv": [0, 12, 1, 11], "texture": "#bottom"}
			}
		},
		{
			"name": "HingeUP",
			"from": [-0.25, 14.75, 15],
			"to": [3.25, 17.25, 16.25],
			"faces": {
				"north": {"uv": [1, 10, 0, 12], "texture": "#bottom"},
				"east": {"uv": [1, 10, 0, 12], "texture": "#bottom"},
				"south": {"uv": [1, 10, 0, 12], "texture": "#bottom"},
				"west": {"uv": [1, 10, 0, 12], "texture": "#bottom"},
				"up": {"uv": [0, 11, 1, 10], "texture": "#bottom"},
				"down": {"uv": [0, 12, 1, 11], "texture": "#bottom"}
			}
		},
		{
			"name": "PlankUp3",
			"from":[0,0,12],
			"to":[3,16,16],
			"faces":{
				"north":{"uv":[4,0,3,16],"texture":"#bottom"},
				"east":{"uv":[0,0,4,16],"texture":"#bottom"},
				"south":{"uv":[3,0,0,16],"texture":"#bottom1","cullface":"south"},
				"west":{"uv":[4,0,0,16],"texture":"#bottom","cullface":"west"},
				"down":{"uv":[6,0,9,4],"texture":"#bottom1","cullface":"down"}
			}
		},
		{
			"name": "PlankUp2",
			"from":[0,0,5],
			"to":[3,16,11],
			"faces":{
				"north":{"uv":[11,0,10,16],"texture":"#bottom"},
				"east":{"uv":[5,0,11,16],"texture":"#bottom"},
				"south":{"uv":[6,0,5,16],"texture":"#bottom"},
				"west":{"uv":[11,0,5,16],"texture":"#bottom","cullface":"west"},
				"down":{"uv":[6,5,9,11],"texture":"#bottom1","cullface":"down"}
			}
		},
		{
			"name": "PlankUp1",
			"from":[0,0,0],
			"to":[3,16,4],
			"faces":{
				"north":{"uv":[16,0,13,16],"texture":"#bottom1","cullface":"north"},
				"east":{"uv":[12,0,16,16],"texture":"#bottom"},
				"south":{"uv":[13,0,12,16],"texture":"#bottom"},
				"west":{"uv":[16,0,12,16],"texture":"#bottom","cullface":"west"},
				"down":{"uv":[6,12,9,16],"texture":"#bottom1","cullface":"down"}
			}
		},
		{
			"name": "Base",
			"from":[0.5,0.01,4],
			"to":[2.5,16,12],
			"faces":{
				"east":{"uv":[4,0,12,16],"texture":"#bottom"},
				"west":{"uv":[12,0,4,16],"texture":"#bottom","cullface":"west"},
				"down":{"uv":[4,0,12,1],"texture":"#bottom","cullface":"down"}
			}
		},
		{
			"name": "PlankSide",
			"from":[-0.5,6,0.01],
			"to":[3.5,11,15.99],
			"faces":{
				"north":{"uv":[16,5,15,10],"texture":"#bottom","cullface":"north"},
				"east":{"uv":[0,5,16,10],"texture":"#bottom"},
				"south":{"uv":[1,5,0,10],"texture":"#bottom","cullface":"south"},
				"west":{"uv":[16,5,0,10],"texture":"#bottom","cullface":"west"},
				"up":{"uv":[16,5,0,6],"rotation":90,"texture":"#bottom"},
				"down":{"uv":[0,9,16,10],"rotation":90,"texture":"#bottom"}
			}
		}
	]
}