{
	"__comment":"Designed by GeForceLegend",
	"textures":{
		"particle":"block/cobweb/cobweb",
		"cross":"block/cobweb/cobweb"
	},
	"elements":[
		{
			"from":[-0.5,8,7.5],
			"to":[8.5,9,8.5],
			"rotation":{"angle":-45,"axis":"y","origin":[8,8,8]},
			"faces":{
				"north":{"uv":[9,7,0,8],"texture":"#cross"},
				"south":{"uv":[0,7,9,8],"texture":"#cross"},
				"west":{"uv":[0,7,1,8],"texture":"#cross"},
				"up":{"uv":[0,7,9,8],"texture":"#cross"},
				"down":{"uv":[0,7,9,8],"texture":"#cross"}
			}
		},
		{
			"from":[7.5,8,-0.5],
			"to":[8.5,9,8.5],
			"rotation":{"angle":-45,"axis":"y","origin":[8,8,8]},
			"faces":{
				"north":{"uv":[0,7,1,8],"texture":"#cross"},
				"east":{"uv":[9,7,0,8],"texture":"#cross"},
				"west":{"uv":[0,7,9,8],"texture":"#cross"},
				"up":{"uv":[0,7,9,8],"rotation":90,"texture":"#cross"},
				"down":{"uv":[0,7,9,8],"rotation":270,"texture":"#cross"}
			}
		},
		{
			"from":[7.5,7,7.5],
			"to":[14.5,8,8.5],
			"rotation":{"angle":-45,"axis":"y","origin":[8,8,8]},
			"faces":{
				"north":{"uv":[15,8,8,9],"texture":"#cross"},
				"south":{"uv":[8,8,15,9],"texture":"#cross"},
				"up":{"uv":[8,8,15,9],"texture":"#cross"},
				"down":{"uv":[8,8,15,9],"texture":"#cross"}
			}
		},
		{
			"from":[7.5,7,7.5],
			"to":[8.5,8,14.5],
			"rotation":{"angle":-45,"axis":"y","origin":[8,8,8]},
			"faces":{
				"east":{"uv":[15,8,8,9],"texture":"#cross"},
				"west":{"uv":[8,8,15,9],"texture":"#cross"},
				"up":{"uv":[8,8,15,9],"rotation":90,"texture":"#cross"},
				"down":{"uv":[8,8,15,9],"rotation":270,"texture":"#cross"}
			}
		},
		{
			"from":[6.5,4,7.5],
			"to":[7.5,13,8.5],
			"rotation":{"angle":-45,"axis":"y","origin":[8,8,8]},
			"faces":{
				"north":{"uv":[7,3,8,12],"texture":"#cross"},
				"east":{"uv":[7,3,8,12],"texture":"#cross"},
				"south":{"uv":[7,3,8,12],"texture":"#cross"},
				"west":{"uv":[7,3,8,12],"texture":"#cross"},
				"up":{"uv":[7,3,8,4],"texture":"#cross"}
			}
		},
		{
			"from":[7.5,4,6.5],
			"to":[8.5,13,7.5],
			"rotation":{"angle":-45,"axis":"y","origin":[8,8,8]},
			"faces":{
				"north":{"uv":[7,3,8,12],"texture":"#cross"},
				"east":{"uv":[7,3,8,12],"texture":"#cross"},
				"south":{"uv":[7,3,8,12],"texture":"#cross"},
				"west":{"uv":[7,3,8,12],"texture":"#cross"},
				"up":{"uv":[7,3,8,4],"texture":"#cross"}
			}
		},
		{
			"from":[5.5,3,7.5],
			"to":[8.5,4,8.5],
			"rotation":{"angle":-45,"axis":"y","origin":[8,8,8]},
			"faces":{
				"north":{"uv":[9,12,6,13],"texture":"#cross"},
				"south":{"uv":[6,12,9,13],"texture":"#cross"},
				"up":{"uv":[6,12,9,13],"texture":"#cross"},
				"down":{"uv":[6,12,9,13],"texture":"#cross"}
			}
		},
		{
			"from":[7.5,3,5.5],
			"to":[8.5,4,8.5],
			"rotation":{"angle":-45,"axis":"y","origin":[8,8,8]},
			"faces":{
				"east":{"uv":[9,12,6,13],"texture":"#cross"},
				"west":{"uv":[6,12,9,13],"texture":"#cross"},
				"up":{"uv":[6,12,9,13],"rotation":90,"texture":"#cross"},
				"down":{"uv":[6,12,9,13],"rotation":270,"texture":"#cross"}
			}
		},
		{
			"from":[4.5,4,7.5],
			"to":[5.5,7,8.5],
			"rotation":{"angle":-45,"axis":"y","origin":[8,8,8]},
			"faces":{
				"north":{"uv":[5,9,6,12],"texture":"#cross"},
				"east":{"uv":[5,9,6,12],"texture":"#cross"},
				"south":{"uv":[5,9,6,12],"texture":"#cross"},
				"west":{"uv":[5,9,6,12],"texture":"#cross"},
				"down":{"uv":[5,11,6,12],"texture":"#cross"}
			}
		},
		{
			"from":[7.5,4,4.5],
			"to":[8.5,7,5.5],
			"rotation":{"angle":-45,"axis":"y","origin":[8,8,8]},
			"faces":{
				"north":{"uv":[5,9,6,12],"texture":"#cross"},
				"east":{"uv":[5,9,6,12],"texture":"#cross"},
				"south":{"uv":[5,9,6,12],"texture":"#cross"},
				"west":{"uv":[5,9,6,12],"texture":"#cross"},
				"down":{"uv":[5,11,6,12],"texture":"#cross"}
			}
		},
		{
			"from":[4.5,6,7.5],
			"to":[6.5,7,8.5],
			"rotation":{"angle":-45,"axis":"y","origin":[8,8,8]},
			"faces":{
				"north":{"uv":[7,9,5,10],"texture":"#cross"},
				"south":{"uv":[5,9,7,10],"texture":"#cross"},
				"up":{"uv":[5,9,7,10],"texture":"#cross"},
				"down":{"uv":[5,9,7,10],"texture":"#cross"}
			}
		},
		{
			"from":[7.5,6,4.5],
			"to":[8.5,7,6.5],
			"rotation":{"angle":-45,"axis":"y","origin":[8,8,8]},
			"faces":{
				"east":{"uv":[7,9,5,10],"texture":"#cross"},
				"west":{"uv":[5,9,7,10],"texture":"#cross"},
				"up":{"uv":[5,9,7,10],"rotation":90,"texture":"#cross"},
				"down":{"uv":[5,9,7,10],"rotation":270,"texture":"#cross"}
			}
		},
		{
			"from":[5.5,0,7.5],
			"to":[6.5,4,8.5],
			"rotation":{"angle":-45,"axis":"y","origin":[8,8,8]},
			"faces":{
				"north":{"uv":[6,12,7,16],"texture":"#cross"},
				"east":{"uv":[6,12,7,16],"texture":"#cross"},
				"south":{"uv":[6,12,7,16],"texture":"#cross"},
				"west":{"uv":[6,12,7,16],"texture":"#cross"},
				"down":{"uv":[6,15,7,16],"texture":"#cross","cullface":"down"}
			}
		},
		{
			"from":[7.5,0,5.5],
			"to":[8.5,4,6.5],
			"rotation":{"angle":-45,"axis":"y","origin":[8,8,8]},
			"faces":{
				"north":{"uv":[6,12,7,16],"texture":"#cross"},
				"east":{"uv":[6,12,7,16],"texture":"#cross"},
				"south":{"uv":[6,12,7,16],"texture":"#cross"},
				"west":{"uv":[6,12,7,16],"texture":"#cross"},
				"down":{"uv":[6,15,7,16],"texture":"#cross","cullface":"down"}
			}
		},
		{
			"from":[6.5,1,7.5],
			"to":[9.5,2,8.5],
			"rotation":{"angle":-45,"axis":"y","origin":[8,8,8]},
			"faces":{
				"north":{"uv":[10,14,7,15],"texture":"#cross"},
				"east":{"uv":[9,14,10,15],"texture":"#cross"},
				"south":{"uv":[7,14,10,15],"texture":"#cross"},
				"up":{"uv":[7,14,10,15],"texture":"#cross"},
				"down":{"uv":[7,14,10,15],"texture":"#cross"}
			}
		},
		{
			"from":[7.5,1,6.5],
			"to":[8.5,2,9.5],
			"rotation":{"angle":-45,"axis":"y","origin":[8,8,8]},
			"faces":{
				"east":{"uv":[10,14,7,15],"texture":"#cross"},
				"south":{"uv":[9,14,10,15],"texture":"#cross"},
				"west":{"uv":[7,14,10,15],"texture":"#cross"},
				"up":{"uv":[7,14,10,15],"rotation":90,"texture":"#cross"},
				"down":{"uv":[7,14,10,15],"rotation":270,"texture":"#cross"}
			}
		},
		{
			"from":[4.5,2,7.5],
			"to":[5.5,3,8.5],
			"rotation":{"angle":-45,"axis":"y","origin":[8,8,8]},
			"faces":{
				"north":{"uv":[5,13,6,14],"texture":"#cross"},
				"south":{"uv":[5,13,6,14],"texture":"#cross"},
				"west":{"uv":[5,13,6,14],"texture":"#cross"},
				"up":{"uv":[5,13,6,14],"texture":"#cross"},
				"down":{"uv":[5,13,6,14],"texture":"#cross"}
			}
		},
		{
			"from":[7.5,2,4.5],
			"to":[8.5,3,5.5],
			"rotation":{"angle":-45,"axis":"y","origin":[8,8,8]},
			"faces":{
				"north":{"uv":[5,13,6,14],"texture":"#cross"},
				"east":{"uv":[5,13,6,14],"texture":"#cross"},
				"west":{"uv":[5,13,6,14],"texture":"#cross"},
				"up":{"uv":[5,13,6,14],"texture":"#cross"},
				"down":{"uv":[5,13,6,14],"texture":"#cross"}
			}
		},
		{
			"from":[2.5,3,7.5],
			"to":[4.5,4,8.5],
			"rotation":{"angle":-45,"axis":"y","origin":[8,8,8]},
			"faces":{
				"north":{"uv":[5,12,3,13],"texture":"#cross"},
				"east":{"uv":[4,12,5,13],"texture":"#cross"},
				"south":{"uv":[3,12,5,13],"texture":"#cross"},
				"up":{"uv":[3,12,5,13],"texture":"#cross"},
				"down":{"uv":[3,12,5,13],"texture":"#cross"}
			}
		},
		{
			"from":[7.5,3,2.5],
			"to":[8.5,4,4.5],
			"rotation":{"angle":-45,"axis":"y","origin":[8,8,8]},
			"faces":{
				"east":{"uv":[5,12,3,13],"texture":"#cross"},
				"south":{"uv":[4,12,5,13],"texture":"#cross"},
				"west":{"uv":[3,12,5,13],"texture":"#cross"},
				"up":{"uv":[3,12,5,13],"rotation":90,"texture":"#cross"},
				"down":{"uv":[3,12,5,13],"rotation":270,"texture":"#cross"}
			}
		},
		{
			"from":[2.5,3,7.5],
			"to":[3.5,5,8.5],
			"rotation":{"angle":-45,"axis":"y","origin":[8,8,8]},
			"faces":{
				"north":{"uv":[3,11,4,13],"texture":"#cross"},
				"east":{"uv":[3,11,4,13],"texture":"#cross"},
				"south":{"uv":[3,11,4,13],"texture":"#cross"},
				"west":{"uv":[3,11,4,13],"texture":"#cross"},
				"up":{"uv":[3,11,4,12],"texture":"#cross"}
			}
		},
		{
			"from":[7.5,3,2.5],
			"to":[8.5,5,3.5],
			"rotation":{"angle":-45,"axis":"y","origin":[8,8,8]},
			"faces":{
				"north":{"uv":[3,11,4,13],"texture":"#cross"},
				"east":{"uv":[3,11,4,13],"texture":"#cross"},
				"south":{"uv":[3,11,4,13],"texture":"#cross"},
				"west":{"uv":[3,11,4,13],"texture":"#cross"},
				"up":{"uv":[3,11,4,12],"texture":"#cross"}
			}
		},
		{
			"from":[1.5,2,7.5],
			"to":[2.5,3,8.5],
			"rotation":{"angle":-45,"axis":"y","origin":[8,8,8]},
			"faces":{
				"north":{"uv":[2,13,3,14],"texture":"#cross"},
				"east":{"uv":[2,13,3,14],"texture":"#cross"},
				"south":{"uv":[2,13,3,14],"texture":"#cross"},
				"west":{"uv":[2,13,3,14],"texture":"#cross"},
				"up":{"uv":[2,13,3,14],"texture":"#cross"},
				"down":{"uv":[2,13,3,14],"texture":"#cross"}
			}
		},
		{
			"from":[7.5,2,1.5],
			"to":[8.5,3,2.5],
			"rotation":{"angle":-45,"axis":"y","origin":[8,8,8]},
			"faces":{
				"north":{"uv":[2,13,3,14],"texture":"#cross"},
				"east":{"uv":[2,13,3,14],"texture":"#cross"},
				"south":{"uv":[2,13,3,14],"texture":"#cross"},
				"west":{"uv":[2,13,3,14],"texture":"#cross"},
				"up":{"uv":[2,13,3,14],"texture":"#cross"},
				"down":{"uv":[2,13,3,14],"texture":"#cross"}
			}
		},
		{
			"from":[0.5,1,7.5],
			"to":[1.5,2,8.5],
			"rotation":{"angle":-45,"axis":"y","origin":[8,8,8]},
			"faces":{
				"north":{"uv":[1,14,2,15],"texture":"#cross"},
				"east":{"uv":[1,14,2,15],"texture":"#cross"},
				"south":{"uv":[1,14,2,15],"texture":"#cross"},
				"west":{"uv":[1,14,2,15],"texture":"#cross"},
				"up":{"uv":[1,14,2,15],"texture":"#cross"},
				"down":{"uv":[1,14,2,15],"texture":"#cross"}
			}
		},
		{
			"from":[7.5,1,0.5],
			"to":[8.5,2,1.5],
			"rotation":{"angle":-45,"axis":"y","origin":[8,8,8]},
			"faces":{
				"north":{"uv":[1,14,2,15],"texture":"#cross"},
				"east":{"uv":[1,14,2,15],"texture":"#cross"},
				"south":{"uv":[1,14,2,15],"texture":"#cross"},
				"west":{"uv":[1,14,2,15],"texture":"#cross"},
				"up":{"uv":[1,14,2,15],"texture":"#cross"},
				"down":{"uv":[1,14,2,15],"texture":"#cross"}
			}
		},
		{
			"from":[-0.5,0,7.5],
			"to":[0.5,1,8.5],
			"rotation":{"angle":-45,"axis":"y","origin":[8,8,8]},
			"faces":{
				"north":{"uv":[0,15,1,16],"texture":"#cross"},
				"east":{"uv":[0,15,1,16],"texture":"#cross"},
				"south":{"uv":[0,15,1,16],"texture":"#cross"},
				"west":{"uv":[0,15,1,16],"texture":"#cross"},
				"up":{"uv":[0,15,1,16],"texture":"#cross"},
				"down":{"uv":[0,15,1,16],"texture":"#cross","cullface":"down"}
			}
		},
		{
			"from":[7.5,0,-0.5],
			"to":[8.5,1,0.5],
			"rotation":{"angle":-45,"axis":"y","origin":[8,8,8]},
			"faces":{
				"north":{"uv":[0,15,1,16],"texture":"#cross"},
				"east":{"uv":[0,15,1,16],"texture":"#cross"},
				"south":{"uv":[0,15,1,16],"texture":"#cross"},
				"west":{"uv":[0,15,1,16],"texture":"#cross"},
				"up":{"uv":[0,15,1,16],"texture":"#cross"},
				"down":{"uv":[0,15,1,16],"texture":"#cross","cullface":"down"}
			}
		},
		{
			"from":[3.5,7,7.5],
			"to":[4.5,10,8.5],
			"rotation":{"angle":-45,"axis":"y","origin":[8,8,8]},
			"faces":{
				"north":{"uv":[4,6,5,9],"texture":"#cross"},
				"east":{"uv":[4,6,5,9],"texture":"#cross"},
				"south":{"uv":[4,6,5,9],"texture":"#cross"},
				"west":{"uv":[4,6,5,9],"texture":"#cross"},
				"up":{"uv":[4,6,5,7],"texture":"#cross"},
				"down":{"uv":[4,8,5,9],"texture":"#cross"}
			}
		},
		{
			"from":[7.5,7,3.5],
			"to":[8.5,10,4.5],
			"rotation":{"angle":-45,"axis":"y","origin":[8,8,8]},
			"faces":{
				"north":{"uv":[4,6,5,9],"texture":"#cross"},
				"east":{"uv":[4,6,5,9],"texture":"#cross"},
				"south":{"uv":[4,6,5,9],"texture":"#cross"},
				"west":{"uv":[4,6,5,9],"texture":"#cross"},
				"up":{"uv":[4,6,5,7],"texture":"#cross"},
				"down":{"uv":[4,8,5,9],"texture":"#cross"}
			}
		},
		{
			"from":[1.5,5,7.5],
			"to":[2.5,7,8.5],
			"rotation":{"angle":-45,"axis":"y","origin":[8,8,8]},
			"faces":{
				"north":{"uv":[2,9,3,11],"texture":"#cross"},
				"east":{"uv":[2,9,3,11],"texture":"#cross"},
				"south":{"uv":[2,9,3,11],"texture":"#cross"},
				"west":{"uv":[2,9,3,11],"texture":"#cross"},
				"up":{"uv":[2,9,3,10],"texture":"#cross"},
				"down":{"uv":[2,10,3,11],"texture":"#cross"}
			}
		},
		{
			"from":[7.5,5,1.5],
			"to":[8.5,7,2.5],
			"rotation":{"angle":-45,"axis":"y","origin":[8,8,8]},
			"faces":{
				"north":{"uv":[2,9,3,11],"texture":"#cross"},
				"east":{"uv":[2,9,3,11],"texture":"#cross"},
				"south":{"uv":[2,9,3,11],"texture":"#cross"},
				"west":{"uv":[2,9,3,11],"texture":"#cross"},
				"up":{"uv":[2,9,3,10],"texture":"#cross"},
				"down":{"uv":[2,10,3,11],"texture":"#cross"}
			}
		},
		{
			"from":[0.5,7,7.5],
			"to":[1.5,8,8.5],
			"rotation":{"angle":-45,"axis":"y","origin":[8,8,8]},
			"faces":{
				"north":{"uv":[1,8,2,9],"texture":"#cross"},
				"east":{"uv":[1,8,2,9],"texture":"#cross"},
				"south":{"uv":[1,8,2,9],"texture":"#cross"},
				"west":{"uv":[1,8,2,9],"texture":"#cross"},
				"down":{"uv":[1,8,2,9],"texture":"#cross"}
			}
		},
		{
			"from":[7.5,7,0.5],
			"to":[8.5,8,1.5],
			"rotation":{"angle":-45,"axis":"y","origin":[8,8,8]},
			"faces":{
				"north":{"uv":[1,8,2,9],"texture":"#cross"},
				"east":{"uv":[1,8,2,9],"texture":"#cross"},
				"south":{"uv":[1,8,2,9],"texture":"#cross"},
				"west":{"uv":[1,8,2,9],"texture":"#cross"},
				"down":{"uv":[1,8,2,9],"texture":"#cross"}
			}
		},
		{
			"from":[1.5,9,7.5],
			"to":[2.5,11,8.5],
			"rotation":{"angle":-45,"axis":"y","origin":[8,8,8]},
			"faces":{
				"north":{"uv":[2,5,3,7],"texture":"#cross"},
				"east":{"uv":[2,5,3,7],"texture":"#cross"},
				"south":{"uv":[2,5,3,7],"texture":"#cross"},
				"west":{"uv":[2,5,3,7],"texture":"#cross"},
				"up":{"uv":[2,5,3,6],"texture":"#cross"}
			}
		},
		{
			"from":[7.5,9,1.5],
			"to":[8.5,11,2.5],
			"rotation":{"angle":-45,"axis":"y","origin":[8,8,8]},
			"faces":{
				"north":{"uv":[2,5,3,7],"texture":"#cross"},
				"east":{"uv":[2,5,3,7],"texture":"#cross"},
				"south":{"uv":[2,5,3,7],"texture":"#cross"},
				"west":{"uv":[2,5,3,7],"texture":"#cross"},
				"up":{"uv":[2,5,3,6],"texture":"#cross"}
			}
		},
		{
			"from":[5.5,9,7.5],
			"to":[6.5,10,8.5],
			"rotation":{"angle":-45,"axis":"y","origin":[8,8,8]},
			"faces":{
				"north":{"uv":[6,6,7,7],"texture":"#cross"},
				"south":{"uv":[6,6,7,7],"texture":"#cross"},
				"west":{"uv":[6,6,7,7],"texture":"#cross"},
				"up":{"uv":[6,6,7,7],"texture":"#cross"}
			}
		},
		{
			"from":[7.5,9,5.5],
			"to":[8.5,10,6.5],
			"rotation":{"angle":-45,"axis":"y","origin":[8,8,8]},
			"faces":{
				"north":{"uv":[6,6,7,7],"texture":"#cross"},
				"east":{"uv":[6,6,7,7],"texture":"#cross"},
				"west":{"uv":[6,6,7,7],"texture":"#cross"},
				"up":{"uv":[6,6,7,7],"texture":"#cross"}
			}
		},
		{
			"from":[4.5,10,7.5],
			"to":[5.5,11,8.5],
			"rotation":{"angle":-45,"axis":"y","origin":[8,8,8]},
			"faces":{
				"north":{"uv":[5,5,6,6],"texture":"#cross"},
				"east":{"uv":[5,5,6,6],"texture":"#cross"},
				"south":{"uv":[5,5,6,6],"texture":"#cross"},
				"west":{"uv":[5,5,6,6],"texture":"#cross"},
				"up":{"uv":[5,5,6,6],"texture":"#cross"},
				"down":{"uv":[5,5,6,6],"texture":"#cross"}
			}
		},
		{
			"from":[7.5,10,4.5],
			"to":[8.5,11,5.5],
			"rotation":{"angle":-45,"axis":"y","origin":[8,8,8]},
			"faces":{
				"north":{"uv":[5,5,6,6],"texture":"#cross"},
				"east":{"uv":[5,5,6,6],"texture":"#cross"},
				"south":{"uv":[5,5,6,6],"texture":"#cross"},
				"west":{"uv":[5,5,6,6],"texture":"#cross"},
				"up":{"uv":[5,5,6,6],"texture":"#cross"},
				"down":{"uv":[5,5,6,6],"texture":"#cross"}
			}
		},
		{
			"from":[5.5,11,7.5],
			"to":[6.5,12,8.5],
			"rotation":{"angle":-45,"axis":"y","origin":[8,8,8]},
			"faces":{
				"north":{"uv":[6,4,7,5],"texture":"#cross"},
				"south":{"uv":[6,4,7,5],"texture":"#cross"},
				"west":{"uv":[6,4,7,5],"texture":"#cross"},
				"up":{"uv":[6,4,7,5],"texture":"#cross"},
				"down":{"uv":[6,4,7,5],"texture":"#cross"}
			}
		},
		{
			"from":[7.5,11,5.5],
			"to":[8.5,12,6.5],
			"rotation":{"angle":-45,"axis":"y","origin":[8,8,8]},
			"faces":{
				"north":{"uv":[6,4,7,5],"texture":"#cross"},
				"east":{"uv":[6,4,7,5],"texture":"#cross"},
				"west":{"uv":[6,4,7,5],"texture":"#cross"},
				"up":{"uv":[6,4,7,5],"texture":"#cross"},
				"down":{"uv":[6,4,7,5],"texture":"#cross"}
			}
		},
		{
			"from":[2.5,11,7.5],
			"to":[4.5,12,8.5],
			"rotation":{"angle":-45,"axis":"y","origin":[8,8,8]},
			"faces":{
				"north":{"uv":[5,4,3,5],"texture":"#cross"},
				"east":{"uv":[4,4,5,5],"texture":"#cross"},
				"south":{"uv":[3,4,5,5],"texture":"#cross"},
				"up":{"uv":[3,4,5,5],"texture":"#cross"},
				"down":{"uv":[3,4,5,5],"texture":"#cross"}
			}
		},
		{
			"from":[7.5,11,2.5],
			"to":[8.5,12,4.5],
			"rotation":{"angle":-45,"axis":"y","origin":[8,8,8]},
			"faces":{
				"east":{"uv":[5,4,3,5],"texture":"#cross"},
				"south":{"uv":[4,4,5,5],"texture":"#cross"},
				"west":{"uv":[3,4,5,5],"texture":"#cross"},
				"up":{"uv":[3,4,5,5],"rotation":90,"texture":"#cross"},
				"down":{"uv":[3,4,5,5],"rotation":270,"texture":"#cross"}
			}
		},
		{
			"from":[2.5,11,7.5],
			"to":[3.5,13,8.5],
			"rotation":{"angle":-45,"axis":"y","origin":[8,8,8]},
			"faces":{
				"north":{"uv":[3,3,4,5],"texture":"#cross"},
				"east":{"uv":[3,3,4,5],"texture":"#cross"},
				"south":{"uv":[3,3,4,5],"texture":"#cross"},
				"west":{"uv":[3,3,4,5],"texture":"#cross"}
			}
		},
		{
			"from":[7.5,11,2.5],
			"to":[8.5,13,3.5],
			"rotation":{"angle":-45,"axis":"y","origin":[8,8,8]},
			"faces":{
				"north":{"uv":[3,3,4,5],"texture":"#cross"},
				"east":{"uv":[3,3,4,5],"texture":"#cross"},
				"south":{"uv":[3,3,4,5],"texture":"#cross"},
				"west":{"uv":[3,3,4,5],"texture":"#cross"}
			}
		},
		{
			"from":[1.5,13,7.5],
			"to":[5.5,14,8.5],
			"rotation":{"angle":-45,"axis":"y","origin":[8,8,8]},
			"faces":{
				"north":{"uv":[6,2,2,3],"texture":"#cross"},
				"east":{"uv":[5,2,6,3],"texture":"#cross"},
				"south":{"uv":[2,2,6,3],"texture":"#cross"},
				"west":{"uv":[2,2,3,3],"texture":"#cross"},
				"up":{"uv":[2,2,6,3],"texture":"#cross"},
				"down":{"uv":[2,2,6,3],"texture":"#cross"}
			}
		},
		{
			"from":[7.5,13,1.5],
			"to":[8.5,14,5.5],
			"rotation":{"angle":-45,"axis":"y","origin":[8,8,8]},
			"faces":{
				"north":{"uv":[2,2,3,3],"texture":"#cross"},
				"east":{"uv":[6,2,2,3],"texture":"#cross"},
				"south":{"uv":[5,2,6,3],"texture":"#cross"},
				"west":{"uv":[2,2,6,3],"texture":"#cross"},
				"up":{"uv":[2,2,6,3],"rotation":90,"texture":"#cross"},
				"down":{"uv":[2,2,6,3],"rotation":270,"texture":"#cross"}
			}
		},
		{
			"from":[0.5,14,7.5],
			"to":[1.5,15,8.5],
			"rotation":{"angle":-45,"axis":"y","origin":[8,8,8]},
			"faces":{
				"north":{"uv":[1,1,2,2],"texture":"#cross"},
				"east":{"uv":[1,1,2,2],"texture":"#cross"},
				"south":{"uv":[1,1,2,2],"texture":"#cross"},
				"west":{"uv":[1,1,2,2],"texture":"#cross"},
				"up":{"uv":[1,1,2,2],"texture":"#cross"},
				"down":{"uv":[1,1,2,2],"texture":"#cross"}
			}
		},
		{
			"from":[7.5,14,0.5],
			"to":[8.5,15,1.5],
			"rotation":{"angle":-45,"axis":"y","origin":[8,8,8]},
			"faces":{
				"north":{"uv":[1,1,2,2],"texture":"#cross"},
				"east":{"uv":[1,1,2,2],"texture":"#cross"},
				"south":{"uv":[1,1,2,2],"texture":"#cross"},
				"west":{"uv":[1,1,2,2],"texture":"#cross"},
				"up":{"uv":[1,1,2,2],"texture":"#cross"},
				"down":{"uv":[1,1,2,2],"texture":"#cross"}
			}
		},
		{
			"from":[-0.5,15,7.5],
			"to":[0.5,16,8.5],
			"rotation":{"angle":-45,"axis":"y","origin":[8,8,8]},
			"faces":{
				"north":{"uv":[0,0,1,1],"texture":"#cross"},
				"east":{"uv":[0,0,1,1],"texture":"#cross"},
				"south":{"uv":[0,0,1,1],"texture":"#cross"},
				"west":{"uv":[0,0,1,1],"texture":"#cross"},
				"up":{"uv":[0,0,1,1],"texture":"#cross","cullface":"up"},
				"down":{"uv":[0,0,1,1],"texture":"#cross"}
			}
		},
		{
			"from":[7.5,15,-0.5],
			"to":[8.5,16,0.5],
			"rotation":{"angle":-45,"axis":"y","origin":[8,8,8]},
			"faces":{
				"north":{"uv":[0,0,1,1],"texture":"#cross"},
				"east":{"uv":[0,0,1,1],"texture":"#cross"},
				"south":{"uv":[0,0,1,1],"texture":"#cross"},
				"west":{"uv":[0,0,1,1],"texture":"#cross"},
				"up":{"uv":[0,0,1,1],"texture":"#cross","cullface":"up"},
				"down":{"uv":[0,0,1,1],"texture":"#cross"}
			}
		},
		{
			"from":[5.5,14,7.5],
			"to":[10.5,15,8.5],
			"rotation":{"angle":-45,"axis":"y","origin":[8,8,8]},
			"faces":{
				"north":{"uv":[11,1,6,2],"texture":"#cross"},
				"east":{"uv":[10,1,11,2],"texture":"#cross"},
				"south":{"uv":[6,1,11,2],"texture":"#cross"},
				"west":{"uv":[6,1,7,2],"texture":"#cross"},
				"up":{"uv":[6,1,11,2],"texture":"#cross"},
				"down":{"uv":[6,1,11,2],"texture":"#cross"}
			}
		},
		{
			"from":[7.5,14,5.5],
			"to":[8.5,15,10.5],
			"rotation":{"angle":-45,"axis":"y","origin":[8,8,8]},
			"faces":{
				"north":{"uv":[6,1,7,2],"texture":"#cross"},
				"east":{"uv":[11,1,6,2],"texture":"#cross"},
				"south":{"uv":[10,1,11,2],"texture":"#cross"},
				"west":{"uv":[6,1,11,2],"texture":"#cross"},
				"up":{"uv":[6,1,11,2],"rotation":90,"texture":"#cross"},
				"down":{"uv":[6,1,11,2],"rotation":270,"texture":"#cross"}
			}
		},
		{
			"from":[8.5,9,7.5],
			"to":[9.5,10,8.5],
			"rotation":{"angle":-45,"axis":"y","origin":[8,8,8]},
			"faces":{
				"north":{"uv":[9,6,10,7],"texture":"#cross"},
				"east":{"uv":[9,6,10,7],"texture":"#cross"},
				"south":{"uv":[9,6,10,7],"texture":"#cross"},
				"west":{"uv":[9,6,10,7],"texture":"#cross"},
				"up":{"uv":[9,6,10,7],"texture":"#cross"},
				"down":{"uv":[9,6,10,7],"texture":"#cross"}
			}
		},
		{
			"from":[7.5,9,8.5],
			"to":[8.5,10,9.5],
			"rotation":{"angle":-45,"axis":"y","origin":[8,8,8]},
			"faces":{
				"north":{"uv":[9,6,10,7],"texture":"#cross"},
				"east":{"uv":[9,6,10,7],"texture":"#cross"},
				"south":{"uv":[9,6,10,7],"texture":"#cross"},
				"west":{"uv":[9,6,10,7],"texture":"#cross"},
				"up":{"uv":[9,6,10,7],"texture":"#cross"},
				"down":{"uv":[9,6,10,7],"texture":"#cross"}
			}
		},
		{
			"from":[10.5,9,7.5],
			"to":[11.5,10,8.5],
			"rotation":{"angle":-45,"axis":"y","origin":[8,8,8]},
			"faces":{
				"north":{"uv":[11,6,12,7],"texture":"#cross"},
				"east":{"uv":[11,6,12,7],"texture":"#cross"},
				"south":{"uv":[11,6,12,7],"texture":"#cross"},
				"west":{"uv":[11,6,12,7],"texture":"#cross"},
				"up":{"uv":[11,6,12,7],"texture":"#cross"},
				"down":{"uv":[11,6,12,7],"texture":"#cross"}
			}
		},
		{
			"from":[7.5,9,10.5],
			"to":[8.5,10,11.5],
			"rotation":{"angle":-45,"axis":"y","origin":[8,8,8]},
			"faces":{
				"north":{"uv":[11,6,12,7],"texture":"#cross"},
				"east":{"uv":[11,6,12,7],"texture":"#cross"},
				"south":{"uv":[11,6,12,7],"texture":"#cross"},
				"west":{"uv":[11,6,12,7],"texture":"#cross"},
				"up":{"uv":[11,6,12,7],"texture":"#cross"},
				"down":{"uv":[11,6,12,7],"texture":"#cross"}
			}
		},
		{
			"from":[9.5,10,7.5],
			"to":[10.5,11,8.5],
			"rotation":{"angle":-45,"axis":"y","origin":[8,8,8]},
			"faces":{
				"north":{"uv":[10,5,11,6],"texture":"#cross"},
				"east":{"uv":[10,5,11,6],"texture":"#cross"},
				"south":{"uv":[10,5,11,6],"texture":"#cross"},
				"west":{"uv":[10,5,11,6],"texture":"#cross"},
				"up":{"uv":[10,5,11,6],"texture":"#cross"},
				"down":{"uv":[10,5,11,6],"texture":"#cross"}
			}
		},
		{
			"from":[7.5,10,9.5],
			"to":[8.5,11,10.5],
			"rotation":{"angle":-45,"axis":"y","origin":[8,8,8]},
			"faces":{
				"north":{"uv":[10,5,11,6],"texture":"#cross"},
				"east":{"uv":[10,5,11,6],"texture":"#cross"},
				"south":{"uv":[10,5,11,6],"texture":"#cross"},
				"west":{"uv":[10,5,11,6],"texture":"#cross"},
				"up":{"uv":[10,5,11,6],"texture":"#cross"},
				"down":{"uv":[10,5,11,6],"texture":"#cross"}
			}
		},
		{
			"from":[8.5,11,7.5],
			"to":[9.5,12,8.5],
			"rotation":{"angle":-45,"axis":"y","origin":[8,8,8]},
			"faces":{
				"north":{"uv":[9,4,10,5],"texture":"#cross"},
				"east":{"uv":[9,4,10,5],"texture":"#cross"},
				"south":{"uv":[9,4,10,5],"texture":"#cross"},
				"west":{"uv":[9,4,10,5],"texture":"#cross"},
				"up":{"uv":[9,4,10,5],"texture":"#cross"},
				"down":{"uv":[9,4,10,5],"texture":"#cross"}
			}
		},
		{
			"from":[7.5,11,8.5],
			"to":[8.5,12,9.5],
			"rotation":{"angle":-45,"axis":"y","origin":[8,8,8]},
			"faces":{
				"north":{"uv":[9,4,10,5],"texture":"#cross"},
				"east":{"uv":[9,4,10,5],"texture":"#cross"},
				"south":{"uv":[9,4,10,5],"texture":"#cross"},
				"west":{"uv":[9,4,10,5],"texture":"#cross"},
				"up":{"uv":[9,4,10,5],"texture":"#cross"},
				"down":{"uv":[9,4,10,5],"texture":"#cross"}
			}
		},
		{
			"from":[10.5,11,7.5],
			"to":[11.5,12,8.5],
			"rotation":{"angle":-45,"axis":"y","origin":[8,8,8]},
			"faces":{
				"north":{"uv":[11,4,12,5],"texture":"#cross"},
				"east":{"uv":[11,4,12,5],"texture":"#cross"},
				"south":{"uv":[11,4,12,5],"texture":"#cross"},
				"west":{"uv":[11,4,12,5],"texture":"#cross"},
				"up":{"uv":[11,4,12,5],"texture":"#cross"},
				"down":{"uv":[11,4,12,5],"texture":"#cross"}
			}
		},
		{
			"from":[7.5,11,10.5],
			"to":[8.5,12,11.5],
			"rotation":{"angle":-45,"axis":"y","origin":[8,8,8]},
			"faces":{
				"north":{"uv":[11,4,12,5],"texture":"#cross"},
				"east":{"uv":[11,4,12,5],"texture":"#cross"},
				"south":{"uv":[11,4,12,5],"texture":"#cross"},
				"west":{"uv":[11,4,12,5],"texture":"#cross"},
				"up":{"uv":[11,4,12,5],"texture":"#cross"},
				"down":{"uv":[11,4,12,5],"texture":"#cross"}
			}
		},
		{
			"from":[10.5,13,7.5],
			"to":[11.5,14,8.5],
			"rotation":{"angle":-45,"axis":"y","origin":[8,8,8]},
			"faces":{
				"north":{"uv":[11,2,12,3],"texture":"#cross"},
				"east":{"uv":[11,2,12,3],"texture":"#cross"},
				"south":{"uv":[11,2,12,3],"texture":"#cross"},
				"west":{"uv":[11,2,12,3],"texture":"#cross"},
				"up":{"uv":[11,2,12,3],"texture":"#cross"},
				"down":{"uv":[11,2,12,3],"texture":"#cross"}
			}
		},
		{
			"from":[7.5,13,10.5],
			"to":[8.5,14,11.5],
			"rotation":{"angle":-45,"axis":"y","origin":[8,8,8]},
			"faces":{
				"north":{"uv":[11,2,12,3],"texture":"#cross"},
				"east":{"uv":[11,2,12,3],"texture":"#cross"},
				"south":{"uv":[11,2,12,3],"texture":"#cross"},
				"west":{"uv":[11,2,12,3],"texture":"#cross"},
				"up":{"uv":[11,2,12,3],"texture":"#cross"},
				"down":{"uv":[11,2,12,3],"texture":"#cross"}
			}
		},
		{
			"from":[11.5,12,7.5],
			"to":[12.5,13,8.5],
			"rotation":{"angle":-45,"axis":"y","origin":[8,8,8]},
			"faces":{
				"north":{"uv":[12,3,13,4],"texture":"#cross"},
				"east":{"uv":[12,3,13,4],"texture":"#cross"},
				"south":{"uv":[12,3,13,4],"texture":"#cross"},
				"west":{"uv":[12,3,13,4],"texture":"#cross"},
				"up":{"uv":[12,3,13,4],"texture":"#cross"},
				"down":{"uv":[12,3,13,4],"texture":"#cross"}
			}
		},
		{
			"from":[7.5,12,11.5],
			"to":[8.5,13,12.5],
			"rotation":{"angle":-45,"axis":"y","origin":[8,8,8]},
			"faces":{
				"north":{"uv":[12,3,13,4],"texture":"#cross"},
				"east":{"uv":[12,3,13,4],"texture":"#cross"},
				"south":{"uv":[12,3,13,4],"texture":"#cross"},
				"west":{"uv":[12,3,13,4],"texture":"#cross"},
				"up":{"uv":[12,3,13,4],"texture":"#cross"},
				"down":{"uv":[12,3,13,4],"texture":"#cross"}
			}
		},
		{
			"from":[12.5,13,7.5],
			"to":[13.5,14,8.5],
			"rotation":{"angle":-45,"axis":"y","origin":[8,8,8]},
			"faces":{
				"north":{"uv":[13,2,14,3],"texture":"#cross"},
				"east":{"uv":[13,2,14,3],"texture":"#cross"},
				"south":{"uv":[13,2,14,3],"texture":"#cross"},
				"west":{"uv":[13,2,14,3],"texture":"#cross"},
				"up":{"uv":[13,2,14,3],"texture":"#cross"},
				"down":{"uv":[13,2,14,3],"texture":"#cross"}
			}
		},
		{
			"from":[7.5,13,12.5],
			"to":[8.5,14,13.5],
			"rotation":{"angle":-45,"axis":"y","origin":[8,8,8]},
			"faces":{
				"north":{"uv":[13,2,14,3],"texture":"#cross"},
				"east":{"uv":[13,2,14,3],"texture":"#cross"},
				"south":{"uv":[13,2,14,3],"texture":"#cross"},
				"west":{"uv":[13,2,14,3],"texture":"#cross"},
				"up":{"uv":[13,2,14,3],"texture":"#cross"},
				"down":{"uv":[13,2,14,3],"texture":"#cross"}
			}
		},
		{
			"from":[13.5,14,7.5],
			"to":[14.5,15,8.5],
			"rotation":{"angle":-45,"axis":"y","origin":[8,8,8]},
			"faces":{
				"north":{"uv":[14,1,15,2],"texture":"#cross"},
				"east":{"uv":[14,1,15,2],"texture":"#cross"},
				"south":{"uv":[14,1,15,2],"texture":"#cross"},
				"west":{"uv":[14,1,15,2],"texture":"#cross"},
				"up":{"uv":[14,1,15,2],"texture":"#cross"},
				"down":{"uv":[14,1,15,2],"texture":"#cross"}
			}
		},
		{
			"from":[7.5,14,13.5],
			"to":[8.5,15,14.5],
			"rotation":{"angle":-45,"axis":"y","origin":[8,8,8]},
			"faces":{
				"north":{"uv":[14,1,15,2],"texture":"#cross"},
				"east":{"uv":[14,1,15,2],"texture":"#cross"},
				"south":{"uv":[14,1,15,2],"texture":"#cross"},
				"west":{"uv":[14,1,15,2],"texture":"#cross"},
				"up":{"uv":[14,1,15,2],"texture":"#cross"},
				"down":{"uv":[14,1,15,2],"texture":"#cross"}
			}
		},
		{
			"from":[14.5,15,7.5],
			"to":[15.5,16,8.5],
			"rotation":{"angle":-45,"axis":"y","origin":[8,8,8]},
			"faces":{
				"north":{"uv":[15,0,16,1],"texture":"#cross"},
				"east":{"uv":[15,0,16,1],"texture":"#cross"},
				"south":{"uv":[15,0,16,1],"texture":"#cross"},
				"west":{"uv":[15,0,16,1],"texture":"#cross"},
				"up":{"uv":[15,0,16,1],"texture":"#cross","cullface":"up"},
				"down":{"uv":[15,0,16,1],"texture":"#cross"}
			}
		},
		{
			"from":[7.5,15,14.5],
			"to":[8.5,16,15.5],
			"rotation":{"angle":-45,"axis":"y","origin":[8,8,8]},
			"faces":{
				"north":{"uv":[15,0,16,1],"texture":"#cross"},
				"east":{"uv":[15,0,16,1],"texture":"#cross"},
				"south":{"uv":[15,0,16,1],"texture":"#cross"},
				"west":{"uv":[15,0,16,1],"texture":"#cross"},
				"up":{"uv":[15,0,16,1],"texture":"#cross","cullface":"up"},
				"down":{"uv":[15,0,16,1],"texture":"#cross"}
			}
		},
		{
			"from":[12.5,11,7.5],
			"to":[13.5,12,8.5],
			"rotation":{"angle":-45,"axis":"y","origin":[8,8,8]},
			"faces":{
				"north":{"uv":[13,4,14,5],"texture":"#cross"},
				"east":{"uv":[13,4,14,5],"texture":"#cross"},
				"south":{"uv":[13,4,14,5],"texture":"#cross"},
				"west":{"uv":[13,4,14,5],"texture":"#cross"},
				"up":{"uv":[13,4,14,5],"texture":"#cross"},
				"down":{"uv":[13,4,14,5],"texture":"#cross"}
			}
		},
		{
			"from":[7.5,11,12.5],
			"to":[8.5,12,13.5],
			"rotation":{"angle":-45,"axis":"y","origin":[8,8,8]},
			"faces":{
				"north":{"uv":[13,4,14,5],"texture":"#cross"},
				"east":{"uv":[13,4,14,5],"texture":"#cross"},
				"south":{"uv":[13,4,14,5],"texture":"#cross"},
				"west":{"uv":[13,4,14,5],"texture":"#cross"},
				"up":{"uv":[13,4,14,5],"texture":"#cross"},
				"down":{"uv":[13,4,14,5],"texture":"#cross"}
			}
		},
		{
			"from":[13.5,9,7.5],
			"to":[14.5,11,8.5],
			"rotation":{"angle":-45,"axis":"y","origin":[8,8,8]},
			"faces":{
				"north":{"uv":[14,5,15,7],"texture":"#cross"},
				"east":{"uv":[14,5,15,7],"texture":"#cross"},
				"south":{"uv":[14,5,15,7],"texture":"#cross"},
				"west":{"uv":[14,5,15,7],"texture":"#cross"},
				"up":{"uv":[14,5,15,6],"texture":"#cross"},
				"down":{"uv":[14,6,15,7],"texture":"#cross"}
			}
		},
		{
			"from":[7.5,9,13.5],
			"to":[8.5,11,14.5],
			"rotation":{"angle":-45,"axis":"y","origin":[8,8,8]},
			"faces":{
				"north":{"uv":[14,5,15,7],"texture":"#cross"},
				"east":{"uv":[14,5,15,7],"texture":"#cross"},
				"south":{"uv":[14,5,15,7],"texture":"#cross"},
				"west":{"uv":[14,5,15,7],"texture":"#cross"},
				"up":{"uv":[14,5,15,6],"texture":"#cross"},
				"down":{"uv":[14,6,15,7],"texture":"#cross"}
			}
		},
		{
			"from":[14.5,6,7.5],
			"to":[15.5,9,8.5],
			"rotation":{"angle":-45,"axis":"y","origin":[8,8,8]},
			"faces":{
				"north":{"uv":[15,7,16,10],"texture":"#cross"},
				"east":{"uv":[15,7,16,10],"texture":"#cross"},
				"south":{"uv":[15,7,16,10],"texture":"#cross"},
				"west":{"uv":[15,7,16,10],"texture":"#cross"},
				"up":{"uv":[15,7,16,8],"texture":"#cross"},
				"down":{"uv":[15,9,16,10],"texture":"#cross"}
			}
		},
		{
			"from":[7.5,6,14.5],
			"to":[8.5,9,15.5],
			"rotation":{"angle":-45,"axis":"y","origin":[8,8,8]},
			"faces":{
				"north":{"uv":[15,7,16,10],"texture":"#cross"},
				"east":{"uv":[15,7,16,10],"texture":"#cross"},
				"south":{"uv":[15,7,16,10],"texture":"#cross"},
				"west":{"uv":[15,7,16,10],"texture":"#cross"},
				"up":{"uv":[15,7,16,8],"texture":"#cross"},
				"down":{"uv":[15,9,16,10],"texture":"#cross"}
			}
		},
		{
			"from":[11.5,5,7.5],
			"to":[12.5,9,8.5],
			"rotation":{"angle":-45,"axis":"y","origin":[8,8,8]},
			"faces":{
				"north":{"uv":[12,7,13,11],"texture":"#cross"},
				"east":{"uv":[12,7,13,11],"texture":"#cross"},
				"south":{"uv":[12,7,13,11],"texture":"#cross"},
				"west":{"uv":[12,7,13,11],"texture":"#cross"},
				"up":{"uv":[12,7,13,8],"texture":"#cross"},
				"down":{"uv":[12,10,13,11],"texture":"#cross"}
			}
		},
		{
			"from":[7.5,5,11.5],
			"to":[8.5,9,12.5],
			"rotation":{"angle":-45,"axis":"y","origin":[8,8,8]},
			"faces":{
				"north":{"uv":[12,7,13,11],"texture":"#cross"},
				"east":{"uv":[12,7,13,11],"texture":"#cross"},
				"south":{"uv":[12,7,13,11],"texture":"#cross"},
				"west":{"uv":[12,7,13,11],"texture":"#cross"},
				"up":{"uv":[12,7,13,8],"texture":"#cross"},
				"down":{"uv":[12,10,13,11],"texture":"#cross"}
			}
		},
		{
			"from":[8.5,6,7.5],
			"to":[9.5,7,8.5],
			"rotation":{"angle":-45,"axis":"y","origin":[8,8,8]},
			"faces":{
				"north":{"uv":[9,9,10,10],"texture":"#cross"},
				"east":{"uv":[9,9,10,10],"texture":"#cross"},
				"south":{"uv":[9,9,10,10],"texture":"#cross"},
				"west":{"uv":[9,9,10,10],"texture":"#cross"},
				"down":{"uv":[9,9,10,10],"texture":"#cross"}
			}
		},
		{
			"from":[7.5,6,8.5],
			"to":[8.5,7,9.5],
			"rotation":{"angle":-45,"axis":"y","origin":[8,8,8]},
			"faces":{
				"north":{"uv":[9,9,10,10],"texture":"#cross"},
				"east":{"uv":[9,9,10,10],"texture":"#cross"},
				"south":{"uv":[9,9,10,10],"texture":"#cross"},
				"west":{"uv":[9,9,10,10],"texture":"#cross"},
				"down":{"uv":[9,9,10,10],"texture":"#cross"}
			}
		},
		{
			"from":[9.5,5,7.5],
			"to":[10.5,6,8.5],
			"rotation":{"angle":-45,"axis":"y","origin":[8,8,8]},
			"faces":{
				"north":{"uv":[10,10,11,11],"texture":"#cross"},
				"east":{"uv":[10,10,11,11],"texture":"#cross"},
				"south":{"uv":[10,10,11,11],"texture":"#cross"},
				"west":{"uv":[10,10,11,11],"texture":"#cross"},
				"up":{"uv":[10,10,11,11],"texture":"#cross"}
			}
		},
		{
			"from":[7.5,5,9.5],
			"to":[8.5,6,10.5],
			"rotation":{"angle":-45,"axis":"y","origin":[8,8,8]},
			"faces":{
				"north":{"uv":[10,10,11,11],"texture":"#cross"},
				"east":{"uv":[10,10,11,11],"texture":"#cross"},
				"south":{"uv":[10,10,11,11],"texture":"#cross"},
				"west":{"uv":[10,10,11,11],"texture":"#cross"},
				"up":{"uv":[10,10,11,11],"texture":"#cross"}
			}
		},
		{
			"from":[8.5,4,7.5],
			"to":[11.5,5,8.5],
			"rotation":{"angle":-45,"axis":"y","origin":[8,8,8]},
			"faces":{
				"north":{"uv":[12,11,9,12],"texture":"#cross"},
				"east":{"uv":[11,11,12,12],"texture":"#cross"},
				"south":{"uv":[9,11,12,12],"texture":"#cross"},
				"west":{"uv":[9,11,10,12],"texture":"#cross"},
				"up":{"uv":[9,11,12,12],"texture":"#cross"},
				"down":{"uv":[9,11,12,12],"texture":"#cross"}
			}
		},
		{
			"from":[7.5,4,8.5],
			"to":[8.5,5,11.5],
			"rotation":{"angle":-45,"axis":"y","origin":[8,8,8]},
			"faces":{
				"north":{"uv":[9,11,10,12],"texture":"#cross"},
				"east":{"uv":[12,11,9,12],"texture":"#cross"},
				"south":{"uv":[11,11,12,12],"texture":"#cross"},
				"west":{"uv":[9,11,12,12],"texture":"#cross"},
				"up":{"uv":[9,11,12,12],"rotation":90,"texture":"#cross"},
				"down":{"uv":[9,11,12,12],"rotation":270,"texture":"#cross"}
			}
		},
		{
			"from":[13.5,4,7.5],
			"to":[14.5,6,8.5],
			"rotation":{"angle":-45,"axis":"y","origin":[8,8,8]},
			"faces":{
				"north":{"uv":[14,10,15,12],"texture":"#cross"},
				"east":{"uv":[14,10,15,12],"texture":"#cross"},
				"south":{"uv":[14,10,15,12],"texture":"#cross"},
				"west":{"uv":[14,10,15,12],"texture":"#cross"},
				"up":{"uv":[14,10,15,11],"texture":"#cross"},
				"down":{"uv":[14,11,15,12],"texture":"#cross"}
			}
		},
		{
			"from":[7.5,4,13.5],
			"to":[8.5,6,14.5],
			"rotation":{"angle":-45,"axis":"y","origin":[8,8,8]},
			"faces":{
				"north":{"uv":[14,10,15,12],"texture":"#cross"},
				"east":{"uv":[14,10,15,12],"texture":"#cross"},
				"south":{"uv":[14,10,15,12],"texture":"#cross"},
				"west":{"uv":[14,10,15,12],"texture":"#cross"},
				"up":{"uv":[14,10,15,11],"texture":"#cross"},
				"down":{"uv":[14,11,15,12],"texture":"#cross"}
			}
		},
		{
			"from":[11.5,2,7.5],
			"to":[13.5,4,8.5],
			"rotation":{"angle":-45,"axis":"y","origin":[8,8,8]},
			"faces":{
				"north":{"uv":[14,12,12,14],"texture":"#cross"},
				"east":{"uv":[13,12,14,14],"texture":"#cross"},
				"south":{"uv":[12,12,14,14],"texture":"#cross"},
				"west":{"uv":[12,12,13,14],"texture":"#cross"},
				"up":{"uv":[12,12,14,13],"texture":"#cross"}
			}
		},
		{
			"from":[7.5,2,11.5],
			"to":[8.5,4,13.5],
			"rotation":{"angle":-45,"axis":"y","origin":[8,8,8]},
			"faces":{
				"north":{"uv":[12,12,13,14],"texture":"#cross"},
				"east":{"uv":[14,12,12,14],"texture":"#cross"},
				"south":{"uv":[13,12,14,14],"texture":"#cross"},
				"west":{"uv":[12,12,14,14],"texture":"#cross"},
				"up":{"uv":[12,12,14,13],"rotation":90,"texture":"#cross"}
			}
		},
		{
			"from":[9.5,2,7.5],
			"to":[13.5,3,8.5],
			"rotation":{"angle":-45,"axis":"y","origin":[8,8,8]},
			"faces":{
				"north":{"uv":[14,13,10,14],"texture":"#cross"},
				"south":{"uv":[10,13,14,14],"texture":"#cross"},
				"west":{"uv":[10,13,11,14],"texture":"#cross"},
				"up":{"uv":[10,13,14,14],"texture":"#cross"},
				"down":{"uv":[10,13,14,14],"texture":"#cross"}
			}
		},
		{
			"from":[7.5,2,9.5],
			"to":[8.5,3,13.5],
			"rotation":{"angle":-45,"axis":"y","origin":[8,8,8]},
			"faces":{
				"north":{"uv":[10,13,11,14],"texture":"#cross"},
				"east":{"uv":[14,13,10,14],"texture":"#cross"},
				"west":{"uv":[10,13,14,14],"texture":"#cross"},
				"up":{"uv":[10,13,14,14],"rotation":90,"texture":"#cross"},
				"down":{"uv":[10,13,14,14],"rotation":270,"texture":"#cross"}
			}
		},
		{
			"from":[13.5,1,7.5],
			"to":[14.5,2,8.5],
			"rotation":{"angle":-45,"axis":"y","origin":[8,8,8]},
			"faces":{
				"north":{"uv":[14,14,15,15],"texture":"#cross"},
				"east":{"uv":[14,14,15,15],"texture":"#cross"},
				"south":{"uv":[14,14,15,15],"texture":"#cross"},
				"west":{"uv":[14,14,15,15],"texture":"#cross"},
				"up":{"uv":[14,14,15,15],"texture":"#cross"},
				"down":{"uv":[14,14,15,15],"texture":"#cross"}
			}
		},
		{
			"from":[7.5,1,13.5],
			"to":[8.5,2,14.5],
			"rotation":{"angle":-45,"axis":"y","origin":[8,8,8]},
			"faces":{
				"north":{"uv":[14,14,15,15],"texture":"#cross"},
				"east":{"uv":[14,14,15,15],"texture":"#cross"},
				"south":{"uv":[14,14,15,15],"texture":"#cross"},
				"west":{"uv":[14,14,15,15],"texture":"#cross"},
				"up":{"uv":[14,14,15,15],"texture":"#cross"},
				"down":{"uv":[14,14,15,15],"texture":"#cross"}
			}
		},
		{
			"from":[14.5,0,7.5],
			"to":[15.5,1,8.5],
			"rotation":{"angle":-45,"axis":"y","origin":[8,8,8]},
			"faces":{
				"north":{"uv":[15,15,16,16],"texture":"#cross"},
				"east":{"uv":[15,15,16,16],"texture":"#cross"},
				"south":{"uv":[15,15,16,16],"texture":"#cross"},
				"west":{"uv":[15,15,16,16],"texture":"#cross"},
				"up":{"uv":[15,15,16,16],"texture":"#cross"},
				"down":{"uv":[15,15,16,16],"texture":"#cross","cullface":"down"}
			}
		},
		{
			"from":[7.5,0,14.5],
			"to":[8.5,1,15.5],
			"rotation":{"angle":-45,"axis":"y","origin":[8,8,8]},
			"faces":{
				"north":{"uv":[15,15,16,16],"texture":"#cross"},
				"east":{"uv":[15,15,16,16],"texture":"#cross"},
				"south":{"uv":[15,15,16,16],"texture":"#cross"},
				"west":{"uv":[15,15,16,16],"texture":"#cross"},
				"up":{"uv":[15,15,16,16],"texture":"#cross"},
				"down":{"uv":[15,15,16,16],"texture":"#cross","cullface":"down"}
			}
		},
		{
			"from":[7.5,12,7.5],
			"to":[8.5,16,8.5],
			"rotation":{"angle":-45,"axis":"y","origin":[8,8,8]},
			"faces":{
				"north":{"uv":[8,0,9,4],"texture":"#cross"},
				"east":{"uv":[8,0,9,4],"texture":"#cross"},
				"south":{"uv":[8,0,9,4],"texture":"#cross"},
				"west":{"uv":[8,0,9,4],"texture":"#cross"},
				"up":{"uv":[8,0,9,1],"texture":"#cross","cullface":"up"},
				"down":{"uv":[8,3,9,4],"texture":"#cross"}
			}
		}
	]
}