{
    "comment": "3D Default 1.20+ v1.10.2",
    "multipart":[
        { "when": { "facing": "north" }, "apply": { "model": "block/chiseled_bookshelf/chiseled_bookshelf" } },
        { "when": { "facing": "north" }, "apply": { "model": "block/chiseled_bookshelf/chiseled_bookshelf_end", "uvlock": true } },
        { "when": { "AND": [ { "facing": "north" }, { "slot_0_occupied": "true" } ] }, "apply": { "model": "block/chiseled_bookshelf/chiseled_bookshelf_occupied_slot_top_left" } },
        { "when": { "AND": [ { "facing": "north" }, { "slot_1_occupied": "true" } ] }, "apply": { "model": "block/chiseled_bookshelf/chiseled_bookshelf_occupied_slot_top_mid" } },
        { "when": { "AND": [ { "facing": "north" }, { "slot_2_occupied": "true" } ] }, "apply": { "model": "block/chiseled_bookshelf/chiseled_bookshelf_occupied_slot_top_right" } },
        { "when": { "AND": [ { "facing": "north" }, { "slot_3_occupied": "true" } ] }, "apply": { "model": "block/chiseled_bookshelf/chiseled_bookshelf_occupied_slot_bottom_left" } },
        { "when": { "AND": [ { "facing": "north" }, { "slot_4_occupied": "true" } ] }, "apply": { "model": "block/chiseled_bookshelf/chiseled_bookshelf_occupied_slot_bottom_mid" } },
        { "when": { "AND": [ { "facing": "north" }, { "slot_5_occupied": "true" } ] }, "apply": { "model": "block/chiseled_bookshelf/chiseled_bookshelf_occupied_slot_bottom_right" } },
        { "when": { "facing": "east" }, "apply": { "model": "block/chiseled_bookshelf/chiseled_bookshelf", "y": 90 } },
        { "when": { "facing": "east" }, "apply": { "model":"block/chiseled_bookshelf/chiseled_bookshelf_end", "y": 90, "uvlock": true } },
        { "when": { "AND": [ { "facing": "east" }, { "slot_0_occupied": "true" } ] }, "apply": { "model":"block/chiseled_bookshelf/chiseled_bookshelf_occupied_slot_top_left", "y": 90 } },
        { "when": { "AND": [ { "facing": "east" }, { "slot_1_occupied": "true" } ] }, "apply": { "model":"block/chiseled_bookshelf/chiseled_bookshelf_occupied_slot_top_mid", "y": 90 } },
        { "when": { "AND": [ { "facing": "east" }, { "slot_2_occupied": "true" } ] }, "apply": { "model":"block/chiseled_bookshelf/chiseled_bookshelf_occupied_slot_top_right", "y": 90 } },
        { "when": { "AND": [ { "facing": "east" }, { "slot_3_occupied": "true" } ] }, "apply": { "model":"block/chiseled_bookshelf/chiseled_bookshelf_occupied_slot_bottom_left", "y": 90 } },
        { "when": { "AND": [ { "facing": "east" }, { "slot_4_occupied": "true" } ] }, "apply": { "model":"block/chiseled_bookshelf/chiseled_bookshelf_occupied_slot_bottom_mid", "y": 90 } },
        { "when": { "AND": [ { "facing": "east" }, { "slot_5_occupied": "true" } ] }, "apply": { "model":"block/chiseled_bookshelf/chiseled_bookshelf_occupied_slot_bottom_right", "y": 90 } },
        { "when": { "facing": "south" }, "apply": { "model": "block/chiseled_bookshelf/chiseled_bookshelf", "y": 180 } },
        { "when": { "facing": "south" }, "apply": { "model":"block/chiseled_bookshelf/chiseled_bookshelf_end", "y": 180, "uvlock": true } },
        { "when": { "AND": [ { "facing": "south" }, { "slot_0_occupied": "true" } ] }, "apply": { "model":"block/chiseled_bookshelf/chiseled_bookshelf_occupied_slot_top_left", "y": 180 } },
        { "when": { "AND": [ { "facing": "south" }, { "slot_1_occupied": "true" } ] }, "apply": { "model":"block/chiseled_bookshelf/chiseled_bookshelf_occupied_slot_top_mid", "y": 180 } },
        { "when": { "AND": [ { "facing": "south" }, { "slot_2_occupied": "true" } ] }, "apply": { "model":"block/chiseled_bookshelf/chiseled_bookshelf_occupied_slot_top_right", "y": 180 } },
        { "when": { "AND": [ { "facing": "south" }, { "slot_3_occupied": "true" } ] }, "apply": { "model":"block/chiseled_bookshelf/chiseled_bookshelf_occupied_slot_bottom_left", "y": 180 } },
        { "when": { "AND": [ { "facing": "south" }, { "slot_4_occupied": "true" } ] }, "apply": { "model":"block/chiseled_bookshelf/chiseled_bookshelf_occupied_slot_bottom_mid", "y": 180 } },
        { "when": { "AND": [ { "facing": "south" }, { "slot_5_occupied": "true" } ] }, "apply": { "model":"block/chiseled_bookshelf/chiseled_bookshelf_occupied_slot_bottom_right", "y": 180 } },
        { "when": { "facing": "west" }, "apply": { "model": "block/chiseled_bookshelf/chiseled_bookshelf", "y": 270 } },
        { "when": { "facing": "west" }, "apply": { "model":"block/chiseled_bookshelf/chiseled_bookshelf_end", "y": 270, "uvlock": true } },
        { "when": { "AND": [ { "facing": "west" }, { "slot_0_occupied": "true" } ] }, "apply": { "model":"block/chiseled_bookshelf/chiseled_bookshelf_occupied_slot_top_left", "y": 270 } },
        { "when": { "AND": [ { "facing": "west" }, { "slot_1_occupied": "true" } ] }, "apply": { "model":"block/chiseled_bookshelf/chiseled_bookshelf_occupied_slot_top_mid", "y": 270 } },
        { "when": { "AND": [ { "facing": "west" }, { "slot_2_occupied": "true" } ] }, "apply": { "model":"block/chiseled_bookshelf/chiseled_bookshelf_occupied_slot_top_right", "y": 270 } },
        { "when": { "AND": [ { "facing": "west" }, { "slot_3_occupied": "true" } ] }, "apply": { "model":"block/chiseled_bookshelf/chiseled_bookshelf_occupied_slot_bottom_left", "y": 270 } },
        { "when": { "AND": [ { "facing": "west" }, { "slot_4_occupied": "true" } ] }, "apply": { "model":"block/chiseled_bookshelf/chiseled_bookshelf_occupied_slot_bottom_mid", "y": 270 } },
        { "when": { "AND": [ { "facing": "west" }, { "slot_5_occupied": "true" } ] }, "apply": { "model":"block/chiseled_bookshelf/chiseled_bookshelf_occupied_slot_bottom_right", "y": 270 } }
    ]
}