{
    "comment": "Nautilus3D_V1.9_[MC-1.13+]",
    "variants": {
        "facing=north": { "model": "block/dropper/dropper" },
        "facing=east": { "model": "block/dropper/dropper", "y": 90 },
        "facing=south": { "model": "block/dropper/dropper", "y": 180 },
        "facing=west": { "model": "block/dropper/dropper", "y": 270 },
        "facing=up": { "model": "block/dropper/dropper_vertical" },
        "facing=down": { "model": "block/dropper/dropper_vertical", "x": 180 }
    }
}