{
    "comment": "Faithless 1.21",
    "multipart": [
        { "when": { "facing": "north" }, "apply": { "model": "block/end_portal_frame/end_portal_frame" } },
        { "when": { "facing": "east" },  "apply": { "model": "block/end_portal_frame/end_portal_frame", "y": 90 } },
        { "when": { "facing": "south" }, "apply": { "model": "block/end_portal_frame/end_portal_frame", "y": 180 } },
        { "when": { "facing": "west" },  "apply": { "model": "block/end_portal_frame/end_portal_frame", "y": 270 } },

        { "when": { "AND": [ { "eye": "true" }, { "facing": "north" } ] },
            "apply": [
                { "model": "block/end_portal_frame/end_portal_frame_eye_1" },
                { "model": "block/end_portal_frame/end_portal_frame_eye_2" },
                { "model": "block/end_portal_frame/end_portal_frame_eye_3" },
                { "model": "block/end_portal_frame/end_portal_frame_eye_4" },
                { "model": "block/end_portal_frame/end_portal_frame_eye_5" },
                { "model": "block/end_portal_frame/end_portal_frame_eye_6" }
            ]
        },
        { "when": { "AND": [ { "eye": "true" }, { "facing": "east" } ] },
            "apply": [
                { "model": "block/end_portal_frame/end_portal_frame_eye_1", "y": 90 },
                { "model": "block/end_portal_frame/end_portal_frame_eye_2", "y": 90 },
                { "model": "block/end_portal_frame/end_portal_frame_eye_3", "y": 90 },
                { "model": "block/end_portal_frame/end_portal_frame_eye_4", "y": 90 },
                { "model": "block/end_portal_frame/end_portal_frame_eye_5", "y": 90 },
                { "model": "block/end_portal_frame/end_portal_frame_eye_6", "y": 90 }
            ]
        },
        { "when": { "AND": [ { "eye": "true" }, { "facing": "south" } ] },
            "apply": [
                { "model": "block/end_portal_frame/end_portal_frame_eye_1", "y": 180 },
                { "model": "block/end_portal_frame/end_portal_frame_eye_2", "y": 180 },
                { "model": "block/end_portal_frame/end_portal_frame_eye_3", "y": 180 },
                { "model": "block/end_portal_frame/end_portal_frame_eye_4", "y": 180 },
                { "model": "block/end_portal_frame/end_portal_frame_eye_5", "y": 180 },
                { "model": "block/end_portal_frame/end_portal_frame_eye_6", "y": 180 }
            ]
        },
        { "when": { "AND": [ { "eye": "true" }, { "facing": "west" } ] },
            "apply": [
                { "model": "block/end_portal_frame/end_portal_frame_eye_1", "y": 270 },
                { "model": "block/end_portal_frame/end_portal_frame_eye_2", "y": 270 },
                { "model": "block/end_portal_frame/end_portal_frame_eye_3", "y": 270 },
                { "model": "block/end_portal_frame/end_portal_frame_eye_4", "y": 270 },
                { "model": "block/end_portal_frame/end_portal_frame_eye_5", "y": 270 },
                { "model": "block/end_portal_frame/end_portal_frame_eye_6", "y": 270 }
            ]
        }
    ]
}