{
    "comment": "Phremic",
    "variants": {
        "lit=false,facing=north": { "model": "block/furnace/furnace" },
        "lit=false,facing=east": { "model": "block/furnace/furnace", "y": 90 },
        "lit=false,facing=south": { "model": "block/furnace/furnace", "y": 180 },
        "lit=false,facing=west": { "model": "block/furnace/furnace", "y": 270 },
        "lit=true,facing=north": { "model": "block/furnace/furnace_on" },
        "lit=true,facing=east": { "model": "block/furnace/furnace_on", "y": 90 },
        "lit=true,facing=south": { "model": "block/furnace/furnace_on", "y": 180 },
        "lit=true,facing=west": { "model": "block/furnace/furnace_on", "y": 270 }
    }
}