{
    "comment": "Nautilus3D_V1.9_[MC-1.13+]",
    "variants": {
        "facing=north": { "model": "block/observer/observer" },
        "facing=east": { "model": "block/observer/observer", "y": 90 },
        "facing=south": { "model": "block/observer/observer", "y": 180 },
        "facing=west": { "model": "block/observer/observer", "y": 270 },
        "facing=up": { "model": "block/observer/observer", "x": 270 },
        "facing=down": { "model": "block/observer/observer", "x": 90 }
    }
}