{
    "comment": "Nautilus3D_V1.9_[MC-1.13+]",
    "multipart": [
        { "when": { "facing": "north" }, "apply": { "model": "block/stonecutter/stonecutter" } },
        { "when": { "facing": "east" },  "apply": { "model": "block/stonecutter/stonecutter", "y": 90 } },
        { "when": { "facing": "south" }, "apply": { "model": "block/stonecutter/stonecutter", "y": 180 } },
        { "when": { "facing": "west" },  "apply": { "model": "block/stonecutter/stonecutter", "y": 270 } },

        { "when": { "facing": "north" },
            "apply": [
                { "model": "block/stonecutter/surface_debris_1" },
                { "model": "block/stonecutter/surface_debris_2" },
                { "model": "block/stonecutter/surface_debris_3" },
                { "model": "block/stonecutter/surface_clean", "weight": 3 }
            ]
        },
        { "when": { "facing": "east" },
            "apply": [
                { "model": "block/stonecutter/surface_debris_1", "y": 90 },
                { "model": "block/stonecutter/surface_debris_2", "y": 90 },
                { "model": "block/stonecutter/surface_debris_3", "y": 90 },
                { "model": "block/stonecutter/surface_clean", "weight": 3 }
            ]
        },
        { "when": { "facing": "south" },
            "apply": [
                { "model": "block/stonecutter/surface_debris_1", "y": 180 },
                { "model": "block/stonecutter/surface_debris_2", "y": 180 },
                { "model": "block/stonecutter/surface_debris_3", "y": 180 },
                { "model": "block/stonecutter/surface_clean", "weight": 3 }
            ]
        },
        { "when": { "facing": "west" },
            "apply": [
                { "model": "block/stonecutter/surface_debris_1", "y": 270 },
                { "model": "block/stonecutter/surface_debris_2", "y": 270 },
                { "model": "block/stonecutter/surface_debris_3", "y": 270 },
                { "model": "block/stonecutter/surface_clean", "weight": 3 }
            ]
        }
    ]
}
