{
	"format_version": "1.12.0",
	"minecraft:geometry": [
		{
			"description": {
				"identifier": "geometry.spectreon",
				"texture_width": 64,
				"texture_height": 64,
				"visible_bounds_width": 4,
				"visible_bounds_height": 3.5,
				"visible_bounds_offset": [0, 1.25, 0]
			},
			"bones": [
				{
					"name": "dungeon",
					"pivot": [0, 0, 0]
				},
				{
					"name": "body",
					"parent": "dungeon",
					"pivot": [0, 9.75, 0]
				},
				{
					"name": "torso",
					"parent": "body",
					"pivot": [0, 9.75, 0],
					"cubes": [
						{"origin": [-3.5, 6.74997, -6.64], "size": [7, 6, 7], "uv": [21, 7]}
					]
				},
				{
					"name": "leg_front_left",
					"parent": "torso",
					"pivot": [2.5, 9, -4.5],
					"rotation": [7.5, 0, 0],
					"cubes": [
						{"origin": [1, 4.5, -6], "size": [3, 6, 3], "inflate": 0.01, "uv": [42, 20]}
					]
				},
				{
					"name": "leg_front_left2",
					"parent": "leg_front_left",
					"pivot": [2.5, 4.5, -3],
					"rotation": [-22.5, 0, 0],
					"cubes": [
						{"origin": [1, 0.5, -6], "size": [3, 4, 3], "uv": [21, 0]}
					]
				},
				{
					"name": "leg_front_left3",
					"parent": "leg_front_left2",
					"pivot": [2.5, 1, -4.5],
					"rotation": [15, 0, 0],
					"cubes": [
						{"origin": [1, -0.75, -6.25], "size": [3, 2, 3], "inflate": 0.01, "uv": [37, 49]}
					]
				},
				{
					"name": "leg_front_right",
					"parent": "torso",
					"pivot": [-2.5, 9, -4.5],
					"rotation": [7.5, 0, 0],
					"cubes": [
						{"origin": [-4, 4.5, -6], "size": [3, 6, 3], "inflate": 0.01, "uv": [28, 42]}
					]
				},
				{
					"name": "leg_front_right2",
					"parent": "leg_front_right",
					"pivot": [-2.5, 4.5, -3],
					"rotation": [-22.5, 0, 0],
					"cubes": [
						{"origin": [-4, 0.5, -6], "size": [3, 4, 3], "uv": [40, 42]}
					]
				},
				{
					"name": "leg_front_right3",
					"parent": "leg_front_right2",
					"pivot": [-2.5, 1, -4.5],
					"rotation": [15, 0, 0],
					"cubes": [
						{"origin": [-4, -0.75, -6.25], "size": [3, 2, 3], "inflate": 0.01, "uv": [49, 46]}
					]
				},
				{
					"name": "head",
					"parent": "torso",
					"pivot": [0, 12.49997, -5.96093],
					"cubes": [
						{"origin": [-3.5, 10.99997, -11.98], "size": [7, 7, 7], "inflate": 0.01, "uv": [0, 0]},
						{"origin": [-2.5, 10.99997, -13.7], "size": [5, 3, 2], "uv": [48, 36]},
						{"origin": [-0.5, 12.74997, -13.71], "size": [1, 1, 0], "uv": [0, 1]}
					]
				},
				{
					"name": "mouth",
					"parent": "head",
					"pivot": [0, 1, 0.52],
					"cubes": [
						{"origin": [-1, 11.5, -12.89], "size": [2, 1, 0], "uv": [0, 0]}
					]
				},
				{
					"name": "eyes",
					"parent": "head",
					"pivot": [0, 15.12178, -11.96093]
				},
				{
					"name": "eye_right",
					"parent": "eyes",
					"pivot": [-2.515, 15.25, -11.495],
					"cubes": [
						{"origin": [-3.515, 14.25, -11.995], "size": [2, 2, 2], "uv": [49, 51]}
					]
				},
				{
					"name": "eyelid_right",
					"parent": "eye_right",
					"pivot": [-2.415, 15.25, -11.395],
					"cubes": [
						{"origin": [-3.415, 14.25, -11.895], "size": [2, 2, 3], "inflate": 0.01, "uv": [24, 51]}
					]
				},
				{
					"name": "eye_left",
					"parent": "eyes",
					"pivot": [2.515, 15.25, -11.495],
					"cubes": [
						{"origin": [1.515, 14.25, -11.995], "size": [2, 2, 2], "uv": [49, 41]}
					]
				},
				{
					"name": "eyelid_left",
					"parent": "eye_left",
					"pivot": [2.415, 15.25, -11.395],
					"cubes": [
						{"origin": [1.415, 14.25, -11.895], "size": [2, 2, 3], "inflate": 0.01, "uv": [11, 27]}
					]
				},
				{
					"name": "ear_left",
					"parent": "head",
					"pivot": [4.5, 14.99997, -8.96093],
					"rotation": [0, -12.5, 0],
					"cubes": [
						{"origin": [0.79104, 15.96518, -7.81495], "size": [7, 11, 0], "pivot": [0.32088, 21.48961, -7.02071], "rotation": [-10.28925, 1.30936, 1.70812], "uv": [0, 36]}
					]
				},
				{
					"name": "ear_right",
					"parent": "head",
					"pivot": [-4.5, 14.99997, -8.96093],
					"rotation": [0, 12.5, 0],
					"cubes": [
						{"origin": [-7.79104, 15.96518, -7.81495], "size": [7, 11, 0], "pivot": [-0.32088, 21.48961, -7.02071], "rotation": [-10.28925, -1.30936, -1.70812], "uv": [34, 31]}
					]
				},
				{
					"name": "hips",
					"parent": "torso",
					"pivot": [0, 9.74997, 0.01907],
					"cubes": [
						{"origin": [-3.5, 6.74997, 0.36], "size": [7, 6, 7], "uv": [0, 14]}
					]
				},
				{
					"name": "leg_back_right",
					"parent": "hips",
					"pivot": [-2.5, 8.99997, 4.75],
					"rotation": [5, 0, 0],
					"cubes": [
						{"origin": [-4, 4.49997, 2.75], "size": [3, 6, 4], "inflate": 0.01, "uv": [42, 0]}
					]
				},
				{
					"name": "leg_back_right2",
					"parent": "leg_back_right",
					"pivot": [-2.5, 4.49997, 6.25],
					"rotation": [-12.5, 0, 0],
					"cubes": [
						{"origin": [-4, 0.74997, 4.25], "size": [3, 4, 3], "uv": [48, 29]}
					]
				},
				{
					"name": "leg_back_right3",
					"parent": "leg_back_right2",
					"pivot": [-2.5, 1.24997, 5.75],
					"rotation": [7.5, 0, 0],
					"cubes": [
						{"origin": [-4, -0.25003, 4], "size": [3, 2, 3], "inflate": 0.01, "uv": [51, 16]}
					]
				},
				{
					"name": "leg_back_left",
					"parent": "hips",
					"pivot": [2.5, 8.99997, 4.75],
					"rotation": [5, 0, 0],
					"cubes": [
						{"origin": [1, 4.49997, 2.75], "size": [3, 6, 4], "inflate": 0.01, "uv": [14, 40]}
					]
				},
				{
					"name": "leg_back_left2",
					"parent": "leg_back_left",
					"pivot": [2.5, 4.49997, 6.25],
					"rotation": [-12.5, 0, 0],
					"cubes": [
						{"origin": [1, 0.74997, 4.25], "size": [3, 4, 3], "uv": [0, 47]}
					]
				},
				{
					"name": "leg_back_left3",
					"parent": "leg_back_left2",
					"pivot": [2.5, 1.24997, 5.75],
					"rotation": [7.5, 0, 0],
					"cubes": [
						{"origin": [1, -0.25003, 4], "size": [3, 2, 3], "inflate": 0.01, "uv": [12, 50]}
					]
				},
				{
					"name": "tail",
					"parent": "hips",
					"pivot": [0.07143, 8.71854, 6.78336],
					"cubes": [
						{"origin": [-1.92857, 9.19854, 7.66336], "size": [4, 4, 6], "pivot": [0.07143, 8.71854, 6.78336], "rotation": [42.5, 0, 0], "uv": [22, 21]}
					]
				},
				{
					"name": "tail2",
					"parent": "tail",
					"pivot": [0.07143, 15.75514, 10.94392],
					"cubes": [
						{"origin": [-1.44857, 14.27514, 8.94392], "size": [3, 3, 3], "pivot": [0.07143, 15.75514, 10.94392], "rotation": [32.5, 0, 0], "uv": [49, 10]}
					]
				},
				{
					"name": "tail3",
					"parent": "tail2",
					"pivot": [0.07143, 15.75514, 10.94392],
					"cubes": [
						{"origin": [-0.92857, 15.27854, 10.78336], "size": [2, 2, 7], "pivot": [0.07143, 16.27854, 11.78336], "rotation": [10, 0, 0], "uv": [0, 27]}
					]
				},
				{
					"name": "lantern",
					"parent": "tail3",
					"pivot": [0.07143, 16.20607, 16.92671],
					"cubes": [
						{"origin": [-1.92857, 10.43854, 14.98336], "size": [4, 5, 4], "inflate": -0.1, "pivot": [0.07143, 13.03854, 16.98336], "rotation": [5, 0, 0], "uv": [18, 31]},
						{"origin": [-0.92857, 12.43854, 15.98336], "size": [2, 4, 2], "inflate": -0.1, "pivot": [0.07143, 13.03854, 16.98336], "rotation": [5, 0, 0], "uv": [33, 0]}
					]
				}
			]
		}
	]
}