{
    "comment": "Vanilla Tweaks",
    "variants": {
        "facing=north":  { "model": "block/amethyst/amethyst_cluster", "x": 90 },
        "facing=east":  { "model": "block/amethyst/amethyst_cluster", "x": 90, "y": 90 },
        "facing=south":  { "model": "block/amethyst/amethyst_cluster", "x": 90, "y": 180 },
        "facing=west":  { "model": "block/amethyst/amethyst_cluster", "x": 90, "y": 270 },
        "facing=up":  { "model": "block/amethyst/amethyst_cluster" },
        "facing=down":  { "model": "block/amethyst/amethyst_cluster", "x": 180 }
    }
}