{
    "comment": "Nautilus3D_V1.9_[MC-1.13+]",
    "variants": {
        "axis=y": [
            {"model": "block/chain/chain", "weight": 5 },
            {"model": "block/chain/chain_alt", "weight": 2 },
            {"model": "block/chain/chain_alt", "weight": 2, "y":180 }
        ],

        "axis=x": [
            {"model": "block/chain/chain",	"x": 90,	"y": 90 },
            {"model": "block/chain/chain_alt",	"x": 90,	"y": 90 }
        ],

        "axis=z": [
            {"model": "block/chain/chain",	"x": 90 },
            {"model": "block/chain/chain_alt",	"x": 90 }
        ]
    }
}