{
    "comment": "Vanilla 3D",
    "variants": {
        "mode=compare,powered=false,facing=south": { "model": "block/comparator/comparator" },
        "mode=compare,powered=false,facing=west": { "model": "block/comparator/comparator", "y": 90 },
        "mode=compare,powered=false,facing=north": { "model": "block/comparator/comparator", "y": 180 },
        "mode=compare,powered=false,facing=east": { "model": "block/comparator/comparator", "y": 270 },
        "mode=compare,powered=true,facing=south": { "model": "block/comparator/comparator_on" },
        "mode=compare,powered=true,facing=west": { "model": "block/comparator/comparator_on", "y": 90 },
        "mode=compare,powered=true,facing=north": { "model": "block/comparator/comparator_on", "y": 180 },
        "mode=compare,powered=true,facing=east": { "model": "block/comparator/comparator_on", "y": 270 },
        "mode=subtract,powered=false,facing=south": { "model": "block/comparator/comparator_subtract" },
        "mode=subtract,powered=false,facing=west": { "model": "block/comparator/comparator_subtract", "y": 90 },
        "mode=subtract,powered=false,facing=north": { "model": "block/comparator/comparator_subtract", "y": 180 },
        "mode=subtract,powered=false,facing=east": { "model": "block/comparator/comparator_subtract", "y": 270 },
        "mode=subtract,powered=true,facing=south": { "model": "block/comparator/comparator_on_subtract" },
        "mode=subtract,powered=true,facing=west": { "model": "block/comparator/comparator_on_subtract", "y": 90 },
        "mode=subtract,powered=true,facing=north": { "model": "block/comparator/comparator_on_subtract", "y": 180 },
        "mode=subtract,powered=true,facing=east": { "model": "block/comparator/comparator_on_subtract", "y": 270 }
    }
}