{
    "comment": "Nautilus3D_V1.9_[MC-1.13+]",
    "multipart": [
        { "apply": { "model": "block/iron_bars/iron_bars_post" } },
        { "when": { "north": true }, "apply": { "model": "block/iron_bars/iron_bars_side" } },
        { "when": { "east": true }, "apply": { "model": "block/iron_bars/iron_bars_side", "y": 90 } },
        { "when": { "south": true }, "apply": { "model": "block/iron_bars/iron_bars_side_alt" } },
        { "when": { "west": true }, "apply": { "model": "block/iron_bars/iron_bars_side_alt", "y": 90 } }
    ]
}