{
    "comment": "3D Default 1.20+ v1.10.2",
    "variants": {
        "face=floor,facing=north,powered=false": { "model": "block/lever/lever", "x": 0, "y": 180 },
        "face=wall,facing=north,powered=false": { "model": "block/lever/lever", "x": 270, "y": 180 },
        "face=ceiling,facing=north,powered=false": { "model": "block/lever/lever", "x": 180, "y": 0 },

        "face=floor,facing=east,powered=false": { "model": "block/lever/lever", "x": 0, "y": 270 },
        "face=wall,facing=east,powered=false": { "model": "block/lever/lever", "x": 270, "y": 270 },
        "face=ceiling,facing=east,powered=false": { "model": "block/lever/lever", "x": 180, "y": 90 },

        "face=floor,facing=south,powered=false": { "model": "block/lever/lever", "x": 0, "y": 0 },
        "face=wall,facing=south,powered=false": { "model": "block/lever/lever", "x": 270, "y": 0 },
        "face=ceiling,facing=south,powered=false": { "model": "block/lever/lever", "x": 180, "y": 180 },

        "face=floor,facing=west,powered=false": { "model": "block/lever/lever", "x": 0, "y": 90 },
        "face=wall,facing=west,powered=false": { "model": "block/lever/lever", "x": 270, "y": 90 },
        "face=ceiling,facing=west,powered=false": { "model": "block/lever/lever", "x": 180, "y": 270 },

        "face=floor,facing=north,powered=true": { "model": "block/lever/lever_on", "x": 0, "y": 180 },
        "face=wall,facing=north,powered=true": { "model": "block/lever/lever_on", "x": 270, "y": 180 },
        "face=ceiling,facing=north,powered=true": { "model": "block/lever/lever_on", "x": 180, "y": 0 },

        "face=floor,facing=east,powered=true": { "model": "block/lever/lever_on", "x": 0, "y": 270 },
        "face=wall,facing=east,powered=true": { "model": "block/lever/lever_on", "x": 270, "y": 270 },
        "face=ceiling,facing=east,powered=true": { "model": "block/lever/lever_on", "x": 180, "y": 90 },

        "face=floor,facing=south,powered=true": { "model": "block/lever/lever_on", "x": 0, "y": 0 },
        "face=wall,facing=south,powered=true": { "model": "block/lever/lever_on", "x": 270, "y": 0 },
        "face=ceiling,facing=south,powered=true": { "model": "block/lever/lever_on", "x": 180, "y": 180 },

        "face=floor,facing=west,powered=true": { "model": "block/lever/lever_on", "x": 0, "y": 90 },
        "face=wall,facing=west,powered=true": { "model": "block/lever/lever_on", "x": 270, "y": 90 },
        "face=ceiling,facing=west,powered=true": { "model": "block/lever/lever_on", "x": 180, "y": 270 }
    }
}