{
    "comment": "3D Default 1.20+ v1.10.2",
    "variants": {
        "shape=north_south":  { "model": "block/rail/rail" },
        "shape=east_west":  { "model": "block/rail/rail", "y": 90 },

        "shape=south_east":  { "model": "block/rail/rail_corner" },
        "shape=south_west":  { "model": "block/rail/rail_corner", "y": 90 },
        "shape=north_west":  { "model": "block/rail/rail_corner", "y": 180 },
        "shape=north_east":  { "model": "block/rail/rail_corner", "y": 270 },

        "shape=ascending_north": { "model": "block/rail/rail_raised" },
        "shape=ascending_east": { "model": "block/rail/rail_raised", "y": 90 },
        "shape=ascending_south": { "model": "block/rail/rail_raised", "y": 180 },
        "shape=ascending_west": { "model": "block/rail/rail_raised", "y": 270 }
    }
}