{
    "comment": "Vanilla 3D",
    "variants": {
        "powered=false,locked=false,facing=south,delay=1": { "model": "block/repeater/repeater_1tick" },
        "powered=false,locked=false,facing=south,delay=2": { "model": "block/repeater/repeater_2tick" },
        "powered=false,locked=false,facing=south,delay=3": { "model": "block/repeater/repeater_3tick" },
        "powered=false,locked=false,facing=south,delay=4": { "model": "block/repeater/repeater_4tick" },
        "powered=false,locked=false,facing=west,delay=1": { "model": "block/repeater/repeater_1tick", "y": 90 },
        "powered=false,locked=false,facing=west,delay=2": { "model": "block/repeater/repeater_2tick", "y": 90 },
        "powered=false,locked=false,facing=west,delay=3": { "model": "block/repeater/repeater_3tick", "y": 90 },
        "powered=false,locked=false,facing=west,delay=4": { "model": "block/repeater/repeater_4tick", "y": 90 },
        "powered=false,locked=false,facing=north,delay=1": { "model": "block/repeater/repeater_1tick", "y": 180 },
        "powered=false,locked=false,facing=north,delay=2": { "model": "block/repeater/repeater_2tick", "y": 180 },
        "powered=false,locked=false,facing=north,delay=3": { "model": "block/repeater/repeater_3tick", "y": 180 },
        "powered=false,locked=false,facing=north,delay=4": { "model": "block/repeater/repeater_4tick", "y": 180 },
        "powered=false,locked=false,facing=east,delay=1": { "model": "block/repeater/repeater_1tick", "y": 270 },
        "powered=false,locked=false,facing=east,delay=2": { "model": "block/repeater/repeater_2tick", "y": 270 },
        "powered=false,locked=false,facing=east,delay=3": { "model": "block/repeater/repeater_3tick", "y": 270 },
        "powered=false,locked=false,facing=east,delay=4": { "model": "block/repeater/repeater_4tick", "y": 270 },
        "powered=false,locked=true,facing=south,delay=1": { "model": "block/repeater/repeater_1tick_locked" },
        "powered=false,locked=true,facing=south,delay=2": { "model": "block/repeater/repeater_2tick_locked" },
        "powered=false,locked=true,facing=south,delay=3": { "model": "block/repeater/repeater_3tick_locked" },
        "powered=false,locked=true,facing=south,delay=4": { "model": "block/repeater/repeater_4tick_locked" },
        "powered=false,locked=true,facing=west,delay=1": { "model": "block/repeater/repeater_1tick_locked", "y": 90 },
        "powered=false,locked=true,facing=west,delay=2": { "model": "block/repeater/repeater_2tick_locked", "y": 90 },
        "powered=false,locked=true,facing=west,delay=3": { "model": "block/repeater/repeater_3tick_locked", "y": 90 },
        "powered=false,locked=true,facing=west,delay=4": { "model": "block/repeater/repeater_4tick_locked", "y": 90 },
        "powered=false,locked=true,facing=north,delay=1": { "model": "block/repeater/repeater_1tick_locked", "y": 180 },
        "powered=false,locked=true,facing=north,delay=2": { "model": "block/repeater/repeater_2tick_locked", "y": 180 },
        "powered=false,locked=true,facing=north,delay=3": { "model": "block/repeater/repeater_3tick_locked", "y": 180 },
        "powered=false,locked=true,facing=north,delay=4": { "model": "block/repeater/repeater_4tick_locked", "y": 180 },
        "powered=false,locked=true,facing=east,delay=1": { "model": "block/repeater/repeater_1tick_locked", "y": 270 },
        "powered=false,locked=true,facing=east,delay=2": { "model": "block/repeater/repeater_2tick_locked", "y": 270 },
        "powered=false,locked=true,facing=east,delay=3": { "model": "block/repeater/repeater_3tick_locked", "y": 270 },
        "powered=false,locked=true,facing=east,delay=4": { "model": "block/repeater/repeater_4tick_locked", "y": 270 },
        "powered=true,locked=false,facing=south,delay=1": { "model": "block/repeater/repeater_1tick_on" },
        "powered=true,locked=false,facing=south,delay=2": { "model": "block/repeater/repeater_2tick_on" },
        "powered=true,locked=false,facing=south,delay=3": { "model": "block/repeater/repeater_3tick_on" },
        "powered=true,locked=false,facing=south,delay=4": { "model": "block/repeater/repeater_4tick_on" },
        "powered=true,locked=false,facing=west,delay=1": { "model": "block/repeater/repeater_1tick_on", "y": 90 },
        "powered=true,locked=false,facing=west,delay=2": { "model": "block/repeater/repeater_2tick_on", "y": 90 },
        "powered=true,locked=false,facing=west,delay=3": { "model": "block/repeater/repeater_3tick_on", "y": 90 },
        "powered=true,locked=false,facing=west,delay=4": { "model": "block/repeater/repeater_4tick_on", "y": 90 },
        "powered=true,locked=false,facing=north,delay=1": { "model": "block/repeater/repeater_1tick_on", "y": 180 },
        "powered=true,locked=false,facing=north,delay=2": { "model": "block/repeater/repeater_2tick_on", "y": 180 },
        "powered=true,locked=false,facing=north,delay=3": { "model": "block/repeater/repeater_3tick_on", "y": 180 },
        "powered=true,locked=false,facing=north,delay=4": { "model": "block/repeater/repeater_4tick_on", "y": 180 },
        "powered=true,locked=false,facing=east,delay=1": { "model": "block/repeater/repeater_1tick_on", "y": 270 },
        "powered=true,locked=false,facing=east,delay=2": { "model": "block/repeater/repeater_2tick_on", "y": 270 },
        "powered=true,locked=false,facing=east,delay=3": { "model": "block/repeater/repeater_3tick_on", "y": 270 },
        "powered=true,locked=false,facing=east,delay=4": { "model": "block/repeater/repeater_4tick_on", "y": 270 },
        "powered=true,locked=true,facing=south,delay=1": { "model": "block/repeater/repeater_1tick_on_locked" },
        "powered=true,locked=true,facing=south,delay=2": { "model": "block/repeater/repeater_2tick_on_locked" },
        "powered=true,locked=true,facing=south,delay=3": { "model": "block/repeater/repeater_3tick_on_locked" },
        "powered=true,locked=true,facing=south,delay=4": { "model": "block/repeater/repeater_4tick_on_locked" },
        "powered=true,locked=true,facing=west,delay=1": { "model": "block/repeater/repeater_1tick_on_locked", "y": 90 },
        "powered=true,locked=true,facing=west,delay=2": { "model": "block/repeater/repeater_2tick_on_locked", "y": 90 },
        "powered=true,locked=true,facing=west,delay=3": { "model": "block/repeater/repeater_3tick_on_locked", "y": 90 },
        "powered=true,locked=true,facing=west,delay=4": { "model": "block/repeater/repeater_4tick_on_locked", "y": 90 },
        "powered=true,locked=true,facing=north,delay=1": { "model": "block/repeater/repeater_1tick_on_locked", "y": 180 },
        "powered=true,locked=true,facing=north,delay=2": { "model": "block/repeater/repeater_2tick_on_locked", "y": 180 },
        "powered=true,locked=true,facing=north,delay=3": { "model": "block/repeater/repeater_3tick_on_locked", "y": 180 },
        "powered=true,locked=true,facing=north,delay=4": { "model": "block/repeater/repeater_4tick_on_locked", "y": 180 },
        "powered=true,locked=true,facing=east,delay=1": { "model": "block/repeater/repeater_1tick_on_locked", "y": 270 },
        "powered=true,locked=true,facing=east,delay=2": { "model": "block/repeater/repeater_2tick_on_locked", "y": 270 },
        "powered=true,locked=true,facing=east,delay=3": { "model": "block/repeater/repeater_3tick_on_locked", "y": 270 },
        "powered=true,locked=true,facing=east,delay=4": { "model": "block/repeater/repeater_4tick_on_locked", "y": 270 }
    }
}