{
    "comment": "Nautilus3D_V1.9_[MC-1.13+]",
    "variants": {
        "hanging=true":	[
            { "model": "block/soul_lantern/soul_lantern_hanging", "weight": 4},
            { "model": "block/soul_lantern/soul_lantern_hanging_alt", "weight": 1}
        ],
        "hanging=false": [
            { "model": "block/soul_lantern/soul_lantern"},
            { "model": "block/soul_lantern/soul_lantern", "y": 90},
            { "model": "block/soul_lantern/soul_lantern", "y": 180},
            { "model": "block/soul_lantern/soul_lantern", "y": 270}
        ]
    }
}
