{
	"credit": "Made with Blockbench",
	"textures": {
		"particle": "block/lectern/lectern_sides",
		"base": "block/lectern/lectern_base",
		"dark_planks": "block/lectern/dark_oak_planks",
		"front": "block/lectern/lectern_front",
		"planks": "block/lectern/oak_planks",
		"sides": "block/lectern/lectern_sides",
		"top": "block/lectern/lectern_top"
	},
	"elements": [
		{
			"from": [0, 0, 0],
			"to": [16, 2, 16],
			"faces": {
				"north": {"uv": [0, 14, 16, 16], "texture": "#base", "cullface": "north"},
				"east": {"uv": [0, 6, 16, 8], "texture": "#base", "cullface": "east"},
				"south": {"uv": [0, 6, 16, 8], "texture": "#base", "cullface": "south"},
				"west": {"uv": [0, 6, 16, 8], "texture": "#base", "cullface": "west"},
				"up": {"uv": [0, 0, 16, 16], "rotation": 180, "texture": "#base"},
				"down": {"uv": [0, 0, 16, 16], "texture": "planks", "cullface": "down"}
			}
		},
		{
			"from": [0.01, 12, 3],
			"to": [15.99, 16, 16],
			"rotation": {"angle": -22.5, "axis": "x", "origin": [8, 8, 8]},
			"faces": {
				"north": {"uv": [0, 0, 16, 4], "texture": "#sides"},
				"east": {"uv": [0, 4, 13, 8], "texture": "#sides"},
				"south": {"uv": [0, 4, 16, 8], "texture": "#sides"},
				"west": {"uv": [0, 4, 13, 8], "texture": "#sides"},
				"up": {"uv": [0, 1, 16, 14], "rotation": 180, "texture": "#top"},
				"down": {"uv": [0, 0, 16, 13], "texture": "planks"}
			}
		},
		{
			"from": [4, 2, 4],
			"to": [12, 3, 12],
			"faces": {
				"north": {"uv": [0, 12, 8, 13], "texture": "#front"},
				"east": {"uv": [14, 16, 15, 8], "rotation": 90, "texture": "#sides"},
				"south": {"uv": [8, 12, 16, 13], "texture": "#front"},
				"west": {"uv": [14, 8, 15, 16], "rotation": 90, "texture": "#sides"},
				"up": {"uv": [4, 8, 12, 16], "texture": "planks"}
			}
		},
		{
			"from": [4, 3, 5],
			"to": [5, 8, 12],
			"faces": {
				"east": {"uv": [8, 10, 16, 15], "texture": "dark_planks"},
				"south": {"uv": [8, 7, 9, 12], "texture": "#front"},
				"west": {"uv": [9, 8, 14, 15], "rotation": 90, "texture": "#sides"}
			}
		},
		{
			"from": [5, 3, 7],
			"to": [11, 8, 12],
			"faces": {
				"north": {"uv": [5, 10, 11, 15], "texture": "dark_planks"},
				"east": {"uv": [0, 0, 5, 5], "texture": "#missing"},
				"south": {"uv": [9, 7, 15, 12], "texture": "#front"},
				"west": {"uv": [0, 0, 5, 5], "texture": "#missing"}
			}
		},
		{
			"from": [11, 3, 5],
			"to": [12, 8, 12],
			"faces": {
				"east": {"uv": [9, 15, 14, 8], "rotation": 90, "texture": "#sides"},
				"south": {"uv": [15, 7, 16, 12], "texture": "#front"},
				"west": {"uv": [0, 10, 8, 15], "texture": "dark_planks"}
			}
		},
		{
			"from": [4, 8, 4],
			"to": [12, 15, 12],
			"faces": {
				"north": {"uv": [0, 0, 8, 7], "texture": "#front"},
				"east": {"uv": [2, 16, 9, 8], "rotation": 90, "texture": "#sides"},
				"south": {"uv": [8, 0, 16, 7], "texture": "#front"},
				"west": {"uv": [2, 8, 9, 16], "rotation": 90, "texture": "#sides"},
				"down": {"uv": [4, 7, 12, 15], "texture": "planks"}
			}
		},
		{
			"from": [5, 3, 4.45],
			"to": [6, 6, 7],
			"faces": {
				"north": {"uv": [6, 9, 7, 12], "texture": "#front"},
				"up": {"uv": [7, 9, 6, 10], "texture": "#front"}
			}
		},
		{
			"from": [6, 3, 4.3],
			"to": [8, 7, 7],
			"faces": {
				"north": {"uv": [4, 8, 6, 12], "texture": "#front"},
				"east": {"uv": [4, 8, 5, 12], "texture": "#front"},
				"west": {"uv": [5, 8, 6, 12], "texture": "#front"},
				"up": {"uv": [6, 8, 4, 9], "texture": "#front"}
			}
		},
		{
			"from": [8, 3, 4.55],
			"to": [10, 7, 7],
			"faces": {
				"north": {"uv": [2, 8, 4, 12], "texture": "#front"},
				"up": {"uv": [2, 8, 4, 9], "texture": "#front"}
			}
		},
		{
			"from": [10, 3, 4.25],
			"to": [11, 7, 7],
			"faces": {
				"north": {"uv": [1, 8, 2, 12], "texture": "#front"},
				"west": {"uv": [1, 8, 2, 12], "texture": "#front"},
				"up": {"uv": [1, 8, 2, 9], "texture": "#front"}
			}
		},
		{
			"from": [4, 3, 4],
			"to": [5, 8, 5],
			"faces": {
				"north": {"uv": [7, 7, 8, 12], "texture": "#front"},
				"east": {"uv": [7, 7, 8, 12], "texture": "#front"},
				"west": {"uv": [6, 15, 11, 16], "rotation": 90, "texture": "#sides"}
			}
		},
		{
			"from": [11, 3, 4],
			"to": [12, 8, 5],
			"faces": {
				"north": {"uv": [7, 7, 8, 12], "texture": "#front"},
				"east": {"uv": [7, 7, 8, 12], "texture": "#front"},
				"west": {"uv": [6, 15, 11, 16], "rotation": 90, "texture": "#sides"}
			}
		}
	],
	"display": {
		"firstperson_righthand": {
			"rotation": [0, 135, 0],
			"scale": [0.4, 0.4, 0.4]
		}
	}
}