{
	"__comment":"Designed by GeForceLegend",
	"ambientocclusion":false,
	"textures":{
		"particle":"warped_trapdoor/warped_trapdoor",
		"layer0":"warped_trapdoor/warped_trapdoor",
		"layer1":"warped_trapdoor/warped_trapdoor1",
		"layer2":"warped_trapdoor/warped_trapdoor2"
	},
	"elements":[
		{
			"from":[3,13,13],
			"to":[13,16,16],
			"faces":{
				"north":{"uv":[3,0,13,3],"texture":"#layer0"},
				"south":{"uv":[13,0,3,3],"texture":"#layer0","cullface":"south"},
				"up":{"uv":[13,0,3,3],"texture":"#layer1","cullface":"up"},
				"down":{"uv":[13,3,3,6],"texture":"#layer1"}
			}
		},
		{
			"from":[3,0,13],
			"to":[13,3,16],
			"faces":{
				"north":{"uv":[3,13,13,16],"texture":"#layer0"},
				"south":{"uv":[13,13,3,16],"texture":"#layer0","cullface":"south"},
				"up":{"uv":[13,10,3,13],"texture":"#layer1"},
				"down":{"uv":[13,13,3,16],"texture":"#layer1","cullface":"down"}
			}
		},
		{
			"from":[13,0,13],
			"to":[16,16,16],
			"faces":{
				"north":{"uv":[0,0,3,16],"texture":"#layer0"},
				"east":{"uv":[3,0,0,16],"texture":"#layer2","cullface":"east"},
				"south":{"uv":[3,0,0,16],"texture":"#layer0","cullface":"south"},
				"west":{"uv":[6,0,3,16],"texture":"#layer2"},
				"up":{"uv":[3,0,0,3],"texture":"#layer1","cullface":"up"},
				"down":{"uv":[3,13,0,16],"texture":"#layer1","cullface":"down"}
			}
		},
		{
			"from":[0,0,13],
			"to":[3,16,16],
			"faces":{
				"north":{"uv":[13,0,16,16],"texture":"#layer0"},
				"east":{"uv":[13,0,10,16],"texture":"#layer2"},
				"south":{"uv":[16,0,13,16],"texture":"#layer0","cullface":"south"},
				"west":{"uv":[16,0,13,16],"texture":"#layer2","cullface":"west"},
				"up":{"uv":[16,0,13,3],"texture":"#layer1","cullface":"up"},
				"down":{"uv":[16,13,13,16],"texture":"#layer1","cullface":"down"}
			}
		},
		{
			"from":[12,8,14],
			"to":[13,10,15],
			"faces":{
				"north":{"uv":[3,6,4,8],"texture":"#layer0"},
				"south":{"uv":[4,6,3,8],"texture":"#layer0","cullface":"south"},
				"west":{"uv":[4,6,3,8],"texture":"#layer0"},
				"up":{"uv":[3,6,4,7],"texture":"#layer0"},
				"down":{"uv":[4,7,3,8],"texture":"#layer0"}
			}
		},
		{
			"from":[10,11,14],
			"to":[12,13,15],
			"faces":{
				"north":{"uv":[4,3,6,5],"texture":"#layer0"},
				"east":{"uv":[5,3,4,5],"texture":"#layer0"},
				"south":{"uv":[6,3,4,5],"texture":"#layer0","cullface":"south"},
				"west":{"uv":[6,3,5,5],"texture":"#layer0"},
				"down":{"uv":[6,4,4,5],"texture":"#layer0"}
			}
		},
		{
			"from":[10,10,14],
			"to":[11,11,15],
			"faces":{
				"north":{"uv":[5,6,6,5],"texture":"#layer0"},
				"east":{"uv":[6,6,5,5],"texture":"#layer0"},
				"south":{"uv":[6,5,5,6],"texture":"#layer0","cullface":"south"},
				"down":{"uv":[6,5,5,6],"texture":"#layer0"}
			}
		},
		{
			"from":[9,6,14],
			"to":[10,12,15],
			"faces":{
				"north":{"uv":[6,4,7,10],"texture":"#layer0"},
				"east":{"uv":[7,4,6,10],"texture":"#layer0"},
				"south":{"uv":[7,4,6,10],"texture":"#layer0","cullface":"south"},
				"west":{"uv":[7,4,6,10],"texture":"#layer0"},
				"up":{"uv":[6,4,7,5],"texture":"#layer0"},
				"down":{"uv":[7,9,6,10],"texture":"#layer0"}
			}
		},
		{
			"from":[10,3,14],
			"to":[12,7,15],
			"faces":{
				"north":{"uv":[4,9,6,13],"texture":"#layer0"},
				"east":{"uv":[5,9,4,13],"texture":"#layer0"},
				"south":{"uv":[6,9,4,13],"texture":"#layer0","cullface":"south"},
				"west":{"uv":[6,9,5,13],"texture":"#layer0"},
				"up":{"uv":[6,9,4,10],"texture":"#layer0"}
			}
		},
		{
			"from":[10,7,14],
			"to":[11,8,15],
			"faces":{
				"north":{"uv":[5,9,6,8],"texture":"#layer0"},
				"east":{"uv":[6,9,5,8],"texture":"#layer0"},
				"south":{"uv":[6,8,5,9],"texture":"#layer0","cullface":"south"},
				"up":{"uv":[5,8,6,9],"texture":"#layer0"}
			}
		},
		{
			"from":[5,12,14],
			"to":[8,13,15],
			"faces":{
				"north":{"uv":[8,4,11,3],"texture":"#layer0"},
				"east":{"uv":[9,4,8,3],"texture":"#layer0"},
				"south":{"uv":[11,3,8,4],"texture":"#layer0","cullface":"south"},
				"west":{"uv":[10,4,11,3],"rotation":270,"texture":"#layer0"},
				"down":{"uv":[11,3,8,4],"texture":"#layer0"}
			}
		},
		{
			"from":[6,9,14],
			"to":[7,12,15],
			"faces":{
				"north":{"uv":[9,4,10,7],"texture":"#layer0"},
				"east":{"uv":[10,4,9,7],"texture":"#layer0"},
				"south":{"uv":[10,4,9,7],"texture":"#layer0","cullface":"south"},
				"west":{"uv":[10,4,9,7],"texture":"#layer0"},
				"down":{"uv":[10,6,9,7],"texture":"#layer0"}
			}
		},
		{
			"from":[5,4,14],
			"to":[6,11,15],
			"faces":{
				"north":{"uv":[10,5,11,12],"texture":"#layer0"},
				"east":{"uv":[11,5,10,12],"texture":"#layer0"},
				"south":{"uv":[11,5,10,12],"texture":"#layer0","cullface":"south"},
				"west":{"uv":[11,5,10,12],"texture":"#layer0"},
				"up":{"uv":[10,5,11,6],"texture":"#layer0"},
				"down":{"uv":[11,11,10,12],"texture":"#layer0"}
			}
		},
		{
			"from":[6,3,14],
			"to":[7,6,15],
			"faces":{
				"north":{"uv":[9,10,10,13],"texture":"#layer0"},
				"east":{"uv":[10,10,9,13],"texture":"#layer0"},
				"south":{"uv":[10,10,9,13],"texture":"#layer0","cullface":"south"},
				"west":{"uv":[10,10,9,13],"texture":"#layer0"},
				"up":{"uv":[9,10,10,11],"texture":"#layer0"}
			}
		},
		{
			"from":[4,3,14],
			"to":[5,4,15],
			"faces":{
				"north":{"uv":[11,13,12,12],"texture":"#layer0"},
				"east":{"uv":[12,13,11,12],"texture":"#layer0"},
				"south":{"uv":[12,12,11,13],"texture":"#layer0","cullface":"south"},
				"west":{"uv":[11,13,12,12],"rotation":270,"texture":"#layer0"},
				"up":{"uv":[11,12,12,13],"texture":"#layer0"}
			}
		},
		{
			"from":[3,6,14],
			"to":[4,11,15],
			"faces":{
				"north":{"uv":[12,5,13,10],"texture":"#layer0"},
				"east":{"uv":[13,5,12,10],"texture":"#layer0"},
				"south":{"uv":[13,5,12,10],"texture":"#layer0","cullface":"south"},
				"up":{"uv":[12,5,13,6],"texture":"#layer0"},
				"down":{"uv":[13,9,12,10],"texture":"#layer0"}
			}
		}
	]
}