{
	"credit": "Made by TheWaschtlPlays using Blockbench",
	"textures": {
		"particle": "block/stonecutter/stonecutter_bottom",
		"bottom": "block/stonecutter/stonecutter_bottom",
		"saw": "block/stonecutter/stonecutter_saw",
		"side": "block/stonecutter/stonecutter_side",
		"top": "block/stonecutter/stonecutter_top"
	},
	"elements": [
		{
			"name": "base_top_bottom",
			"from": [1, 0.5, 1],
			"to": [15, 8, 15],
			"faces": {
				"up": {"uv": [1, 1, 15, 15], "texture": "#top"},
				"down": {"uv": [1, 1, 15, 15], "texture": "#bottom", "cullface": "down"}
			}
		},
		{
			"name": "base_middle",
			"from": [0.5, 1, 0.5],
			"to": [15.5, 6, 15.5],
			"faces": {
				"north": {"uv": [0.5, 11, 15.5, 16], "texture": "#side", "cullface": "north"},
				"east": {"uv": [0.5, 11, 15.5, 16], "texture": "#side", "cullface": "east"},
				"south": {"uv": [0.5, 11, 15.5, 16], "texture": "#side", "cullface": "south"},
				"west": {"uv": [0.5, 11, 15.5, 16], "texture": "#side", "cullface": "west"}
			}
		},
		{
			"from": [2, 8, 7.625],
			"to": [14, 13, 8.375],
			"faces": {
				"north": {"uv": [2, 11, 14, 16], "texture": "#saw"},
				"east": {"uv": [2, 11, 2.5, 16], "texture": "#saw"},
				"south": {"uv": [14, 11, 2, 16], "texture": "#saw"},
				"west": {"uv": [13.5, 11, 14, 16], "texture": "#saw"},
				"up": {"uv": [14, 11, 2, 11.5], "texture": "#saw"}
			}
		},
		{
			"from": [3, 13, 7.625],
			"to": [13, 14, 8.375],
			"faces": {
				"north": {"uv": [3, 10, 13, 11], "texture": "#saw"},
				"east": {"uv": [3, 10, 3.5, 11], "texture": "#saw"},
				"south": {"uv": [13, 10, 3, 11], "texture": "#saw"},
				"west": {"uv": [12.5, 10, 13, 11], "texture": "#saw"},
				"up": {"uv": [13, 10, 3, 10.5], "texture": "#saw"}
			}
		},
		{
			"from": [5, 14, 7.625],
			"to": [11, 15, 8.375],
			"faces": {
				"north": {"uv": [5, 9, 11, 10], "texture": "#saw"},
				"east": {"uv": [5, 9, 5.5, 10], "texture": "#saw"},
				"south": {"uv": [11, 9, 5, 10], "texture": "#saw"},
				"west": {"uv": [10.5, 9, 11, 10], "texture": "#saw"},
				"up": {"uv": [11, 9, 5, 9.5], "texture": "#saw"}
			}
		},
		{
			"from": [1, 8, 7.625],
			"to": [2, 11, 8.375],
			"faces": {
				"north": {"uv": [14, 13, 15, 16], "texture": "#saw"},
				"south": {"uv": [15, 13, 14, 16], "texture": "#saw"},
				"west": {"uv": [14.5, 13, 15, 16], "texture": "#saw"},
				"up": {"uv": [15, 13, 14, 13.5], "texture": "#saw"}
			}
		},
		{
			"from": [14, 8, 7.625],
			"to": [15, 11, 8.375],
			"faces": {
				"north": {"uv": [1, 13, 2, 16], "texture": "#saw"},
				"east": {"uv": [1, 13, 1.5, 16], "texture": "#saw"},
				"south": {"uv": [2, 13, 1, 16], "texture": "#saw"},
				"up": {"uv": [2, 13, 1, 13.5], "texture": "#saw"}
			}
		},
		{
			"name": "post_nw",
			"from": [0, -0.01, 0],
			"to": [3, 8.99, 3],
			"faces": {
				"north": {"uv": [0, 7, 3, 16], "texture": "#side", "cullface": "north"},
				"east": {"uv": [0, 7, 3, 16], "texture": "#side"},
				"south": {"uv": [0, 7, 3, 16], "texture": "#side"},
				"west": {"uv": [0, 7, 3, 16], "texture": "#side", "cullface": "west"},
				"up": {"uv": [0, 7, 3, 10], "rotation": 270, "texture": "#side"},
				"down": {"uv": [0, 8, 3, 11], "texture": "#side", "cullface": "down"}
			}
		},
		{
			"name": "post_ne",
			"from": [13, -0.01, 0],
			"to": [16, 8.99, 3],
			"faces": {
				"north": {"uv": [0, 7, 3, 16], "texture": "#side", "cullface": "north"},
				"east": {"uv": [0, 7, 3, 16], "texture": "#side", "cullface": "east"},
				"south": {"uv": [0, 7, 3, 16], "texture": "#side"},
				"west": {"uv": [0, 7, 3, 16], "texture": "#side"},
				"up": {"uv": [13, 7, 16, 10], "texture": "#side"},
				"down": {"uv": [0, 8, 3, 11], "texture": "#side", "cullface": "down"}
			}
		},
		{
			"name": "post_sw",
			"from": [0, -0.01, 13],
			"to": [3, 8.99, 16],
			"faces": {
				"north": {"uv": [0, 7, 3, 16], "texture": "#side"},
				"east": {"uv": [0, 7, 3, 16], "texture": "#side"},
				"south": {"uv": [0, 7, 3, 16], "texture": "#side", "cullface": "south"},
				"west": {"uv": [0, 7, 3, 16], "texture": "#side", "cullface": "west"},
				"up": {"uv": [0, 7, 3, 10], "rotation": 180, "texture": "#side"},
				"down": {"uv": [0, 8, 3, 11], "texture": "#side", "cullface": "down"}
			}
		},
		{
			"name": "post_se",
			"from": [13, -0.01, 13],
			"to": [16, 8.99, 16],
			"faces": {
				"north": {"uv": [0, 7, 3, 16], "texture": "#side"},
				"east": {"uv": [0, 7, 3, 16], "texture": "#side", "cullface": "east"},
				"south": {"uv": [0, 7, 3, 16], "texture": "#side", "cullface": "south"},
				"west": {"uv": [0, 7, 3, 16], "texture": "#side"},
				"up": {"uv": [13, 7, 16, 10], "rotation": 90, "texture": "#side"},
				"down": {"uv": [0, 8, 3, 11], "texture": "#side", "cullface": "down"}
			}
		},
		{
			"name": "frame_top_north",
			"from": [3, 6, 0],
			"to": [13, 8, 1],
			"faces": {
				"north": {"uv": [3, 9, 13, 11], "texture": "#side", "cullface": "north"},
				"up": {"uv": [3, 9, 13, 10], "texture": "#side"},
				"down": {"uv": [3, 9, 13, 10], "texture": "#side", "cullface": "north"}
			}
		},
		{
			"name": "frame_top_east",
			"from": [15, 6, 3],
			"to": [16, 8, 13],
			"faces": {
				"east": {"uv": [3, 9, 13, 11], "texture": "#side", "cullface": "east"},
				"up": {"uv": [3, 9, 13, 10], "rotation": 90, "texture": "#side"},
				"down": {"uv": [3, 9, 13, 10], "rotation": 90, "texture": "#side", "cullface": "east"}
			}
		},
		{
			"name": "frame_top_south",
			"from": [3, 6, 15],
			"to": [13, 8, 16],
			"faces": {
				"south": {"uv": [3, 9, 13, 11], "texture": "#side", "cullface": "south"},
				"up": {"uv": [3, 9, 13, 10], "texture": "#side"},
				"down": {"uv": [3, 9, 13, 10], "texture": "#side", "cullface": "south"}
			}
		},
		{
			"name": "frame_top_west",
			"from": [0, 6, 3],
			"to": [1, 8, 13],
			"faces": {
				"west": {"uv": [3, 9, 13, 11], "texture": "#side", "cullface": "west"},
				"up": {"uv": [3, 9, 13, 10], "rotation": 90, "texture": "#side"},
				"down": {"uv": [3, 9, 13, 10], "rotation": 90, "texture": "#side", "cullface": "west"}
			}
		},
		{
			"name": "frame_bottom_north",
			"from": [3, 0, 0],
			"to": [13, 1, 1],
			"faces": {
				"north": {"uv": [3, 9, 13, 10], "texture": "#side", "cullface": "north"},
				"south": {"uv": [3, 9, 13, 10], "texture": "#side", "cullface": "down"},
				"up": {"uv": [3, 9, 13, 10], "texture": "#side", "cullface": "north"},
				"down": {"uv": [3, 9, 13, 10], "texture": "#side", "cullface": "down"}
			}
		},
		{
			"name": "frame_bottom_east",
			"from": [15, 0, 3],
			"to": [16, 1, 13],
			"faces": {
				"east": {"uv": [3, 9, 13, 10], "texture": "#side", "cullface": "east"},
				"west": {"uv": [3, 9, 13, 10], "texture": "#side", "cullface": "down"},
				"up": {"uv": [3, 9, 13, 10], "rotation": 90, "texture": "#side", "cullface": "east"},
				"down": {"uv": [3, 9, 13, 10], "rotation": 90, "texture": "#side", "cullface": "down"}
			}
		},
		{
			"name": "frame_bottom_south",
			"from": [3, 0, 15],
			"to": [13, 1, 16],
			"faces": {
				"north": {"uv": [3, 9, 13, 10], "texture": "#side", "cullface": "down"},
				"south": {"uv": [3, 9, 13, 10], "texture": "#side", "cullface": "south"},
				"up": {"uv": [3, 9, 13, 10], "texture": "#side", "cullface": "south"},
				"down": {"uv": [3, 9, 13, 10], "texture": "#side", "cullface": "down"}
			}
		},
		{
			"name": "frame_bottom_west",
			"from": [0, 0, 3],
			"to": [1, 1, 13],
			"faces": {
				"east": {"uv": [3, 9, 13, 10], "texture": "#side", "cullface": "down"},
				"west": {"uv": [3, 9, 13, 10], "texture": "#side", "cullface": "west"},
				"up": {"uv": [3, 9, 13, 10], "rotation": 90, "texture": "#side", "cullface": "west"},
				"down": {"uv": [3, 9, 13, 10], "rotation": 90, "texture": "#side", "cullface": "down"}
			}
		}
	],
	"display": {
		"thirdperson_righthand": {
			"rotation": [75, 45, 0],
			"translation": [0, 2.5, 0],
			"scale": [0.375, 0.375, 0.375]
		},
		"thirdperson_lefthand": {
			"rotation": [75, 45, 0],
			"translation": [0, 2.5, 0],
			"scale": [0.375, 0.375, 0.375]
		},
		"firstperson_righthand": {
			"rotation": [0, 45, 0],
			"scale": [0.4, 0.4, 0.4]
		},
		"firstperson_lefthand": {
			"rotation": [0, 225, 0],
			"scale": [0.4, 0.4, 0.4]
		},
		"ground": {
			"translation": [0, 3, 0],
			"scale": [0.25, 0.25, 0.25]
		},
		"gui": {
			"rotation": [30, 225, 0],
			"scale": [0.625, 0.625, 0.625]
		},
		"fixed": {
			"scale": [0.5, 0.5, 0.5]
		}
	},
	"groups": [
		0,
		1,
		{
			"name": "saw",
			"origin": [0, 0, 0],
			"color": 0,
			"children": [2, 3, 4, 5, 6]
		},
		{
			"name": "frame",
			"origin": [8, 8, 8],
			"color": 0,
			"children": [7, 8, 9, 10, 11, 12, 13, 14, 15, 16, 17, 18]
		}
	]
}