{
    "credit": "Made by TheWaschtlPlays using Blockbench",
    "textures": {
        "cobblestone": "block/stonecutter/cobblestone"
    },
    "elements": [
        {
            "name": "Bits",
            "from": [5, 8, 11],
            "to": [6, 8.25, 13],
            "rotation": {"angle": 22.5, "axis": "y", "origin": [8, 8, 8]},
            "faces": {
                "north": {"uv": [8, 8, 9, 8.25], "texture": "#cobblestone"},
                "east": {"uv": [7, 8, 9, 8.5], "texture": "#cobblestone"},
                "south": {"uv": [8, 8, 9, 8.25], "texture": "#cobblestone"},
                "west": {"uv": [8, 10, 10, 10.5], "texture": "#cobblestone"},
                "up": {"uv": [10, 7, 11, 9], "texture": "#cobblestone"}
            }
        },
        {
            "name": "Bits",
            "from": [6, 8, 4],
            "to": [8, 9, 6],
            "rotation": {"angle": -22.5, "axis": "y", "origin": [8, 8, 8]},
            "faces": {
                "north": {"uv": [2, 2, 4, 3], "texture": "#cobblestone"},
                "east": {"uv": [3, 2, 5, 3], "texture": "#cobblestone"},
                "south": {"uv": [6, 5, 8, 6], "texture": "#cobblestone"},
                "west": {"uv": [5, 4, 7, 5], "texture": "#cobblestone"},
                "up": {"uv": [4, 4, 6, 6], "texture": "#cobblestone"}
            }
        },
        {
            "name": "Bits",
            "from": [5, 8, 4],
            "to": [6, 8.75, 5],
            "rotation": {"angle": -22.5, "axis": "y", "origin": [8, 8, 8]},
            "faces": {
                "north": {"uv": [4, 6, 5, 6.75], "texture": "#cobblestone"},
                "south": {"uv": [7, 7, 8, 8], "texture": "#cobblestone"},
                "west": {"uv": [6, 5, 7, 6], "texture": "#cobblestone"},
                "up": {"uv": [5, 5, 6, 6], "texture": "#cobblestone"}
            }
        },
        {
            "name": "Bits",
            "from": [4, 8, 4],
            "to": [5, 8.5, 5],
            "faces": {
                "north": {"uv": [4, 5, 5, 5.5], "texture": "#cobblestone"},
                "east": {"uv": [6, 4, 7, 4.5], "texture": "#cobblestone"},
                "south": {"uv": [5, 6, 6, 6.5], "texture": "#cobblestone"},
                "west": {"uv": [4, 8, 5, 8.5], "texture": "#cobblestone"},
                "up": {"uv": [6, 5, 7, 6], "texture": "#cobblestone"}
            }
        },
        {
            "name": "Bits",
            "from": [6, 8, 3.5],
            "to": [7.5, 8.5, 4.5],
            "rotation": {"angle": -22.5, "axis": "y", "origin": [8, 8, 8]},
            "faces": {
                "north": {"uv": [4, 5, 5.5, 5.5], "texture": "#cobblestone"},
                "east": {"uv": [6, 4, 7, 4.5], "texture": "#cobblestone"},
                "west": {"uv": [4, 8, 5, 8.5], "texture": "#cobblestone"},
                "up": {"uv": [6, 5, 7.5, 6], "texture": "#cobblestone"}
            }
        },
        {
            "name": "Bits",
            "from": [6, 8, 11],
            "to": [7, 8.5, 13],
            "faces": {
                "north": {"uv": [4, 5, 5, 5.5], "texture": "#cobblestone"},
                "east": {"uv": [4, 5, 6, 5.5], "texture": "#cobblestone"},
                "south": {"uv": [5, 5, 6, 5.5], "texture": "#cobblestone"},
                "west": {"uv": [5, 8, 7, 8.5], "texture": "#cobblestone"},
                "up": {"uv": [6, 5, 7, 7], "texture": "#cobblestone"}
            }
        }
    ],
    "display": {
        "thirdperson_righthand": {
            "rotation": [75, 315, 0],
            "translation": [0, 2.5, 0],
            "scale": [0.375, 0.375, 0.375]
        },
        "firstperson_righthand": {
            "rotation": [0, 315, 0],
            "translation": [0, 2.5, 0],
            "scale": [0.4, 0.4, 0.4]
        },
        "ground": {
            "translation": [0, 3, 0],
            "scale": [0.25, 0.25, 0.25]
        },
        "gui": {
            "rotation": [30, 45, 0],
            "scale": [0.625, 0.625, 0.625]
        },
        "head": {
            "rotation": [0, 180, 0]
        },
        "fixed": {
            "rotation": [0, 180, 0]
        }
    },
    "groups": [
        {
            "name": "Bits",
            "origin": [8, 8, 8],
            "children": [0, 1, 2, 3, 4, 5]
        }
    ]
}